Date,Open,High,Low,Close,Volume
2018-01-02 00:00:00-05:00,39.93399025163347,40.43621588001568,39.722771657019194,40.42682647705078,102223600
2018-01-03 00:00:00-05:00,40.490190741195256,40.964255303118776,40.35642219303837,40.41978454589844,118071600
2018-01-04 00:00:00-05:00,40.49253559819918,40.71079444172855,40.3845825374921,40.6075325012207,89738400
2018-01-05 00:00:00-05:00,40.70375823200148,41.156698465850205,40.61223124489687,41.06986618041992,94640000
2018-01-08 00:00:00-05:00,40.917320251464844,41.213021983305815,40.8187494265099,40.917320251464844,82271200
2018-01-09 00:00:00-05:00,40.9642629693383,41.083951017036306,40.69672224194802,40.91263198852539,86336000
2018-01-10 00:00:00-05:00,40.63804105355738,40.90558171547584,40.6004906074266,40.90323257446289,95839600
2018-01-11 00:00:00-05:00,40.97363356641674,41.18485211334439,40.950167226318456,41.13556671142578,74670800
2018-01-12 00:00:00-05:00,41.34679198028473,41.62372207810548,41.22240924564743,41.56035614013672,101672400
2018-01-16 00:00:00-05:00,41.750445557703614,42.100127375338886,41.33740139041563,41.34913635253906,118263600
2018-01-17 00:00:00-05:00,41.339743036563114,42.067267647244755,41.08628649993311,42.032066345214844,137547200
2018-01-18 00:00:00-05:00,42.09542607592508,42.26674861785587,41.83258015439757,42.069610595703125,124773600
2018-01-19 00:00:00-05:00,41.91707157358285,42.14471622089114,41.63545040010063,41.88187026977539,129700400
2018-01-22 00:00:00-05:00,41.60963653804508,41.72228429562512,41.44535781219759,41.53923034667969,108434400
2018-01-23 00:00:00-05:00,41.609634869826934,42.11186042928691,41.49698711676318,41.548614501953125,130756400
2018-01-24 00:00:00-05:00,41.59789373731901,41.60962869716986,40.64741928551174,40.88679885864258,204420400
2018-01-25 00:00:00-05:00,40.954856156954406,41.058118074688274,40.02081135919201,40.15692901611328,166116000
2018-01-26 00:00:00-05:00,40.36580561399968,40.36580561399968,39.91051630329917,40.25080871582031,156572000
2018-01-29 00:00:00-05:00,39.93399650983338,39.93399650983338,39.20882079099787,39.41769027709961,202561600
2018-01-30 00:00:00-05:00,38.84739402787731,39.279213415752686,38.6526051170296,39.185340881347656,184192800
2018-01-31 00:00:00-05:00,39.161877625713345,39.53033472705951,39.07504533755253,39.29330062866211,129915600
2018-02-01 00:00:00-05:00,39.23226933199359,39.57256167767225,39.13604767574447,39.37542724609375,188923200
2018-02-02 00:00:00-05:00,38.957702208902234,39.145450887556414,37.57306241821802,37.666934967041016,346375200
2018-02-05 00:00:00-05:00,37.33837313664764,38.46016679577537,36.61084843408011,36.72584533691406,290954000
2018-02-06 00:00:00-05:00,36.33626920112963,38.422618146423986,36.141480273828954,38.260684967041016,272975200
2018-02-07 00:00:00-05:00,38.27475571700199,38.34750745588523,37.33132509011948,37.44162368774414,206434400
2018-02-08 00:00:00-05:00,37.617645907713495,37.784273783894626,36.38320446331554,36.4113655090332,217562000
2018-02-09 00:00:00-05:00,37.012255851452416,37.205480239983814,35.40282207384346,36.85673141479492,282690400
2018-02-12 00:00:00-05:00,37.34922082039222,38.61932982623296,37.115934171953185,38.34127426147461,243278000
2018-02-13 00:00:00-05:00,38.162181041249156,38.82197866638515,38.09148779648319,38.725364685058594,130196800
2018-02-14 00:00:00-05:00,38.419036001031955,39.47942405993743,38.381336047155465,39.43936538696289,162579600
2018-02-15 00:00:00-05:00,40.009607831667644,40.787226261286364,39.82345244667649,40.76366424560547,204588800
2018-02-16 00:00:00-05:00,40.615213184598545,41.19489348609223,40.47618541158448,40.63170623779297,160704400
2018-02-20 00:00:00-05:00,40.542157072513376,41.06292323997305,40.393701644077545,40.49502944946289,135722000
2018-02-21 00:00:00-05:00,40.72596553556844,41.029941821835656,40.29709580939052,40.31123733520508,149886400
2018-02-22 00:00:00-05:00,40.48325628570477,40.98988464646129,40.4620493896228,40.6482048034668,123967600
2018-02-23 00:00:00-05:00,40.92391193573638,41.39048170392465,40.89327735042211,41.35513687133789,135249600
2018-02-26 00:00:00-05:00,41.55542177090116,42.27177106953291,41.52243207153538,42.17280197143555,152648800
2018-02-27 00:00:00-05:00,42.20344004173933,42.52862322080652,41.98193621525677,42.0361328125,155712400
2018-02-28 00:00:00-05:00,42.24114660695772,42.56161958993118,41.956022050373114,41.97251510620117,151128400
2018-03-01 00:00:00-05:00,42.071482652551495,42.36367975995876,40.685911403717476,41.23731231689453,195208000
2018-03-02 00:00:00-05:00,40.71889500639775,41.54364112911457,40.63641895588297,41.52243423461914,153816000
2018-03-05 00:00:00-05:00,41.28680004196734,41.88297348928554,41.12420662986085,41.66618347167969,113605600
2018-03-06 00:00:00-05:00,41.92302977255187,42.00314711448065,41.50358769350333,41.63083267211914,95154000
2018-03-07 00:00:00-05:00,41.223170240688404,41.43760510612376,41.065290692306476,41.24437713623047,126814000
2018-03-08 00:00:00-05:00,41.35040428680694,41.736856528903935,41.25379392298792,41.69444274902344,95096400
2018-03-09 00:00:00-05:00,41.93481096207728,42.41551859070438,41.80049342731485,42.410804748535156,128740800
2018-03-12 00:00:00-04:00,42.48384270720596,42.9786917410308,42.46499453436573,42.8208122253418,128828400
2018-03-13 00:00:00-04:00,43.02583138817519,43.24026626913157,42.23643358912816,42.408451080322266,126774000
2018-03-14 00:00:00-04:00,42.49093563833672,42.53806328424649,41.899472356001084,42.04792785644531,117473600
2018-03-15 00:00:00-04:00,42.062052026621785,42.47206996264461,41.96072780085272,42.09739685058594,90975200
2018-03-16 00:00:00-04:00,42.09739211666312,42.208144013440204,41.85468143111522,41.94894027709961,157618800
2018-03-19 00:00:00-04:00,41.784003706662105,41.81934853673094,40.92155389689894,41.308006286621094,133787200
2018-03-20 00:00:00-04:00,41.293853759765625,41.66145424499087,41.22316052900529,41.293853759765625,78597600
2018-03-21 00:00:00-04:00,41.24673482523115,41.25851763313457,40.3560092009763,40.358367919921875,148219600
2018-03-22 00:00:00-04:00,40.0591030669939,40.690621318863954,39.72920600939137,39.788116455078125,165963200
2018-03-23 00:00:00-04:00,39.679712086140285,40.04024365734224,38.86674880981445,38.86674880981445,164115200
2018-03-26 00:00:00-04:00,39.604310813954555,40.7895885337609,39.22021360925439,40.71182632446289,150164800
2018-03-27 00:00:00-04:00,40.92626059766083,41.27265428475455,39.33332353816898,39.66793441772461,163690400
2018-03-28 00:00:00-04:00,39.41109379549831,40.0638226337398,38.92567222897971,39.22964859008789,166674000
2018-03-29 00:00:00-04:00,39.54304156007836,40.47147063196925,39.328606704264416,39.535972595214844,153594000
2018-04-02 00:00:00-04:00,39.26733982838251,39.80931655528173,38.755997678604295,39.276763916015625,150347200
2018-04-03 00:00:00-04:00,39.5029866878017,39.76454919969513,38.85261668864338,39.679718017578125,121112000
2018-04-04 00:00:00-04:00,38.85260509525929,40.53272799064838,38.82668436413568,40.438472747802734,138422000
2018-04-05 00:00:00-04:00,40.66704967621141,41.05585708750964,40.54922881271408,40.71889114379883,107732800
2018-04-06 00:00:00-04:00,40.287675700962644,40.64349349687593,39.63494695894709,39.677364349365234,140021200
2018-04-09 00:00:00-04:00,40.030814601514955,40.787222472466695,40.02374563790659,40.07087326049805,116070800
2018-04-10 00:00:00-04:00,40.766017853267606,41.001659574962794,40.419624234727095,40.824928283691406,113634400
2018-04-11 00:00:00-04:00,40.58457737140923,40.98281250200534,40.45968753224815,40.634063720703125,89726400
2018-04-12 00:00:00-04:00,40.86264284289436,41.23731241849354,40.77545293733876,41.03466033935547,91557200
2018-04-13 00:00:00-04:00,41.18546597346766,41.43524566042456,40.96632086549492,41.173683166503906,100497200
2018-04-16 00:00:00-04:00,41.24438296118362,41.517728305467955,41.197255321453866,41.4305419921875,86313600
2018-04-17 00:00:00-04:00,41.588416552068885,42.16573815931842,41.56956477932666,42.000789642333984,106421600
2018-04-18 00:00:00-04:00,41.89945569390821,42.137456143861954,41.68031060955087,41.906524658203125,83018000
2018-04-19 00:00:00-04:00,40.94510518817356,41.32920235376922,40.685901445843875,40.71889114379883,139235200
2018-04-20 00:00:00-04:00,40.200485296171784,40.34658203533058,38.98221424490033,39.05055236816406,261964400
2018-04-23 00:00:00-04:00,39.31212769234601,39.3333345945109,38.66646777121218,38.93745803833008,146062000
2018-04-24 00:00:00-04:00,39.03878231138364,39.19430678518443,37.99017686640988,38.39548110961914,134768000
2018-04-25 00:00:00-04:00,38.32006392000796,38.979861602588485,38.27058116128908,38.562774658203125,113528400
2018-04-26 00:00:00-04:00,38.67352072228766,39.05290406264706,38.49678941955392,38.697086334228516,111852000
2018-04-27 00:00:00-04:00,38.64525469730407,38.72301692176556,37.85114299222857,38.2493782043457,142623200
2018-04-30 00:00:00-04:00,38.20459770537288,39.413437426066245,38.136259584999245,38.94215393066406,169709600
2018-05-01 00:00:00-04:00,39.21315360928436,39.870592662769035,38.944522095571145,39.84703063964844,214277600
2018-05-02 00:00:00-04:00,41.29150658088416,41.88532485137005,40.95454057379455,41.607269287109375,266157600
2018-05-03 00:00:00-04:00,41.444677504077866,41.826416037885345,41.10535276486756,41.682674407958984,136272800
2018-05-04 00:00:00-04:00,42.00314597351994,43.416996609374756,41.984294200235574,43.31802749633789,224805200
2018-05-07 00:00:00-04:00,43.63613801110594,44.222887269371405,43.534813783401674,43.63142776489258,169805600
2018-05-08 00:00:00-04:00,43.5913573174737,43.8811955880072,43.280308562281206,43.84113693237305,113611200
2018-05-09 00:00:00-04:00,43.95896445750849,44.15925776611903,43.64556053221597,44.14983367919922,92844800
2018-05-10 00:00:00-04:00,44.23937989177429,44.8591151995632,44.218169403313304,44.78135299682617,111957200
2018-05-11 00:00:00-04:00,44.82394339538335,44.95877526691211,44.34137848487162,44.611045837402344,104848800
2018-05-14 00:00:00-04:00,44.71040300032415,44.8334102552806,44.43837140382638,44.5069694519043,83115200
2018-05-15 00:00:00-04:00,44.18288522686713,44.25148686697226,43.7854822711913,44.10245895385742,94780800
2018-05-16 00:00:00-04:00,44.01494300064036,44.58029841938682,43.99838273695559,44.514060974121094,76732400
2018-05-17 00:00:00-04:00,44.47147763647819,44.68673937854527,44.08353510360272,44.23256301879883,69176000
2018-05-18 00:00:00-04:00,44.279874206223006,44.42653431327722,44.0291313356569,44.07170867919922,73190800
2018-05-21 00:00:00-04:00,44.47147176599558,44.77189176145005,44.21363271617887,44.383949279785156,73603200
2018-05-22 00:00:00-04:00,44.56136935907778,44.67964456930192,44.182887242571354,44.27277755737305,60962800
2018-05-23 00:00:00-04:00,44.08116422228349,44.58974608932775,43.94159675657683,44.5566291809082,80233600
2018-05-24 00:00:00-04:00,44.653633197631734,44.67018985359245,44.048064572421104,44.5069694519043,92936000
2018-05-25 00:00:00-04:00,44.52589424566676,44.86179548210423,44.388694539041815,44.60868835449219,69844000
2018-05-29 00:00:00-04:00,44.376864140831934,44.64889570398078,44.20417972021564,44.44782638549805,90056400
2018-05-30 00:00:00-04:00,44.40523656154424,44.47147037760417,44.18287863214066,44.35319519042969,74762000
2018-05-31 00:00:00-04:00,44.286975772871486,44.52589042922942,44.03150085237839,44.20418167114258,109931200
2018-06-01 00:00:00-04:00,44.469108221336874,45.00607499701949,44.41233482946836,45.001346588134766,93770000
2018-06-04 00:00:00-04:00,45.332522951213576,45.75358241569178,45.26392491666347,45.37746810913086,105064800
2018-06-05 00:00:00-04:00,45.67078834894453,45.8765860459165,45.50283597350951,45.72755813598633,86264000
2018-06-06 00:00:00-04:00,45.80325688574977,45.909703847988986,45.39875409787338,45.88604736328125,83734400
2018-06-07 00:00:00-04:00,45.923898819189205,45.9380912670048,45.498107337356295,45.76304626464844,85388800
2018-06-08 00:00:00-04:00,45.22134258806852,45.41767986646132,44.89017344949806,45.34671401977539,106627200
2018-06-11 00:00:00-04:00,45.26392698918746,45.41058710323442,44.994259638809375,45.235538482666016,73234000
2018-06-12 00:00:00-04:00,45.2733912911376,45.561983134058856,45.2166178827114,45.48392105102539,67644400
2018-06-13 00:00:00-04:00,45.5170355050327,45.62585029625447,45.048666641672256,45.11016845703125,86553600
2018-06-14 00:00:00-04:00,45.31123621974741,45.31596823906581,44.996623710326915,45.13382339477539,86440400
2018-06-15 00:00:00-04:00,44.95166917947453,44.98242188442345,44.53297398917288,44.67017364501953,246876800
2018-06-18 00:00:00-04:00,44.44309283671168,44.76006952448041,44.282236678630035,44.64652633666992,73939600
2018-06-19 00:00:00-04:00,43.79494537297693,44.07644095516829,43.395174578736984,43.925048828125,134314000
2018-06-20 00:00:00-04:00,44.08116469982308,44.28223035687983,43.934501009971406,44.11664581298828,82514800
2018-06-21 00:00:00-04:00,44.294067290302934,44.55427420282024,43.74763638348965,43.870643615722656,102847600
2018-06-22 00:00:00-04:00,44.02676829392175,44.033864518614706,43.69086709038591,43.7429084777832,108801600
2018-06-25 00:00:00-04:00,43.383351830308534,43.74290953112811,42.75176255111252,43.0923957824707,126652400
2018-06-26 00:00:00-04:00,43.28636549150779,44.123752445008655,43.17991490795434,43.62699508666992,98276800
2018-06-27 00:00:00-04:00,43.81622884246029,44.30115787617731,43.53236908914164,43.5631217956543,101141200
2018-06-28 00:00:00-04:00,43.54893491201409,44.048056455730084,43.47796906225165,43.880104064941406,69460800
2018-06-29 00:00:00-04:00,44.066981034938806,44.27987860220529,43.26744298121546,43.7878532409668,90950800
2018-07-02 00:00:00-04:00,43.48270554801094,44.30590010518459,43.388083202116974,44.27751159667969,70925200
2018-07-03 00:00:00-04:00,44.42180041307127,44.45964934537701,43.41646115908934,43.506351470947266,55819200
2018-07-05 00:00:00-04:00,43.823316963468265,44.09535203427023,43.59149862888873,43.8564338684082,66416800
2018-07-06 00:00:00-04:00,43.861174123447604,44.5731895181121,43.80913274741524,44.464378356933594,69940800
2018-07-09 00:00:00-04:00,44.82630080014565,45.105428539599686,44.77899144204003,45.0817756652832,79026400
2018-07-10 00:00:00-04:00,45.11253638578148,45.24736826080671,44.98716133079551,45.02737808227539,63756400
2018-07-11 00:00:00-04:00,44.58975244588929,44.89253668302397,44.37922272460857,44.443092346191406,75326000
2018-07-12 00:00:00-04:00,44.8333878212164,45.278103636969995,44.781346455140046,45.18821334838867,72164400
2018-07-13 00:00:00-04:00,45.20006343336102,45.37984048793925,45.15748247259528,45.25920104980469,50055600
2018-07-16 00:00:00-04:00,45.30413552457632,45.57143503338008,45.04392862984047,45.15983963012695,60172400
2018-07-17 00:00:00-04:00,44.88543601661674,45.386921682956974,44.755332581630604,45.28757095336914,62138000
2018-07-18 00:00:00-04:00,45.365636730844756,45.37036874963349,44.9280170344419,45.0391960144043,65573600
2018-07-19 00:00:00-04:00,44.87124769700974,45.547782011675714,44.87124769700974,45.3892936706543,81147200
2018-07-20 00:00:00-04:00,45.36563974785241,45.51939607872061,44.984793423168234,45.285213470458984,82704800
2018-07-23 00:00:00-04:00,45.10543802852342,45.40822592493737,44.84050267981882,45.32543182373047,63957600
2018-07-24 00:00:00-04:00,45.52413237332777,45.81035999966293,45.42951363921069,45.65423583984375,74791600
2018-07-25 00:00:00-04:00,45.66842389108969,46.0918511677494,45.51939597020719,46.084754943847656,66839600
2018-07-26 00:00:00-04:00,46.03507510992466,46.35441960496236,45.79852470159238,45.94045639038086,76304000
2018-07-27 00:00:00-04:00,46.124976536435895,46.17228590760955,44.96824490529274,45.17640686035156,96096000
2018-07-30 00:00:00-04:00,45.39402326924583,45.46498911575692,44.72458877003278,44.92329025268555,84118000
2018-07-31 00:00:00-04:00,45.015547593417764,45.45079951875537,44.788457592235076,45.013179779052734,157492000
2018-08-01 00:00:00-04:00,47.10428225573744,47.72640735261857,46.67375879565938,47.6649055480957,271742800
2018-08-02 00:00:00-04:00,47.4472853667251,49.29237943033868,47.3928797788397,49.05819320678711,249616000
2018-08-03 00:00:00-04:00,48.973036640459895,49.377539475543834,48.60638274153638,49.20012664794922,133789600
2018-08-06 00:00:00-04:00,49.20249383795133,49.498181901881324,48.98250365093466,49.455604553222656,101701600
2018-08-07 00:00:00-04:00,49.51473664507038,49.55731398898163,48.909164525705904,48.99195861816406,102349600
2018-08-08 00:00:00-04:00,48.74121801875727,49.15754548635724,48.3792961407391,49.02507781982422,90102000
2018-08-09 00:00:00-04:00,49.564412314170305,49.62354992286945,49.01324936795748,49.4106559753418,93970400
2018-08-10 00:00:00-04:00,49.22312696657649,49.63616955463809,49.05933415368771,49.26348114013672,98444800
2018-08-13 00:00:00-04:00,49.68601747272375,50.07532060816771,49.30383544897865,49.58156967163086,103563600
2018-08-14 00:00:00-04:00,49.88778917785652,49.982739743294864,49.43676493669465,49.790462493896484,82992000
2018-08-15 00:00:00-04:00,49.66464779498689,50.02546643755546,49.45337972325977,49.906776428222656,115230400
2018-08-16 00:00:00-04:00,50.265216769109614,50.75421900677927,50.19875065654081,50.63790512084961,114001600
2018-08-17 00:00:00-04:00,50.666390118511444,51.73697266396668,50.599924005213595,51.64914321899414,141708000
2018-08-20 00:00:00-04:00,51.772591557395934,52.02895882987938,51.0628238874286,51.14590835571289,121150800
2018-08-21 00:00:00-04:00,51.46399096742954,51.55656903377476,50.80644727346733,51.046199798583984,104639200
2018-08-22 00:00:00-04:00,50.82306984796145,51.35954745376496,50.76134871716838,51.048580169677734,76072400
2018-08-23 00:00:00-04:00,50.95362079278084,51.52333502466654,50.941754689265245,51.15302276611328,75532800
2018-08-24 00:00:00-04:00,51.41651673354817,51.48772784593229,51.06281917946899,51.312068939208984,73905600
2018-08-27 00:00:00-04:00,51.54706022871402,51.92449714256202,51.35241053232065,51.73459243774414,82100400
2018-08-28 00:00:00-04:00,51.98860053619249,52.351791702590354,51.967237202200124,52.15239334106445,91107200
2018-08-29 00:00:00-04:00,52.25921381497312,53.0520658931678,52.08355490535998,52.930999755859375,109019200
2018-08-30 00:00:00-04:00,52.99509685191441,54.18436961391813,52.793322357936674,53.417633056640625,195175200
2018-08-31 00:00:00-04:00,53.76895244440021,54.3291694929372,53.64788992596843,54.034820556640625,173360400
2018-09-04 00:00:00-04:00,54.21996909019062,54.40274909041703,53.79743296109522,54.208099365234375,109560400
2018-09-05 00:00:00-04:00,54.357664110347386,54.519080821037484,53.434255773129465,53.85441589355469,133332000
2018-09-06 00:00:00-04:00,53.70248497076641,53.968353076317825,52.53220312230638,52.95948791503906,137160000
2018-09-07 00:00:00-04:00,52.66276342098608,53.49833855540811,52.3921503197671,52.532203674316406,150479200
2018-09-10 00:00:00-04:00,52.449121154390156,52.66276537198232,51.38565954800738,51.827186584472656,158066000
2018-09-11 00:00:00-04:00,51.75122145822565,53.244343945195745,51.40702112304386,53.13752365112305,142996000
2018-09-12 00:00:00-04:00,53.39627121379655,53.41051343783881,52.18563146035263,52.47761154174805,197114800
2018-09-13 00:00:00-04:00,53.059191956699685,54.205738079671086,52.83368162441811,53.74522018432617,166825600
2018-09-14 00:00:00-04:00,53.58854383882072,53.847287212185975,52.82180732655303,53.13514709472656,127997200
2018-09-17 00:00:00-04:00,52.73398154584048,52.92388632786658,51.575569257532884,51.72037124633789,148780400
2018-09-18 00:00:00-04:00,51.69899655096694,52.66276254166142,51.53995236118201,51.80582046508789,126286800
2018-09-19 00:00:00-04:00,51.867530481243364,52.13339492462811,51.10791519862168,51.836669921875,108495200
2018-09-20 00:00:00-04:00,52.280571913194,52.764825513984114,52.02182496329803,52.23072052001953,106435200
2018-09-21 00:00:00-04:00,52.40876884698409,52.546449715100046,51.580311141679076,51.66814422607422,384986800
2018-09-24 00:00:00-04:00,51.468741215335086,52.52270553404214,51.42363842889159,52.411136627197266,110773600
2018-09-25 00:00:00-04:00,52.16426893342446,52.89302746670378,52.152399205827706,52.74347686767578,98217600
2018-09-26 00:00:00-04:00,52.46098789272328,53.113782990935896,52.16663534447083,52.323307037353516,95938800
2018-09-27 00:00:00-04:00,53.130402694768456,53.75233724520771,53.063932950702444,53.39863967895508,120724800
2018-09-28 00:00:00-04:00,53.360648669167745,53.609898393887846,53.17786867688684,53.58616256713867,91717600
2018-10-01 00:00:00-04:00,54.11079526607569,54.45974431700465,53.73098926394509,53.94700241088867,94403200
2018-10-02 00:00:00-04:00,53.944602070238616,54.597397034784954,53.79742763731377,54.426483154296875,99152800
2018-10-03 00:00:00-04:00,54.609267044104,55.42110616960169,54.54517343305305,55.088775634765625,114619200
2018-10-04 00:00:00-04:00,54.78256227082808,55.155250651361975,53.82117243828827,54.12027359008789,128168000
2018-10-05 00:00:00-04:00,54.1131464058344,54.219966681432005,52.36128084636075,53.24195861816406,134322000
2018-10-08 00:00:00-04:00,52.748214218450705,53.36302758206297,52.271078074735584,53.118526458740234,118655600
2018-10-09 00:00:00-04:00,53.087679273511824,53.949370095842205,52.75772111759417,53.85441589355469,107564000
2018-10-10 00:00:00-04:00,53.519702543759095,53.73097062315094,51.28595561776469,51.35954284667969,167962400
2018-10-11 00:00:00-04:00,50.92277297587826,52.10492469508215,50.40053755301917,50.90615463256836,212497600
2018-10-12 00:00:00-04:00,52.32330683693242,52.907263316289296,51.4734858776768,52.72447967529297,161351600
2018-10-15 00:00:00-04:00,52.49896867288773,52.6580128594491,51.57556049458657,51.596923828125,123164000
2018-10-16 00:00:00-04:00,51.96961043793188,52.93337644328166,51.454496185595865,52.73397445678711,116736000
2018-10-17 00:00:00-04:00,52.76959173072979,52.850300087428536,52.06694511054678,52.506099700927734,91541600
2018-10-18 00:00:00-04:00,51.71561753142815,52.161893181865885,50.561950350379284,51.278839111328125,130325200
2018-10-19 00:00:00-04:00,51.76309699781032,52.522712490239414,51.61354639603452,52.05982208251953,132314800
2018-10-22 00:00:00-04:00,52.17374841110298,53.02119674655609,51.97197758513653,52.37789535522461,115168400
2018-10-23 00:00:00-04:00,51.23374110069626,52.99510079087018,50.965500461686965,52.87166213989258,155071200
2018-10-24 00:00:00-04:00,52.840793579292914,53.22772054648877,50.92750758714553,51.058067321777344,163702000
2018-10-25 00:00:00-04:00,51.68000502193236,52.55118924843808,51.4521186121958,52.17612838745117,119423200
2018-10-26 00:00:00-04:00,51.25034458633483,52.26870689490897,50.483608140162744,51.345298767089844,189033600
2018-10-29 00:00:00-04:00,52.031328859467095,52.15001887333617,48.92164904724457,50.38153839111328,183742000
2018-10-30 00:00:00-04:00,50.122786638404236,51.07942776938506,49.67651469177308,50.633155822753906,146640000
2018-10-31 00:00:00-04:00,51.482976278527076,52.33042100686133,51.4212551595005,51.95298767089844,153435600
2018-11-01 00:00:00-04:00,51.99809700733676,52.78382433784558,51.46636442889443,52.75059127807617,233292800
2018-11-02 00:00:00-04:00,49.742984372083036,50.71624028973885,48.764976217655075,49.25160598754883,365314800
2018-11-05 00:00:00-05:00,48.49674467143522,48.518108006505464,47.041603813894,47.85344314575195,264654800
2018-11-06 00:00:00-05:00,47.93177899381314,48.59644385452974,47.877182596814855,48.370933532714844,127531600
2018-11-07 00:00:00-05:00,48.893172384203126,49.86405598285383,48.45639393296454,49.83794403076172,133697600
2018-11-08 00:00:00-05:00,50.01898294776499,50.052331967795496,49.24957107756587,49.66405487060547,101450400
2018-11-09 00:00:00-05:00,48.96371681631605,49.073290598899256,48.17762869897089,48.706451416015625,137463200
2018-11-12 00:00:00-05:00,47.40344554572155,47.60592402834233,46.16237886454745,46.252899169921875,204542000
2018-11-13 00:00:00-05:00,45.647848713349546,46.96990161049006,45.60496933770327,45.790771484375,187531600
2018-11-14 00:00:00-05:00,46.18858736747711,46.3267486160085,44.29006694824558,44.497310638427734,243204000
2018-11-15 00:00:00-05:00,44.87606127472165,45.72884742077253,44.52112960091977,45.59545135498047,185915200
2018-11-16 00:00:00-05:00,45.3786815583818,46.44347295974592,45.130946523451215,46.1004524230957,147713200
2018-11-19 00:00:00-05:00,45.25956607274845,45.426311115536286,44.066144086399774,44.27338409423828,167701200
2018-11-20 00:00:00-05:00,42.48921717934712,43.22766443054001,41.807941233880754,42.15810775756836,271300800
2018-11-21 00:00:00-05:00,42.81316817679935,42.941802668538266,42.055667679021546,42.11045455932617,124496800
2018-11-23 00:00:00-05:00,41.67215915297066,42.067585789740626,40.995648476539905,41.0409049987793,94496000
2018-11-26 00:00:00-05:00,41.50541532486275,41.67454118167568,40.55734367784053,41.59593200683594,179994000
2018-11-27 00:00:00-05:00,40.85509806276724,41.63165932990016,40.70502932804416,41.505409240722656,165549600
2018-11-28 00:00:00-05:00,42.09855883265821,43.18478827948733,41.66978309449651,43.101417541503906,184250000
2018-11-29 00:00:00-05:00,43.511133672333116,43.544482692561466,42.329618776811884,42.77030563354492,167080000
2018-11-30 00:00:00-05:00,42.94656827592321,42.95609864238887,42.17001060838386,42.53923416137695,158126000
2018-12-03 00:00:00-05:00,43.939910139035845,44.05424911966867,43.16573306674839,44.025665283203125,163210000
2018-12-04 00:00:00-05:00,43.103793509629774,43.44681406190694,41.98898034949938,42.089027404785156,165377200
2018-12-06 00:00:00-05:00,40.91466036853459,41.63405052381516,40.59546208713448,41.61975860595703,172393600
2018-12-07 00:00:00-05:00,41.32676084453568,41.56496915357953,40.09045913903482,40.135719299316406,169126400
2018-12-10 00:00:00-05:00,39.30437153494596,40.51685097237606,38.906564089522284,40.40013122558594,248104000
2018-12-11 00:00:00-05:00,40.89084213488551,40.92180674563769,39.780790462800155,40.169071197509766,189126800
2018-12-12 00:00:00-05:00,40.59068897062927,40.95276656961657,40.26196401982053,40.28102111816406,142510800
2018-12-13 00:00:00-05:00,40.6121250037432,41.10759858957868,40.388208671851565,40.72169876098633,127594400
2018-12-14 00:00:00-05:00,40.257203042131245,40.27626014246563,39.37106786781869,39.41870880126953,162814800
2018-12-17 00:00:00-05:00,39.41155780558876,40.10236397402616,38.76363101611563,39.05186462402344,177151600
2018-12-18 00:00:00-05:00,39.39488558701543,39.90703192311452,39.15905808682064,39.55924987792969,135366000
2018-12-19 00:00:00-05:00,39.542581116790856,39.887982453808725,37.896560753379525,38.32533645629883,196189200
2018-12-20 00:00:00-05:00,38.20861723700372,38.61595510788309,36.993756853504344,37.35821533203125,259092000
2018-12-21 00:00:00-05:00,37.36535018341882,37.6750216680512,35.6431053719121,35.90513229370117,382978400
2018-12-24 00:00:00-05:00,35.29055686390897,36.10046723431254,34.91895251144724,34.97612380981445,148676800
2018-12-26 00:00:00-05:00,35.32628751316479,37.45348564036244,34.94991800671452,37.43919372558594,234330000
2018-12-27 00:00:00-05:00,37.12238022196103,37.343915828787566,35.74792096197973,37.196224212646484,212468400
2018-12-28 00:00:00-05:00,37.51780031359483,37.760773752408824,36.815086685468714,37.215274810791016,169165600
2018-12-31 00:00:00-05:00,37.7631569952706,37.96087029681497,37.27482931167496,37.574974060058594,140014000
2019-01-02 00:00:00-05:00,36.896084198987076,37.839390685649526,36.738865845414956,37.617855072021484,148158800
2019-01-03 00:00:00-05:00,34.29724100367418,34.71172488697486,33.82558943631229,33.870849609375,365248800
2019-01-04 00:00:00-05:00,34.42824508143415,35.385843458861956,34.25435404131525,35.3167610168457,234428400
2019-01-07 00:00:00-05:00,35.42157295630101,35.45254119796696,34.754588999265515,35.23815155029297,219111200
2019-01-08 00:00:00-05:00,35.62643221113831,36.16478528700009,35.378697182298566,35.9099006652832,164101200
2019-01-09 00:00:00-05:00,36.03853633005405,36.81033262099665,35.643113268150785,36.519718170166016,180396400
2019-01-10 00:00:00-05:00,36.32676495224882,36.67693143634063,35.93610349421872,36.636436462402344,143122800
2019-01-11 00:00:00-05:00,36.417282860183526,36.61261175890216,36.09093504627831,36.276737213134766,108092800
2019-01-14 00:00:00-05:00,35.93372546819039,36.03377252347302,35.54544475489296,35.73124694824219,129756800
2019-01-15 00:00:00-05:00,35.79555957068169,36.53876824774425,35.74315345783549,36.46254348754883,114843600
2019-01-16 00:00:00-05:00,36.46492574846843,37.131909692527415,36.44586864895017,36.90799331665039,122278800
2019-01-17 00:00:00-05:00,36.73171723000517,37.5559195046028,36.50780085804286,37.12714385986328,119284800
2019-01-18 00:00:00-05:00,37.517811062008555,37.60833138833237,37.15573339148389,37.355831146240234,135004000
2019-01-22 00:00:00-05:00,37.25817363662154,37.334398428239574,36.3553618397749,36.5173454284668,121576000
2019-01-23 00:00:00-05:00,36.719803058220776,36.955630552057414,36.13619352857585,36.665016174316406,92522400
2019-01-24 00:00:00-05:00,36.71027561625234,36.798411510579946,36.145723195146964,36.3744010925293,101766000
2019-01-25 00:00:00-05:00,37.03662776471714,37.667881979754206,36.76030888199444,37.579742431640625,134142000
2019-01-28 00:00:00-05:00,37.11046412543963,37.23909862442794,36.603082990987026,37.23195266723633,104768400
2019-01-29 00:00:00-05:00,37.220038958596476,37.667871630472526,36.71027345041031,36.84605026245117,166348800
2019-01-30 00:00:00-05:00,38.887509281083425,39.57831197366916,38.168119117688406,39.36392593383789,244439200
2019-01-31 00:00:00-05:00,39.56877928620291,40.25720110045901,39.19955570891924,39.64738845825195,162958400
2019-02-01 00:00:00-05:00,39.77125126861664,40.25242931959905,39.52589342559066,39.666439056396484,130672400
2019-02-04 00:00:00-05:00,39.878448210142714,40.89083337940167,39.847479971250806,40.79316711425781,125982000
2019-02-05 00:00:00-05:00,41.176678751547904,41.705501363894136,41.05519385105682,41.491111755371094,144406400
2019-02-06 00:00:00-05:00,41.603071866567944,41.82222666811307,41.17429989905097,41.505409240722656,112958400
2019-02-07 00:00:00-05:00,41.06710424288514,41.43394701369877,40.57639578886016,40.719322204589844,126966800
2019-02-08 00:00:00-05:00,40.427460134382265,40.82697360976504,40.29109734589125,40.76716613769531,95280000
2019-02-11 00:00:00-05:00,40.92026971273372,40.958547367756964,40.489655219617426,40.53271484375,83973600
2019-02-12 00:00:00-05:00,40.693002348937135,40.90830777180337,40.59730821071804,40.88199234008789,89134000
2019-02-13 00:00:00-05:00,41.00160888990955,41.26236858240491,40.64994067511522,40.71213912963867,89960800
2019-02-14 00:00:00-05:00,40.599713879718436,40.970517358724166,40.52076756311618,40.8604736328125,87342800
2019-02-15 00:00:00-05:00,40.968123035515944,41.07577576743532,40.609278162212156,40.769561767578125,98507200
2019-02-19 00:00:00-05:00,40.59970630755749,41.013572995865594,40.54707543963872,40.891563415527344,75891200
2019-02-20 00:00:00-05:00,40.95377945029306,41.46334045826493,40.905934186012246,41.15473175048828,104457600
2019-02-21 00:00:00-05:00,41.09970756971313,41.23606674776949,40.74086263223082,40.92267608642578,68998800
2019-02-22 00:00:00-05:00,41.0470710743179,41.386777130641946,40.999225819267565,41.379600524902344,75652800
2019-02-25 00:00:00-05:00,41.66428226312171,42.07336336758773,41.61404237554862,41.681026458740234,87493600
2019-02-26 00:00:00-05:00,41.556630858244425,41.93700555357512,41.42744465771321,41.704952239990234,68280800
2019-02-27 00:00:00-05:00,41.43702182926786,41.865241839640916,41.3221888233918,41.83414077758789,111341600
2019-02-28 00:00:00-05:00,41.70255537648484,41.843700132789515,41.3676313466987,41.42265319824219,112861600
2019-03-01 00:00:00-05:00,41.692993502073456,41.90112238101423,41.36046403267698,41.858062744140625,103544800
2019-03-04 00:00:00-05:00,42.030318211121184,42.52313141448319,41.6188423295964,42.06859588623047,109744800
2019-03-05 00:00:00-05:00,42.09011242534028,42.10446563638617,41.75518834938098,41.992027282714844,78949600
2019-03-06 00:00:00-05:00,41.78628356581174,41.98245382364105,41.61164677190009,41.75040054321289,83241600
2019-03-07 00:00:00-05:00,41.59490230920846,41.7312651068863,41.15232917629115,41.26715850830078,99185600
2019-03-08 00:00:00-05:00,40.74563369511494,41.40351584543841,40.54946344721021,41.365238189697266,95997600
2019-03-11 00:00:00-04:00,41.98245426093479,42.85085627009745,41.94896222270755,42.79822540283203,128044000
2019-03-12 00:00:00-04:00,43.06137936548877,43.70012272136719,42.910663369594886,43.27907943725586,129870400
2019-03-13 00:00:00-04:00,43.59965297928454,43.85084512569788,43.281476747208835,43.4704704284668,124130000
2019-03-14 00:00:00-04:00,43.99437347554479,44.04222237183542,43.673806312403904,43.953704833984375,94318000
2019-03-15 00:00:00-04:00,44.22166273502183,44.81495205623566,43.956117314378744,44.525482177734375,156171600
2019-03-18 00:00:00-04:00,44.4489202671077,45.06852488941189,44.44652563165641,44.980010986328125,104879200
2019-03-19 00:00:00-04:00,45.0589505604286,45.212057541699544,44.47762003833095,44.62355041503906,126585600
2019-03-20 00:00:00-04:00,44.551795921259654,45.331687953217426,44.19295096923774,45.013511657714844,124140800
2019-03-21 00:00:00-04:00,45.458473759949264,46.968014081984975,45.40823386690065,46.67136764526367,204136800
2019-03-22 00:00:00-04:00,46.731170674231585,47.29336243407434,45.64028284695774,45.70487594604492,169630800
2019-03-25 00:00:00-04:00,45.81492412687306,45.92736248979767,44.64030790519113,45.152259826660156,175381200
2019-03-26 00:00:00-04:00,45.850797173491095,46.142657903184535,44.15704927752457,44.68574523925781,199202000
2019-03-27 00:00:00-04:00,45.15464964676555,45.396270563858714,44.6283445266499,45.08766555786133,119393600
2019-03-28 00:00:00-04:00,45.2024980623719,45.34842847704672,44.8627919733694,45.14747619628906,83121600
2019-03-29 00:00:00-04:00,45.41301263511349,45.47282011048234,45.10440401800944,45.44171905517578,94256000
2019-04-01 00:00:00-04:00,45.84602238790681,45.8555899786877,45.06613415152161,45.75033187866211,111448000
2019-04-02 00:00:00-04:00,45.71444820924764,46.52065558665947,45.70488061783693,46.4153938293457,91062800
2019-04-03 00:00:00-04:00,46.23118199255174,47.008679231753774,46.20725754043274,46.73356628417969,93087200
2019-04-04 00:00:00-04:00,46.599590345608895,46.977574023468094,46.204862473032904,46.81489944458008,76457200
2019-04-05 00:00:00-04:00,46.996733923923685,47.15223561795806,46.872333298768226,47.12831115722656,74106400
2019-04-08 00:00:00-04:00,46.98953190601349,47.90099715145855,46.97039307784972,47.86989974975586,103526800
2019-04-09 00:00:00-04:00,47.92253440215642,48.52778574553339,47.66177104187914,47.72636413574219,143072800
2019-04-10 00:00:00-04:00,47.5301942573297,48.02301091221339,47.41057930864462,47.994300842285156,86781200
2019-04-11 00:00:00-04:00,48.04933044635173,48.08521347387526,47.47278546841466,47.594791412353516,83603200
2019-04-12 00:00:00-04:00,47.654599387904355,47.879476097016486,46.93930426252386,47.575653076171875,111042800
2019-04-15 00:00:00-04:00,47.506275701150514,47.810098707258135,47.3699129010381,47.661773681640625,70146400
2019-04-16 00:00:00-04:00,47.71679719689231,48.17372352909881,47.50148809786507,47.66655731201172,102785600
2019-04-17 00:00:00-04:00,47.73593419560427,48.654579815816376,47.513452133525476,48.59477233886719,115627200
2019-04-18 00:00:00-04:00,48.592377733679044,48.838784246833725,48.44884197912725,48.7694091796875,96783200
2019-04-22 00:00:00-04:00,48.52300877942249,49.02778409479204,48.40578479563251,48.9296989440918,77758000
2019-04-23 00:00:00-04:00,48.90576978194872,49.70001485209425,48.77897821899976,49.63542175292969,93292000
2019-04-24 00:00:00-04:00,49.60670984114939,49.874646148239904,49.53254915974815,49.55886459350586,70162400
2019-04-25 00:00:00-04:00,49.47991884741385,49.702400894113886,49.070834127200996,49.10911178588867,74172800
2019-04-26 00:00:00-04:00,49.01821151946166,49.04213597276273,48.353152601713404,48.87467575073242,74596400
2019-04-29 00:00:00-04:00,48.89859357684603,49.27418629872509,48.76941102781814,48.94883346557617,88818800
2019-04-30 00:00:00-04:00,48.57802304953885,48.65936033968653,47.63306567189509,48.006263732910156,186139600
2019-05-01 00:00:00-04:00,50.209575344115216,51.508592020453015,50.054073710339814,50.3626823425293,259309200
2019-05-02 00:00:00-04:00,50.200004222093234,50.87223969563154,49.79092311380709,50.034934997558594,127985200
2019-05-03 00:00:00-04:00,50.45119496468051,50.67846264636448,50.29330234990099,50.65693283081055,83569600
2019-05-06 00:00:00-04:00,48.872278910414465,49.960775780044735,48.68328887915453,49.87465286254883,129772400
2019-05-07 00:00:00-04:00,49.25265726776047,49.62106973967451,48.04454543751767,48.530181884765625,155054800
2019-05-08 00:00:00-04:00,48.300519226307955,49.12347073241289,48.26463619857152,48.53974914550781,105358000
2019-05-09 00:00:00-04:00,47.94167511069751,48.247889120119275,47.046957534876604,48.01823043823242,139634400
2019-05-10 00:00:00-04:00,47.410657331109206,47.754075509589086,46.293955531581744,47.35301971435547,164834800
2019-05-13 00:00:00-04:00,45.07879342715194,45.50385850765811,43.911658188039056,44.60089111328125,229722400
2019-05-14 00:00:00-04:00,44.7665902910609,45.55668620119035,44.52643906842477,45.30693054199219,146118800
2019-05-15 00:00:00-04:00,44.73296126111396,46.048988699608614,44.672923466199215,45.84966278076172,106178800
2019-05-16 00:00:00-04:00,45.60712013542873,46.22190668668866,45.350156565103816,45.647945404052734,132125600
2019-05-17 00:00:00-04:00,44.89146176785127,45.84486231886198,44.85063650384428,45.38857650756836,131516400
2019-05-20 00:00:00-04:00,44.07254333586166,44.271869244843735,43.29445223308519,43.969276428222656,154449200
2019-05-21 00:00:00-04:00,44.48079272064005,45.14841257082131,44.355913106641886,44.81220245361328,113459200
2019-05-22 00:00:00-04:00,44.34631800439947,44.59847747756857,43.83959886543886,43.894832611083984,118994400
2019-05-23 00:00:00-04:00,43.17918223637077,43.356891761625974,42.70128007629141,43.14556121826172,146118800
2019-05-24 00:00:00-04:00,43.27523949265052,43.741133342206446,42.895800209655654,42.979854583740234,94858800
2019-05-28 00:00:00-04:00,42.96784799476519,43.36890001918463,42.72529662605627,42.80214309692383,111792800
2019-05-29 00:00:00-04:00,42.367471894790725,43.071116776934666,42.26660883616166,42.598018646240234,113924800
2019-05-30 00:00:00-04:00,42.73491151389066,43.04230480138282,42.4275182263985,42.818965911865234,84873600
2019-05-31 00:00:00-04:00,42.32184654331252,42.744515016451864,42.02406138932795,42.04327392578125,108174400
2019-06-03 00:00:00-04:00,42.170542952018096,42.727691708527075,40.89053689656086,41.618194580078125,161584400
2019-06-04 00:00:00-04:00,42.13211682423522,43.1863801881722,41.911178213925794,43.140750885009766,123872000
2019-06-05 00:00:00-04:00,44.255053035288306,44.42556196184433,43.500978580978746,43.837188720703125,119093600
2019-06-06 00:00:00-04:00,43.96688857605046,44.54084988154831,43.743546021838405,44.480812072753906,90105200
2019-06-07 00:00:00-04:00,44.790595183726715,46.08981394469847,44.612885656066055,45.66474533081055,122737600
2019-06-10 00:00:00-04:00,46.06340027173679,46.9183379423231,46.01777095823644,46.24831771850586,104883600
2019-06-11 00:00:00-04:00,46.795863731308884,47.06963595713597,46.49327453363154,46.78385543823242,107731600
2019-06-12 00:00:00-04:00,46.57731875978544,47.06242514996316,46.44283469068652,46.63495635986328,73012800
2019-06-13 00:00:00-04:00,46.75744248736489,47.259357665071356,46.493278340137906,46.62535858154297,86698400
2019-06-14 00:00:00-04:00,46.000962652491786,46.49086948345839,45.70077365536565,46.2867431640625,75046000
2019-06-17 00:00:00-04:00,46.325161000713024,46.8198755079618,46.149851665938094,46.56291198730469,58676400
2019-06-18 00:00:00-04:00,47.08163957971552,48.09987823785854,46.87991346794185,47.65800094604492,106204000
2019-06-19 00:00:00-04:00,47.953391822995805,48.001424996498194,47.3842346282757,47.51871871948242,84496800
2019-06-20 00:00:00-04:00,48.11908943981231,48.176727040616036,47.55713657353641,47.90055465698242,86056000
2019-06-21 00:00:00-04:00,47.74205533137628,48.23436598340896,47.58595486567917,47.73725128173828,191202400
2019-06-24 00:00:00-04:00,47.679627585177656,48.06867510216516,47.59077279524921,47.68923568725586,72881600
2019-06-25 00:00:00-04:00,47.65319850922663,47.852524435135905,46.899123924956235,46.96636962890625,84281200
2019-06-26 00:00:00-04:00,47.494705407813996,48.26799259033034,47.39384234023577,47.98221206665039,104270000
2019-06-27 00:00:00-04:00,48.09988036370736,48.40727725900729,47.92697487769968,47.96780014038086,83598800
2019-06-28 00:00:00-04:00,47.71324098820172,47.910166740742824,47.321797004880196,47.53072738647461,124442400
2019-07-01 00:00:00-04:00,48.791532589320795,49.10853402141317,48.18635036904651,48.402488708496094,109012000
2019-07-02 00:00:00-04:00,48.36885058045973,48.7819109078006,48.35684228844312,48.685848236083984,67740800
2019-07-03 00:00:00-04:00,48.81793385898848,49.096510120268974,48.67624553562588,49.08930587768555,45448000
2019-07-05 00:00:00-04:00,48.83473577283392,49.25019621889604,48.72666482832786,49.04606628417969,69062000
2019-07-08 00:00:00-04:00,48.22475580612427,48.366444116802036,47.648394464551245,48.035037994384766,101354400
2019-07-09 00:00:00-04:00,47.838107796047254,48.39285635985033,47.74444899520279,48.32801818847656,82312000
2019-07-10 00:00:00-04:00,48.47452111291263,48.926002876430864,48.40487521294406,48.80592727661133,71588400
2019-07-11 00:00:00-04:00,48.82513958637521,49.08450332051518,48.44089986738066,48.450504302978516,80767200
2019-07-12 00:00:00-04:00,48.61862006230885,48.99085523447385,48.5585822495215,48.822750091552734,70380800
2019-07-15 00:00:00-04:00,49.012457455369805,49.43992629757832,48.99084472686203,49.281429290771484,67789600
2019-07-16 00:00:00-04:00,49.13253268073563,49.49756352744528,48.87076875458136,49.11091995239258,67467200
2019-07-17 00:00:00-04:00,49.00285241925894,49.25260805148238,48.81553477898725,48.834747314453125,56430000
2019-07-18 00:00:00-04:00,48.99084020087647,49.44232558710556,48.91879411475666,49.38949203491211,74162400
2019-07-19 00:00:00-04:00,49.420720143681905,49.59122912978881,48.59700318146319,48.65223693847656,83717200
2019-07-22 00:00:00-04:00,48.90678813569499,49.76652983137011,48.89718370048571,49.764129638671875,89111600
2019-07-23 00:00:00-04:00,50.06191277497595,50.16998006484622,49.780932691130964,50.153167724609375,73420800
2019-07-24 00:00:00-04:00,49.872195467452855,50.22761819035757,49.75211987659433,50.11234664916992,59966400
2019-07-25 00:00:00-04:00,50.165184172839865,50.24923855886017,49.646456699814195,49.716102600097656,55638400
2019-07-26 00:00:00-04:00,49.82656591618786,50.3669060724439,49.744915394257944,49.889007568359375,70475600
2019-07-29 00:00:00-04:00,50.061919276080474,50.585447117596885,50.057115226186674,50.35490036010742,86693600
2019-07-30 00:00:00-04:00,50.13395174939978,50.47016555130663,49.78573332176627,50.138755798339844,135742800
2019-07-31 00:00:00-04:00,51.97352408567287,53.16227183444902,50.74395107119599,51.16181182861328,277125600
2019-08-01 00:00:00-04:00,51.368345510162676,52.36017124103035,49.64886552584576,50.054718017578125,216071600
2019-08-02 00:00:00-04:00,49.35827056979247,49.574405160935726,48.42168245561687,48.995643615722656,163448400
2019-08-05 00:00:00-04:00,47.5475293696651,47.70602634991593,46.248310717827536,46.430824279785156,209572000
2019-08-06 00:00:00-04:00,47.144094235216485,47.566762806748415,46.59894983775247,47.30979919433594,143299200
2019-08-07 00:00:00-04:00,46.927940191771704,47.92456606414611,46.54610071758241,47.799686431884766,133457600
2019-08-08 00:00:00-04:00,48.07827451383902,48.87797853284769,47.88375260788875,48.85396194458008,108038000
2019-08-09 00:00:00-04:00,48.52610700164048,48.878057823779244,48.041566775697305,48.451377868652344,98478800
2019-08-12 00:00:00-04:00,48.121130523073816,48.70691717697548,48.00783029944551,48.32844543457031,89927600
2019-08-13 00:00:00-04:00,48.458609810927285,51.139236082096,48.32843339655676,50.375064849853516,188874000
2019-08-14 00:00:00-04:00,48.974489287024824,49.76517772068569,48.83708124858087,48.87565231323242,146189600
2019-08-15 00:00:00-04:00,49.04680900852128,49.451794151476854,48.133175768034526,48.632179260253906,108909600
2019-08-16 00:00:00-04:00,49.24447486471987,49.93873925139219,49.138406285829504,49.77963638305664,110481600
2019-08-19 00:00:00-04:00,50.772829141067064,51.281473633330585,50.63060245816875,50.70774459838867,97654400
2019-08-20 00:00:00-04:00,50.83550198139012,51.43092947115553,50.700506930459206,50.710147857666016,107537200
2019-08-21 00:00:00-04:00,51.34414700136294,51.50324621130385,51.00906868241241,51.25977325439453,86141600
2019-08-22 00:00:00-04:00,51.39235266730536,51.69368218603731,50.80415685820638,51.21637725830078,89014800
2019-08-23 00:00:00-04:00,50.48595686609099,51.117546110498004,48.45379212610639,48.84913635253906,187272000
2019-08-26 00:00:00-04:00,49.62535804808467,49.945973111112984,49.43250641218972,49.77722930908203,104174400
2019-08-27 00:00:00-04:00,50.10748800983436,50.27382250881443,49.0636820144767,49.215553283691406,103493200
2019-08-28 00:00:00-04:00,49.201083876146804,49.591605744133744,49.013054556128004,49.54580307006836,63755200
2019-08-29 00:00:00-04:00,50.26175966563386,50.45943357956164,49.81820353268084,50.384700775146484,83962000
2019-08-30 00:00:00-04:00,50.66193578404583,50.73184262161653,49.94838578668579,50.31962585449219,84573600
2019-09-03 00:00:00-04:00,49.762763598243694,49.89534933100552,49.23001503342677,49.586788177490234,80092000
2019-09-04 00:00:00-04:00,50.23524894918493,50.49800741911156,49.97731278172034,50.4281005859375,76752400
2019-09-05 00:00:00-04:00,51.10549748531893,51.58039320433175,50.9873749640987,51.414058685302734,95654800
2019-09-06 00:00:00-04:00,51.59967926701052,51.688871647786236,51.22843915557166,51.409236907958984,77449200
2019-09-09 00:00:00-04:00,51.79012093031335,52.17582429562149,50.881313491046114,51.62860870361328,109237600
2019-09-10 00:00:00-04:00,51.55386742566336,52.25777277521614,51.03558209886543,52.238487243652344,127111600
2019-09-11 00:00:00-04:00,52.56874552481314,53.92834419825071,52.48678109824821,53.8994140625,177158400
2019-09-12 00:00:00-04:00,54.191101473772115,54.58162335362419,53.72343747139483,53.77888107299805,128906800
2019-09-13 00:00:00-04:00,53.03399937220982,53.22443802421354,52.31563077428485,52.732669830322266,159053200
2019-09-16 00:00:00-04:00,52.48678386696517,53.065338794092476,52.44580349069043,53.009891510009766,84632400
2019-09-17 00:00:00-04:00,53.024358794438605,53.23167366775572,52.82186254541924,53.20274353027344,73274800
2019-09-18 00:00:00-04:00,53.289531238509916,53.72103724287658,52.89900929262635,53.701751708984375,101360000
2019-09-19 00:00:00-04:00,53.51854436273496,53.940405787680405,53.123200088776805,53.26543045043945,88242400
2019-09-20 00:00:00-04:00,53.366670391422076,53.65112372417019,52.424110665779736,52.486785888671875,221652400
2019-09-23 00:00:00-04:00,52.780884587682145,52.99543108561722,52.467501112026355,52.725440979003906,76662000
2019-09-24 00:00:00-04:00,53.282288364697834,53.63424284676949,52.35660500350317,52.47472381591797,124763200
2019-09-25 00:00:00-04:00,52.68445466717906,53.39559160754861,52.34455408159378,53.282291412353516,87613600
2019-09-26 00:00:00-04:00,53.03400158396071,53.260601997444645,52.75195756239218,53.007484436035156,75334000
2019-09-27 00:00:00-04:00,53.16417596127844,53.26542593161466,52.37830978339494,52.749549865722656,101408000
2019-09-30 00:00:00-04:00,53.25095311079078,54.138069160522186,53.22443596499704,53.99102020263672,103909600
2019-10-01 00:00:00-04:00,54.25619323286931,55.015542199716855,54.04646537248146,54.140480041503906,139223200
2019-10-02 00:00:00-04:00,53.771649479484324,53.89700358946659,52.53499195502535,52.78329086303711,138449200
2019-10-03 00:00:00-04:00,52.6555323429582,53.26542677356559,51.860025224931825,53.2316780090332,114426000
2019-10-04 00:00:00-04:00,54.393594272751145,54.839563434552865,53.9717329439318,54.72385025024414,138478800
2019-10-07 00:00:00-04:00,54.54547745750485,55.42776769120126,54.44181816701661,54.73591613769531,122306000
2019-10-08 00:00:00-04:00,54.4370020786667,54.97698236867614,54.077815870634474,54.094688415527344,111820000
2019-10-09 00:00:00-04:00,54.72867202758789,54.91187905014453,54.39359375104449,54.72867202758789,74770400
2019-10-10 00:00:00-04:00,54.945633142016156,55.55070522641308,54.79376555162797,55.466331481933594,113013600
2019-10-11 00:00:00-04:00,56.15576919605623,57.28635815539872,56.00148862734388,56.9416389465332,166795600
2019-10-14 00:00:00-04:00,56.62585194731356,57.40449021318178,56.570408335757406,56.859683990478516,96427600
2019-10-15 00:00:00-04:00,56.985040399342694,57.288779297182636,56.621035584430885,56.72710418701172,87360000
2019-10-16 00:00:00-04:00,56.25700998290305,56.70780140678176,56.216029613157446,56.49807357788086,73903200
2019-10-17 00:00:00-04:00,56.67164651111575,56.92717336414667,56.293178533986655,56.71744918823242,67585200
2019-10-18 00:00:00-04:00,56.55111912414219,57.271900740857916,56.47879929558,56.9898567199707,97433600
2019-10-21 00:00:00-04:00,57.25744010754817,58.09393128089632,57.209228112433294,57.97821807861328,87247200
2019-10-22 00:00:00-04:00,58.13490626794685,58.38561082629201,57.76366621548646,57.84563064575195,82293600
2019-10-23 00:00:00-04:00,58.36149979091092,58.63631215135406,58.149362643081595,58.62184524536133,75828800
2019-10-24 00:00:00-04:00,58.9424643784468,59.01237488808867,58.291593340374654,58.71827697753906,69275200
2019-10-25 00:00:00-04:00,58.617030154143734,59.4776253564704,58.549532635464736,59.44146728515625,73477200
2019-10-28 00:00:00-04:00,59.64396845076586,60.08511537617219,59.47522462971029,60.036903381347656,96572800
2019-10-29 00:00:00-04:00,60.01761997202817,60.20564933333659,58.47481401300021,58.64837646484375,142839600
2019-10-30 00:00:00-04:00,59.00272776918345,59.13290417825413,58.146954897662944,58.64113235473633,124522000
2019-10-31 00:00:00-04:00,59.6005697472304,60.06582076053263,57.194752211017715,59.966983795166016,139162000
2019-11-01 00:00:00-04:00,60.15502027808922,61.695416820540515,60.063418594376806,61.66890335083008,151125200
2019-11-04 00:00:00-05:00,62.03289137934651,62.15824915644379,61.562821785262926,62.073875427246094,103272000
2019-11-05 00:00:00-05:00,61.96541003698359,62.24022613693802,61.789438275796364,61.98469924926758,79897600
2019-11-06 00:00:00-05:00,61.897895953813084,62.07146203455677,61.56040839588844,62.01119613647461,75864400
2019-11-07 00:00:00-05:00,62.56006050638428,62.949342001287484,62.40773328571628,62.72689437866211,94940400
2019-11-08 00:00:00-05:00,62.54797637059694,62.97110427509854,62.10308848788708,62.8985710144043,69986400
2019-11-11 00:00:00-05:00,62.45367932088936,63.4619359747312,62.44884622948866,63.39665603637695,81821200
2019-11-12 00:00:00-05:00,63.239474095945475,63.539295406905154,63.08715427407309,63.33860778808594,87388800
2019-11-13 00:00:00-05:00,63.13793057340782,64.02045290680651,63.12342392301058,63.945499420166016,102734400
2019-11-14 00:00:00-05:00,63.771409268249776,64.04463013595388,63.37246164336705,63.503028869628906,89182800
2019-11-15 00:00:00-05:00,63.75447875507944,64.2622336027396,63.59248538281648,64.25740051269531,100206400
2019-11-18 00:00:00-05:00,64.26707005063002,64.66118458335217,63.88746954632591,64.5813980102539,86703200
2019-11-19 00:00:00-05:00,64.77482551987433,64.79900572910812,64.1679443270604,64.38555145263672,76167200
2019-11-20 00:00:00-05:00,64.20421477742119,64.33477463328865,62.96142426063342,63.63601303100586,106234400
2019-11-21 00:00:00-05:00,63.7569089982017,63.834282723637145,63.1500203686371,63.3507080078125,121395200
2019-11-22 00:00:00-05:00,63.490948356749755,63.63360202803236,63.06782043423232,63.295101165771484,65325200
2019-11-25 00:00:00-05:00,63.51996447539667,64.42183411511654,63.47402428004469,64.4049072265625,84020400
2019-11-26 00:00:00-05:00,64.5427317728704,64.59592529818575,63.46919508288151,63.90199661254883,105207600
2019-11-27 00:00:00-05:00,64.21389593173599,64.7941916081811,64.14861598858063,64.76033782958984,65235600
2019-11-29 00:00:00-05:00,64.46050024203176,64.79900101036307,64.29124616848443,64.61766052246094,46617600
2019-12-02 00:00:00-05:00,64.6225033766023,64.85945763961855,63.69888129319268,63.870548248291016,94487200
2019-12-03 00:00:00-05:00,62.456097887636844,62.75107878804116,61.96769003365425,62.73173904418945,114430400
2019-12-04 00:00:00-05:00,63.12342226464594,63.66502354195214,63.02912166077709,63.28541564941406,67181600
2019-12-05 00:00:00-05:00,63.781095971846014,64.28885095304722,63.52480193558771,64.2138900756836,74424400
2019-12-06 00:00:00-05:00,64.67329323847352,65.52438218840273,64.6297659007449,65.45426177978516,106075600
2019-12-09 00:00:00-05:00,65.28258170328826,65.47600862349609,64.05188502996313,64.53787994384766,128042400
2019-12-10 00:00:00-05:00,64.94409814672522,65.2995259255182,64.28159564264737,64.91508483886719,90420400
2019-12-11 00:00:00-05:00,64.99484891870932,65.54854394773184,64.91989543978755,65.46875,78756800
2019-12-12 00:00:00-05:00,64.74582148054621,65.90156481108771,64.63460135668024,65.6355972290039,137310400
2019-12-13 00:00:00-05:00,65.63560541898762,66.56406814785298,65.50745839237051,66.52780151367188,133587600
2019-12-16 00:00:00-05:00,66.97510992369841,67.89148623744535,66.9702768320452,67.66661834716797,128186000
2019-12-17 00:00:00-05:00,67.59650579088537,68.12843364836294,67.41032476881718,67.79960632324219,114158400
2019-12-18 00:00:00-05:00,67.65210278218578,68.15985773199434,67.48768914244279,67.6375961303711,116028400
2019-12-19 00:00:00-05:00,67.57958021163519,67.98578128422166,67.44660008937991,67.70530700683594,98369200
2019-12-20 00:00:00-05:00,68.23965230704795,68.34119887066039,67.35228940968788,67.5650634765625,275978000
2019-12-23 00:00:00-05:00,67.82860773498058,68.72805700839405,67.78992087196913,68.66761016845703,98572000
2019-12-24 00:00:00-05:00,68.83445648296811,68.88281691516765,68.40649543518947,68.73290252685547,48478800
2019-12-26 00:00:00-05:00,68.86589861252266,70.11352265541711,68.83688530109183,70.09659576416016,93121200
2019-12-27 00:00:00-05:00,70.38914556978074,71.07824112439688,69.66378338150392,70.06998443603516,146266000
2019-12-30 00:00:00-05:00,69.98776610931984,70.76874192675591,68.96259007950816,70.48584747314453,144114400
2019-12-31 00:00:00-05:00,70.10142031241222,71.00812307795023,70.00228659126148,71.00086975097656,100805600
2020-01-02 00:00:00-05:00,71.62709199861638,72.68128882574726,71.37321819790198,72.62084197998047,135480400
2020-01-03 00:00:00-05:00,71.84713288403621,72.67646199266805,71.6899725313061,71.91483306884766,146322800
2020-01-06 00:00:00-05:00,71.03472433546915,72.52654850385467,70.78326336625187,72.48786163330078,118387200
2020-01-07 00:00:00-05:00,72.49752175701711,72.75381577050801,71.9269071243437,72.14693450927734,108872000
2020-01-08 00:00:00-05:00,71.84954036585081,73.60975223726805,71.84954036585081,73.3075180053711,132079200
2020-01-09 00:00:00-05:00,74.28674867142341,75.05805096656148,74.03529512111521,74.8646240234375,170108400
2020-01-10 00:00:00-05:00,75.09918473493423,75.5996865359302,74.53098274192678,75.03389739990234,140644800
2020-01-13 00:00:00-05:00,75.35062150930146,76.66352519200935,75.23214067732687,76.63692474365234,121532000
2020-01-14 00:00:00-05:00,76.57406362681236,76.78441745974806,75.47876712733354,75.6020736694336,161954400
2020-01-15 00:00:00-05:00,75.40139772921896,76.28392021153914,74.84528231468065,75.27808380126953,121923600
2020-01-16 00:00:00-05:00,75.82210636141797,76.33228158869747,75.45942527825108,76.22105407714844,108829200
2020-01-17 00:00:00-05:00,76.4700857814728,77.06730085653118,76.16301849026416,77.06488800048828,137816400
2020-01-21 00:00:00-05:00,76.69253240808335,77.1350000250309,76.40480486276103,76.5426254272461,110843200
2020-01-22 00:00:00-05:00,77.02861598860008,77.36953706088629,76.7215486894379,76.81584930419922,101832400
2020-01-23 00:00:00-05:00,76.86902733138429,77.26555469566965,76.3201653975001,77.1857681274414,104472000
2020-01-24 00:00:00-05:00,77.43240886934917,78.17711075717362,76.77232666197627,76.96334075927734,146537600
2020-01-27 00:00:00-05:00,74.96859100895418,75.38204534370864,73.71613420898714,74.70021057128906,161940000
2020-01-28 00:00:00-05:00,75.58272644118536,76.9850901077203,75.48359274307904,76.81342315673828,162234000
2020-01-29 00:00:00-05:00,78.44791850299463,79.2699941203994,77.70562947444549,78.42131805419922,216229200
2020-01-30 00:00:00-05:00,77.50251438540494,78.36085647268922,77.06971298993307,78.30766296386719,126743200
2020-01-31 00:00:00-05:00,77.59682491329659,78.01995284367814,74.54063615595594,74.83561706542969,199588400
2020-02-03 00:00:00-05:00,73.57589206005755,75.79791852993898,73.07297758859362,74.63008880615234,173788400
2020-02-04 00:00:00-05:00,76.23798079684781,77.2849243200521,75.83177975550196,77.09391021728516,136616400
2020-02-05 00:00:00-05:00,78.22305134186004,78.52287271376575,77.11808861152979,77.7225570678711,118826800
2020-02-06 00:00:00-05:00,77.99335327455661,78.63408832571153,77.43482504328904,78.63166809082031,105425600
2020-02-07 00:00:00-05:00,78.12999061671879,78.3796223944295,77.070873196759,77.5628662109375,117684000
2020-02-10 00:00:00-05:00,76.14503551271558,77.93123626708984,76.06505957583339,77.93123626708984,109348800
2020-02-11 00:00:00-05:00,78.42809351227764,78.50079892091712,77.242943577511,77.46106719970703,94323200
2020-02-12 00:00:00-05:00,77.91185062961374,79.30542744679461,77.91185062961374,79.30058288574219,113730400
2020-02-13 00:00:00-05:00,78.5710817713545,79.06307473499535,78.36749924118695,78.73588562011719,94747600
2020-02-14 00:00:00-05:00,78.70437073623225,79.00490364230242,78.24631193166864,78.7552719116211,80113600
2020-02-18 00:00:00-05:00,76.43103399386973,77.49500334449696,76.24926307124777,77.313232421875,152531200
2020-02-19 00:00:00-05:00,77.55557609214306,78.66316843831524,77.55557609214306,78.43292236328125,93984000
2020-02-20 00:00:00-05:00,78.19301705340337,78.68258415194742,77.12177699482096,77.62831115722656,100566000
2020-02-21 00:00:00-05:00,77.22112369135226,77.66464882542346,75.25315194781216,75.87117004394531,129554000
2020-02-24 00:00:00-05:00,72.04429714392029,73.7214326099496,70.09813688315359,72.26726531982422,222195200
2020-02-25 00:00:00-05:00,72.93860713253768,73.3215345796045,69.34681232251152,69.81941223144531,230673600
2020-02-26 00:00:00-05:00,69.4437750386143,72.19457695777584,69.43650449629831,70.9270248413086,198054800
2020-02-27 00:00:00-05:00,68.12772055016481,69.31528870252646,66.15489724457306,66.29061889648438,320605600
2020-02-28 00:00:00-05:00,62.34985890817242,67.47579797874893,62.13415384073174,66.25186920166016,426510000
2020-03-02 00:00:00-05:00,68.41371468951469,73.0573558601896,67.30854828272852,72.4199447631836,341397200
2020-03-03 00:00:00-05:00,73.59784230488941,73.67781826113942,69.26684065673096,70.11995697021484,319475600
2020-03-04 00:00:00-05:00,71.8455487891952,73.53238053099778,71.04333387511636,73.37242126464844,219178400
2020-03-05 00:00:00-05:00,71.6225878078589,72.5993032659202,70.62648670581913,70.9924545288086,187572800
2020-03-06 00:00:00-05:00,68.34586817457833,70.48349603940056,68.15925268654892,70.04966735839844,226176800
2020-03-09 00:00:00-04:00,63.92276760464713,67.3982263851532,63.740996701505956,64.50928497314453,286744800
2020-03-10 00:00:00-04:00,67.16797734192903,69.42193323548972,65.28482634158217,69.15533447265625,285290000
2020-03-11 00:00:00-04:00,67.228565607775,68.15680559462812,65.88830129483978,66.75353240966797,255598800
2020-03-12 00:00:00-04:00,62.02992228152743,65.43751995097615,60.105573880896614,60.16131591796875,418474000
2020-03-13 00:00:00-04:00,64.19905949793468,67.8417479064298,61.30526258468153,67.369140625,370732000
2020-03-16 00:00:00-04:00,58.63929618574619,62.7909413516552,58.166692548418034,58.70231246948242,322423600
2020-03-17 00:00:00-04:00,59.98682095947624,62.43466692909921,57.77891021775957,61.28345489501953,324056000
2020-03-18 00:00:00-04:00,58.110939221051666,60.59029297407206,57.46867989664371,59.78322982788086,300233600
2020-03-19 00:00:00-04:00,59.957742995624386,61.27861092543495,58.79925664194976,59.32518005371094,271857200
2020-03-20 00:00:00-04:00,59.90684466812261,61.033826561579104,55.25835823713997,55.55888748168945,401693200
2020-03-23 00:00:00-04:00,55.27773981437753,55.37953106884565,51.52841196651316,54.378578186035156,336752800
2020-03-24 00:00:00-04:00,57.28449233521307,60.03044512491102,56.785228864020425,59.83413314819336,287531200
2020-03-25 00:00:00-04:00,60.77208009260678,62.589789367560115,59.2088508557747,59.50453186035156,303602000
2020-03-26 00:00:00-04:00,59.74689210565115,62.6940018839561,59.70811342087556,62.63583755493164,252087200
2020-03-27 00:00:00-04:00,61.25678876823437,62.01295447288908,59.87533077006206,60.04256057739258,204216800
2020-03-30 00:00:00-04:00,60.76965331673908,61.92813964643738,60.444886473049856,61.75606155395508,167976400
2020-03-31 00:00:00-04:00,61.947531717359034,63.61739674195396,61.0750298122147,61.630035400390625,197002000
2020-04-01 00:00:00-04:00,59.74203186534972,60.280073989764986,57.9558311223944,58.38723373413086,176218400
2020-04-02 00:00:00-04:00,58.24909696369412,59.41485388495063,57.415373743181505,59.361534118652344,165934000
2020-04-03 00:00:00-04:00,58.84530096187596,59.54814697291925,57.91705710849798,58.508419036865234,129880000
2020-04-06 00:00:00-04:00,60.80841319029708,63.767640864717485,60.44002689202477,63.61253356933594,201820400
2020-04-07 00:00:00-04:00,65.63140455674476,65.84953553567023,62.7715455925078,62.87575912475586,202887200
2020-04-08 00:00:00-04:00,63.677979447206575,64.80011298883151,63.31201906395062,64.48504638671875,168895200
2020-04-09 00:00:00-04:00,65.12246020269797,65.45449387759112,64.15301536095346,64.95037841796875,161834800
2020-04-13 00:00:00-04:00,65.02793942933454,66.33426997710056,64.4268809310659,66.22520446777344,131022800
2020-04-14 00:00:00-04:00,67.86112752488982,69.86060717517675,67.38852028540254,69.56977081298828,194994800
2020-04-15 00:00:00-04:00,68.44279864460466,69.39527634714266,68.0138220005389,68.9347915649414,131154400
2020-04-16 00:00:00-04:00,69.64976614355342,69.8485041120879,68.43068954557212,69.48253631591797,157125200
2020-04-17 00:00:00-04:00,68.99782307580948,69.5455618535008,67.1001303953059,68.53975677490234,215250000
2020-04-20 00:00:00-04:00,67.36428617146147,68.2682885484201,67.09768742099124,67.11707305908203,130015200
2020-04-21 00:00:00-04:00,66.95954292864836,67.19463355650954,64.3299227872178,65.04246520996094,180991600
2020-04-22 00:00:00-04:00,66.31244725801642,67.35217892207115,65.9707244599182,66.91593170166016,116862400
2020-04-23 00:00:00-04:00,66.86018347385354,68.28526852206619,66.61782227235553,66.65660095214844,124814400
2020-04-24 00:00:00-04:00,67.18254138642631,68.59065965571317,67.13406617796697,68.58096313476562,126161200
2020-04-27 00:00:00-04:00,68.29739158061335,68.9614663795542,67.84902922262711,68.62943267822266,117087600
2020-04-28 00:00:00-04:00,69.09233090667134,69.27410181526112,67.42489198474726,67.51698303222656,112004800
2020-04-29 00:00:00-04:00,69.00750504510519,70.20476992848462,68.80392253083471,69.73458862304688,137280800
2020-04-30 00:00:00-04:00,70.27504532581419,71.3826376879092,69.88484737820362,71.2057113647461,183064000
2020-05-01 00:00:00-04:00,69.37587363783626,72.465978053146,69.2789306648462,70.05933380126953,240616800
2020-05-04 00:00:00-04:00,70.08360206516988,71.17907219230422,69.39287106137577,71.05062103271484,133568000
2020-05-05 00:00:00-04:00,71.51110134148117,72.95072758723038,71.36568312949365,72.11700439453125,147751200
2020-05-06 00:00:00-04:00,72.81984880576161,73.49361268962589,72.43449536031221,72.86105346679688,142333600
2020-05-07 00:00:00-04:00,73.48874385404358,73.9613510271122,73.1857924344547,73.6147689819336,115215200
2020-05-08 00:00:00-04:00,74.27579824490549,75.42040745275091,73.94772346356687,75.366943359375,133838400
2020-05-11 00:00:00-04:00,74.8736214980084,77.04862158939132,74.66462279176794,76.55287170410156,145946400
2020-05-12 00:00:00-04:00,77.2381835420649,77.69019956686239,75.5565080151993,75.67801666259766,162301200
2020-05-13 00:00:00-04:00,75.85782927883679,76.78129923204625,73.68525458009285,74.76425170898438,200622400
2020-05-14 00:00:00-04:00,74.0011951417901,75.28432609802991,73.27700096934342,75.22357177734375,158929200
2020-05-15 00:00:00-04:00,72.99022818793124,74.82500534999646,72.95620221512807,74.7788314819336,166348400
2020-05-18 00:00:00-04:00,76.10573008655975,76.91497442156756,75.41312930756065,76.54072570800781,135178400
2020-05-19 00:00:00-04:00,76.55773324993602,77.40586118201702,76.06684101530527,76.09843444824219,101729600
2020-05-20 00:00:00-04:00,76.95870121876094,77.64886932121465,76.91981756866943,77.57839965820312,111504800
2020-05-21 00:00:00-04:00,77.43988355018321,77.98181472796601,76.76186329555514,77.0000228881836,102688800
2020-05-22 00:00:00-04:00,76.73755327647146,77.57839828930445,76.63549018604292,77.49577331542969,81803200
2020-05-26 00:00:00-04:00,78.61607981377851,78.79591020427941,76.91495907592241,76.97085571289062,125522000
2020-05-27 00:00:00-04:00,76.82749926533644,77.45204814265487,76.0862919880059,77.30623626708984,112945200
2020-05-28 00:00:00-04:00,76.9805722755511,78.6015006101808,76.70353646464031,77.34024047851562,133560800
2020-05-29 00:00:00-04:00,77.58327517421819,78.04500657374922,76.90768735815497,77.26492309570312,153532400
2020-06-01 00:00:00-04:00,77.21874600870194,78.33662705652523,77.08751459195024,78.21511840820312,80791200
2020-06-02 00:00:00-04:00,77.94779558300193,78.60151268485856,77.50550233633703,78.57720947265625,87642800
2020-06-03 00:00:00-04:00,78.89798738729773,79.27223605785474,78.32446277639103,79.00977325439453,104491200
2020-06-04 00:00:00-04:00,78.83237798726375,79.13128449132041,77.95508176147044,78.32933044433594,87560400
2020-06-05 00:00:00-04:00,78.57963713789907,80.62098075901221,78.55047625158724,80.56022644042969,137250400
2020-06-08 00:00:00-04:00,80.25644625054122,81.07055551560038,79.54440749293843,81.03652954101562,95654400
2020-06-09 00:00:00-04:00,80.71576353395018,83.98919920003063,80.68417010070951,83.59551239013672,147712400
2020-06-10 00:00:00-04:00,84.5457098689179,86.21523738880465,84.10584918729383,85.7462158203125,166651600
2020-06-11 00:00:00-04:00,84.88837976456844,85.31366007611484,81.5274534799194,81.6295166015625,201662400
2020-06-12 00:00:00-04:00,83.77290143753015,84.52139125719145,81.22122047332958,82.33423614501953,200146000
2020-06-15 00:00:00-04:00,80.98549256096754,84.00619497470306,80.82266775236279,83.35247802734375,138808800
2020-06-16 00:00:00-04:00,85.41085390565064,85.83370902956554,83.77291975886371,85.5615234375,165428800
2020-06-17 00:00:00-04:00,86.30757705703857,86.36833137108918,85.3209275901605,85.44243621826172,114406400
2020-06-18 00:00:00-04:00,85.39869601495222,85.89445330068732,84.86648762356708,85.4764633178711,96820400
2020-06-19 00:00:00-04:00,86.18363944319607,86.65022840110043,83.87740074194414,84.98799133300781,264476000
2020-06-22 00:00:00-04:00,85.38169655946604,87.35499583192716,85.33552267955825,87.21161651611328,135445200
2020-06-23 00:00:00-04:00,88.45829429442931,90.4947803881452,88.03787170937105,89.07312774658203,212155600
2020-06-24 00:00:00-04:00,88.7013070407747,89.62234460688504,87.12655239933392,87.50080108642578,192623200
2020-06-25 00:00:00-04:00,87.65633451294114,88.70130583433298,86.89568925164441,88.66242218017578,137522400
2020-06-26 00:00:00-04:00,88.55792002381165,88.77906661891221,85.78994989080277,85.93819427490234,205256800
2020-06-29 00:00:00-04:00,85.84585558837018,88.01357302520984,85.3671112421525,87.91879272460938,130646000
2020-06-30 00:00:00-04:00,87.50565292250278,88.9394607092836,87.48621480460635,88.65269470214844,140223200
2020-07-01 00:00:00-04:00,88.7304656885215,89.2748220077914,88.43641686423359,88.48501586914062,110737200
2020-07-02 00:00:00-04:00,89.39390551485566,90.03060958463712,88.37080487027472,88.48501586914062,114041600
2020-07-06 00:00:00-04:00,89.91637951083226,91.3210188724847,89.88478608277487,90.85199737548828,118655600
2020-07-07 00:00:00-04:00,91.23112145924068,92.01120488127154,90.45832825923631,90.57011413574219,112424400
2020-07-08 00:00:00-04:00,91.549467922268,92.71109019742121,91.46197784699565,92.67949676513672,117092000
2020-07-09 00:00:00-04:00,93.57378326638127,93.62724735467383,92.02819721331936,93.07803344726562,125642800
2020-07-10 00:00:00-04:00,92.67221565599948,93.2992044388239,92.05981473407041,93.24087524414062,90257200
2020-07-13 00:00:00-04:00,94.54828649886589,97.16315436612251,92.59685836455567,92.81071472167969,191649200
2020-07-14 00:00:00-04:00,92.19104129715517,94.53858935423052,91.25543060561826,94.34661102294922,170989200
2020-07-15 00:00:00-04:00,96.22510426302838,96.47541172354836,93.79493186330134,94.99543762207031,153198000
2020-07-16 00:00:00-04:00,93.8654293721476,94.6843964625213,93.22629270528407,93.82654571533203,110577600
2020-07-17 00:00:00-04:00,94.27854726393537,94.43407445102358,93.16309153453818,93.63697814941406,92186800
2020-07-20 00:00:00-04:00,93.72447392303613,95.74880452196625,93.37938613595313,95.61028289794922,90318000
2020-07-21 00:00:00-04:00,96.40250793502297,96.47784268487361,94.04038010462556,94.29068756103516,103433200
2020-07-22 00:00:00-04:00,93.99180109556946,95.2384810662524,93.90431842493187,94.55560302734375,89001600
2020-07-23 00:00:00-04:00,94.28827601915101,94.36604333190014,89.44008553110294,90.25176239013672,197004400
2020-07-24 00:00:00-04:00,88.44613797665554,90.37326313898976,86.65509447529368,90.0281753540039,185438800
2020-07-27 00:00:00-04:00,91.09258321042107,92.25420534467249,90.86901149818567,92.16185760498047,121214000
2020-07-28 00:00:00-04:00,91.7317355771427,91.90914086643643,90.64301546203014,90.64788055419922,103625600
2020-07-29 00:00:00-04:00,91.1314746598381,92.57014013630604,91.09502355323384,92.38544464111328,90329200
2020-07-30 00:00:00-04:00,91.5567407848433,93.60780678551026,91.14847362110889,93.50331115722656,158130000
2020-07-31 00:00:00-04:00,100.01132775994397,103.44273037041387,98.0088604443455,103.29206085205078,374336800
2020-08-03 00:00:00-04:00,105.1778638999422,108.51935112132352,104.87895742584206,105.89476776123047,308151200
2020-08-04 00:00:00-04:00,106.08433124379282,107.69553697101213,105.36013709111648,106.60195922851562,173071600
2020-08-05 00:00:00-04:00,106.32249256981191,107.30914213352884,105.855896128936,106.98835754394531,121776800
2020-08-06 00:00:00-04:00,107.32128306989559,111.21684951983971,106.73075289757836,110.7210922241211,202428800
2020-08-07 00:00:00-04:00,110.24148657363267,110.69918395823287,107.40523237781791,108.20376586914062,198045600
2020-08-10 00:00:00-04:00,109.65231698977226,110.79656040754556,107.12038216987283,109.77648162841797,212403600
2020-08-11 00:00:00-04:00,109.03882559792697,109.53790628694743,106.25125778841227,106.51175689697266,187902400
2020-08-12 00:00:00-04:00,107.60485108105323,110.30964446896022,107.41008973072623,110.05158233642578,165598000
2020-08-13 00:00:00-04:00,111.43443386689364,113.00472456165949,110.94508601296111,111.99925231933594,210082000
2020-08-14 00:00:00-04:00,111.82394347790165,111.98949137768707,110.08566824114567,111.8994140625,165565200
2020-08-17 00:00:00-04:00,113.0241893774422,113.04853640766869,110.97916514281515,111.6072769165039,119561600
2020-08-18 00:00:00-04:00,111.35895378278491,112.96332424198891,111.0229840865938,112.53727722167969,105633600
2020-08-19 00:00:00-04:00,112.94628453517508,114.09539455025546,112.58353829409737,112.67848205566406,145538000
2020-08-20 00:00:00-04:00,112.71987050380967,115.29319632845385,112.70282683961905,115.17877197265625,126907200
2020-08-21 00:00:00-04:00,116.14038992246533,121.59866299277932,116.12822012492774,121.11418914794922,338054800
2020-08-24 00:00:00-04:00,125.3284093838819,125.41362769585429,120.69302357078764,122.56275939941406,345937600
2020-08-25 00:00:00-04:00,121.43313953220415,121.90300674261194,119.83119859572422,121.55729675292969,211495600
2020-08-26 00:00:00-04:00,122.87684013317619,123.66807037859338,121.80806709697056,123.21037292480469,163022400
2020-08-27 00:00:00-04:00,123.81412407030223,124.14765680517117,120.59076927456684,121.7374496459961,155552400
2020-08-28 00:00:00-04:00,122.71371757611423,123.13246125062976,121.31628565950032,121.54026794433594,187630000
2020-08-31 00:00:00-04:00,124.24016267088327,127.57063079085206,122.7015227453997,125.66193389892578,225702700
2020-09-01 00:00:00-04:00,129.28454878420325,131.27115314665346,127.11293080171876,130.66737365722656,151948100
2020-09-02 00:00:00-04:00,133.9880937468652,134.36788352935133,123.67532784914934,127.96013641357422,200119000
2020-09-03 00:00:00-04:00,123.58771183000317,125.46718052250692,117.34551135279557,117.71556091308594,257599600
2020-09-04 00:00:00-04:00,116.92675642232243,120.46172607121798,107.98707405063666,117.79345703125,332607200
2020-09-08 00:00:00-04:00,110.96697001005361,115.87503183912058,109.7302198285856,109.8665542602539,231366600
2020-09-09 00:00:00-04:00,114.19033711230628,116.02111927354656,112.24269366983658,114.24876403808594,176940500
2020-09-10 00:00:00-04:00,117.20917767854652,117.345512119,109.5549387003112,110.5190200805664,182274400
2020-09-11 00:00:00-04:00,111.57075280375336,112.21347869736357,107.12038789476668,109.06803131103516,180860300
2020-09-14 00:00:00-04:00,111.71685009538828,112.89517370850896,109.84711382149453,112.34009552001953,140150100
2020-09-15 00:00:00-04:00,115.23231354049031,115.71922434822025,110.63587432677251,112.51535034179688,184642000
2020-09-16 00:00:00-04:00,112.21348694471548,112.96332644603498,109.10699308995494,109.19463348388672,154679000
2020-09-17 00:00:00-04:00,106.847719970666,109.26279366804528,105.86415795625577,107.45148468017578,178011000
2020-09-18 00:00:00-04:00,107.50992424081115,107.97735452695603,103.31274738543307,104.0431137084961,287104900
2020-09-21 00:00:00-04:00,101.80332242964299,107.30541657570868,100.40101679009732,107.19829559326172,195713800
2020-09-22 00:00:00-04:00,109.73024617645395,109.90553440635527,106.30239653909264,108.88301849365234,183055400
2020-09-23 00:00:00-04:00,108.69798613288378,109.17515670886098,103.97494471367466,104.31578826904297,150718700
2020-09-24 00:00:00-04:00,102.41681178710614,107.36382710009974,102.2512639048569,105.38697052001953,167743300
2020-09-25 00:00:00-04:00,105.59149358674422,109.49652091920656,104.85138696986856,109.34070587158203,149981400
2020-09-28 00:00:00-04:00,111.99924032348427,112.30112268518972,109.82761457566852,111.95054626464844,137672400
2020-09-29 00:00:00-04:00,111.55127413308996,112.29137324538236,110.59692563716497,111.10330963134766,99382200
2020-09-30 00:00:00-04:00,110.81118070719012,114.19034345635778,110.6456327885037,112.7782974243164,142675200
2020-10-01 00:00:00-04:00,114.5603747595532,114.6382822722583,112.79776000519932,113.73262786865234,116120400
2020-10-02 00:00:00-04:00,109.93472330652477,112.34980421996083,109.28226459701011,110.06131744384766,144712000
2020-10-05 00:00:00-04:00,110.9280312426724,113.59630056815382,110.57745484315866,113.45022583007812,106243800
2020-10-06 00:00:00-04:00,112.6711862279405,113.08019705568263,109.3115037828743,110.19768524169922,161498200
2020-10-07 00:00:00-04:00,111.61944859952521,112.52510309938262,111.14227060574487,112.0674057006836,96849000
2020-10-08 00:00:00-04:00,113.20677195191192,113.35284669197739,111.59022437328177,111.96028137207031,83477200
2020-10-09 00:00:00-04:00,112.26217489170202,113.93714956117775,111.91159845252474,113.9079360961914,100506900
2020-10-12 00:00:00-04:00,116.91703480605202,121.90300475026318,116.1574550435818,121.14342498779297,240226800
2020-10-13 00:00:00-04:00,121.99062070958497,122.10748196874273,116.51774842489903,117.9297866821289,262330500
2020-10-14 00:00:00-04:00,117.83244278615233,119.80929993505694,116.48857131996704,118.01747131347656,150712000
2020-10-15 00:00:00-04:00,115.61210017102462,118.02717354979713,115.05702216278772,117.55000305175781,112559200
2020-10-16 00:00:00-04:00,118.10511346082514,118.36804952245832,115.69977228869678,115.9042739868164,115393800
2020-10-19 00:00:00-04:00,116.81964609469402,117.26760316923634,112.63221739110126,112.94384002685547,120639300
2020-10-20 00:00:00-04:00,113.15808815638162,115.86531895269678,112.60301003753486,114.43379974365234,124423700
2020-10-21 00:00:00-04:00,113.6157704572297,115.60236752064498,113.40152850485114,113.81053924560547,89946000
2020-10-22 00:00:00-04:00,114.37535784081969,114.94991651803686,111.59022713214819,112.71986389160156,101988000
2020-10-23 00:00:00-04:00,113.34310783010538,113.49892286939378,111.28834343492714,112.02845001220703,82572600
2020-10-26 00:00:00-04:00,111.02541726060738,113.49892534064216,109.92499395326571,112.03819274902344,111850700
2020-10-27 00:00:00-04:00,112.46666475299311,114.20980646740922,111.54153712055215,113.547607421875,92276800
2020-10-28 00:00:00-04:00,112.03819835998142,112.40824796037595,108.19159788494271,108.28897857666016,143937800
2020-10-29 00:00:00-04:00,109.42835336524011,113.86897819384106,109.26279802021777,112.3011245727539,146129200
2020-10-30 00:00:00-04:00,108.15264357304628,109.058298117793,104.90008242224502,106.01023864746094,190272600
2020-11-02 00:00:00-05:00,106.25368777978908,107.7825875731632,104.51054602064647,105.9225845336914,122866900
2020-11-03 00:00:00-05:00,106.78930171860765,108.57138995878809,105.88364715111534,107.54888153076172,107624400
2020-11-04 00:00:00-05:00,111.15202546490423,112.56406417680968,109.40888346027108,111.9408187866211,138235500
2020-11-05 00:00:00-05:00,114.86227219398131,116.48856015953854,113.81055035278919,115.91400146484375,126387100
2020-11-06 00:00:00-05:00,115.42137214222052,116.27981104293774,113.2850208285467,115.78231048583984,114457900
2020-11-09 00:00:00-05:00,117.54796519416685,119.00146077117734,113.20698522415755,113.47036743164062,154515300
2020-11-10 00:00:00-05:00,112.71924303088868,114.70926027820961,111.33402473178882,113.12895202636719,138023400
2020-11-11 00:00:00-05:00,114.31905635772775,116.6992756479048,113.58743002030904,116.56270599365234,112295000
2020-11-12 00:00:00-05:00,116.68951003006755,117.57721266130524,115.66523032076788,116.28955078125,103162300
2020-11-13 00:00:00-05:00,116.51393137193214,116.7382926065819,114.98239392252158,116.33834075927734,81581900
2020-11-16 00:00:00-05:00,116.00667744857009,118.0259659670156,115.25554430373279,117.35287475585938,91183000
2020-11-17 00:00:00-05:00,116.62126333074048,117.7138207724506,116.04571329913442,116.46517944335938,74271000
2020-11-18 00:00:00-05:00,115.70426632741369,116.88462258409794,115.10920964823985,115.13847351074219,76322100
2020-11-19 00:00:00-05:00,114.70924831286501,116.14323708994871,113.94835813134821,115.73352813720703,74113000
2020-11-20 00:00:00-05:00,115.73355626823427,115.86036884848178,114.41663006147002,114.46540069580078,73604300
2020-11-23 00:00:00-05:00,114.30928976416926,114.73851289474325,110.96331862784551,111.06086730957031,127959300
2020-11-24 00:00:00-05:00,111.11940679633499,113.01187511139322,109.83173735450882,112.3485336303711,113874200
2020-11-25 00:00:00-05:00,112.71924799503968,113.88984730295674,112.34855250829112,113.18748474121094,76499200
2020-11-27 00:00:00-05:00,113.71425025675507,114.61171017176824,113.37282609805314,113.73375701904297,46691300
2020-11-30 00:00:00-05:00,114.1044534951316,118.00646092624498,113.94836962549256,116.13349914550781,169410200
2020-12-01 00:00:00-05:00,118.04547767580269,120.44521126709455,117.06997585287974,119.71358489990234,127728200
2020-12-02 00:00:00-05:00,119.03072137520432,120.34765470402952,117.92840706667509,120.06475830078125,89004200
2020-12-03 00:00:00-05:00,120.49400051530282,120.74763311235886,119.21609531136755,119.92821502685547,78967600
2020-12-04 00:00:00-05:00,119.59652058101604,119.85015313585949,118.54297683857845,119.25509643554688,78260400
2020-12-07 00:00:00-05:00,119.31362823363807,121.51826448637165,119.25510050455729,120.71835327148438,86712000
2020-12-08 00:00:00-05:00,121.3231513423879,121.9182079857445,120.07450289170544,121.33290100097656,82225500
2020-12-09 00:00:00-05:00,121.47923011856346,122.86444079891501,118.03571017773018,118.79660034179688,115089200
2020-12-10 00:00:00-05:00,117.54796759030177,120.83541135490303,117.20654344679436,120.22084045410156,81312200
2020-12-11 00:00:00-05:00,119.4306853501199,119.75260272945025,117.5967446503537,119.41117858886719,86939800
2020-12-14 00:00:00-05:00,119.59651146844232,120.32813777119685,118.56248200881195,118.79660034179688,79184500
2020-12-15 00:00:00-05:00,121.29389217444482,124.76668369873353,121.08903768627563,124.7471694946289,157243700
2020-12-16 00:00:00-05:00,124.28869924138645,125.22517271917499,123.45951668180213,124.67889404296875,98208600
2020-12-17 00:00:00-05:00,125.74217838024781,126.40552735664411,124.90324622140852,125.54708099365234,94359800
2020-12-18 00:00:00-05:00,125.80073287061994,125.93730254262911,123.03030357595766,123.55707550048828,192541500
2020-12-21 00:00:00-05:00,121.95724006069578,125.16664209419943,120.42570242817166,125.0886001586914,121251600
2020-12-22 00:00:00-05:00,128.38579552066017,131.11720360206039,126.47380539818704,128.64918518066406,168904800
2020-12-23 00:00:00-05:00,128.92233114348466,129.18570593208332,127.57613379518217,127.7517318725586,88223700
2020-12-24 00:00:00-05:00,128.1028988014902,130.19047198118514,127.88828722259836,128.73696899414062,54930100
2020-12-28 00:00:00-05:00,130.7075172282758,133.97543996952834,130.23926555506839,133.34136962890625,124486200
2020-12-29 00:00:00-05:00,134.66803693280866,135.38989879452387,131.04891842415702,131.56593322753906,121047300
2020-12-30 00:00:00-05:00,132.25854107096032,132.65850039720306,130.1319393225058,130.44410705566406,96452100
2020-12-31 00:00:00-05:00,130.79529332577445,131.4391281363561,128.4931083029186,129.43934631347656,99116600
2021-01-04 00:00:00-05:00,130.24902933388864,130.33682094023055,123.65463382486577,126.23971557617188,143301900
2021-01-05 00:00:00-05:00,125.732432185154,128.5126183969194,125.28369478714089,127.80049133300781,97664900
2021-01-06 00:00:00-05:00,124.59109992908554,127.83952293982475,123.28392355422082,123.49853515625,155088000
2021-01-07 00:00:00-05:00,125.2154100658018,128.40530507940545,124.72765917194701,127.71269226074219,109578200
2021-01-08 00:00:00-05:00,129.18572887365838,129.38084119094302,127.03962734834683,128.81504821777344,105158200
2021-01-11 00:00:00-05:00,126.0250752376433,126.98106279830377,125.35197663907473,125.8202133178711,100384500
2021-01-12 00:00:00-05:00,125.35199214859502,126.512841772657,123.75216965353734,125.64464569091797,91951100
2021-01-13 00:00:00-05:00,125.60560987814115,128.2297121742047,125.34223510205064,127.68343353271484,88636800
2021-01-14 00:00:00-05:00,127.59565111508242,127.79074851750292,125.60561890945137,125.751953125,90221800
2021-01-15 00:00:00-05:00,125.62512143938797,127.02984642222248,123.88872941476652,124.02529907226562,111598500
2021-01-19 00:00:00-05:00,124.64962433562887,125.5568487900098,123.83020635972,124.69840240478516,90757300
2021-01-20 00:00:00-05:00,125.50803566127003,129.24420846332558,125.40072989309188,128.79547119140625,104319500
2021-01-21 00:00:00-05:00,130.52216914763383,136.24836106173234,130.31730718048644,133.51695251464844,120150900
2021-01-22 00:00:00-05:00,132.941396802551,136.4239457057513,131.7122697758214,135.66305541992188,114459400
2021-01-25 00:00:00-05:00,139.5650506326583,141.53555356505598,133.19501014057846,139.41871643066406,157611700
2021-01-26 00:00:00-05:00,140.08207048216735,140.76491879465476,137.9066906570604,139.65284729003906,98390600
2021-01-27 00:00:00-05:00,139.91623636383397,140.76493317496252,136.97023121686135,138.57980346679688,140843800
2021-01-28 00:00:00-05:00,136.1020139559467,138.51150456888308,133.35109176240107,133.73153686523438,142621100
2021-01-29 00:00:00-05:00,132.5024370834889,133.39014746675434,127.0201206630646,128.7272491455078,177523800
2021-02-01 00:00:00-05:00,130.4733300219918,132.06340228376865,127.72240855449851,130.85377502441406,106239800
2021-02-02 00:00:00-05:00,132.40484514955168,132.97063793703109,131.31228797923288,131.6829833984375,83305400
2021-02-03 00:00:00-05:00,132.43408117608152,132.4438457176768,130.33675885922807,130.65867614746094,89880900
2021-02-04 00:00:00-05:00,132.96089184283247,134.0339348395979,131.29277729666717,134.02418518066406,84183100
2021-02-05 00:00:00-05:00,134.18538039178418,134.25375979845862,132.72970551008535,133.6089630126953,75693800
2021-02-08 00:00:00-05:00,132.8958097444442,133.80438990060523,131.81138402031524,133.7555389404297,71297200
2021-02-09 00:00:00-05:00,133.47221241675678,134.703191022344,132.71996427692022,132.8762664794922,76774200
2021-02-10 00:00:00-05:00,133.3354359263558,133.83369484015344,131.3033582625716,132.2705535888672,73046600
2021-02-11 00:00:00-05:00,132.76880394646017,133.2475195180307,130.68789013114852,132.0165557861328,64280000
2021-02-12 00:00:00-05:00,131.2545039467926,132.40730890611044,130.60970715231767,132.25099182128906,60145100
2021-02-16 00:00:00-05:00,132.36822526546072,132.87623338492867,129.73042314316442,130.1212158203125,80576300
2021-02-17 00:00:00-05:00,128.22592008727972,129.17357188926405,126.4869335636258,127.82536315917969,97918500
2021-02-18 00:00:00-05:00,126.22314621553218,127.00471668426331,124.47439552190117,126.72140502929688,96856700
2021-02-19 00:00:00-05:00,127.23920118949448,127.69837331294384,125.8323772289022,126.87771606445312,87668800
2021-02-22 00:00:00-05:00,125.06058423119387,126.73119158884104,122.70611563671171,123.0969009399414,103916400
2021-02-23 00:00:00-05:00,120.9085152328345,123.790542905723,115.66223979910613,122.96012878417969,158273000
2021-02-24 00:00:00-05:00,122.06132638305527,122.66703652293154,119.41376694425402,122.46187591552734,111039900
2021-02-25 00:00:00-05:00,121.80731459672973,123.54630136895392,117.76270273555825,118.20233154296875,148199500
2021-02-26 00:00:00-05:00,119.76546069067267,121.97339123226033,118.40748759144725,118.46611022949219,164560400
2021-03-01 00:00:00-05:00,120.89873262438095,124.98242344672663,119.96085244148553,124.84564971923828,116307900
2021-03-02 00:00:00-05:00,125.45137262840403,125.75422768741775,122.12970884679918,122.23717498779297,102260900
2021-03-03 00:00:00-05:00,121.93433503760676,122.81360023861244,119.03276360109341,119.24769592285156,112966300
2021-03-04 00:00:00-05:00,118.94482157612892,120.75219519765207,115.88694096141373,117.36214447021484,178155000
2021-03-05 00:00:00-05:00,118.19254894756571,119.13042905694537,114.86111388754063,118.62240600585938,153766600
2021-03-08 00:00:00-05:00,118.14372104814352,118.2121079198701,113.53247068712139,113.67901611328125,154376600
2021-03-09 00:00:00-05:00,116.28749919238894,119.24768556736947,116.05303097701893,118.30003356933594,129525800
2021-03-10 00:00:00-05:00,118.88621431520569,119.35515074210788,116.6978194776284,117.21561431884766,111943300
2021-03-11 00:00:00-05:00,119.71660926571059,120.37117029395523,118.46610238977786,119.14997100830078,103026500
2021-03-12 00:00:00-05:00,117.62593507823823,118.37819067624436,116.41450728444738,118.24141693115234,88105100
2021-03-15 00:00:00-04:00,118.61264438141345,121.14296565074109,117.64544920841006,121.13319396972656,92403800
2021-03-16 00:00:00-04:00,122.80380564002117,124.28878824765125,121.8463895081631,122.67680358886719,115227900
2021-03-17 00:00:00-04:00,121.19181960287058,122.96011377623877,119.52121242763155,121.88545989990234,111932600
2021-03-18 00:00:00-04:00,120.04879862379342,120.34188949905379,117.54778431505103,117.75294494628906,121229700
2021-03-19 00:00:00-04:00,117.13744953418819,118.63219642756981,116.92251724428318,117.22537231445312,185549500
2021-03-22 00:00:00-04:00,117.55754145534942,121.01597906896609,117.4891545867303,120.54703521728516,111912300
2021-03-23 00:00:00-04:00,120.48842032011387,121.37744961429632,119.3258360971887,119.71662139892578,95467100
2021-03-24 00:00:00-04:00,119.99016171261569,120.06832025902025,117.30352317223472,117.32305908203125,88530500
2021-03-25 00:00:00-04:00,116.78573572681165,118.85689248276148,116.25817671953361,117.81153869628906,98844700
2021-03-26 00:00:00-04:00,117.57705830576778,118.681027160581,116.18000611307438,118.41724395751953,94071200
2021-03-29 00:00:00-04:00,118.84711303361424,119.75568557783248,117.94831217045024,118.59310150146484,80819200
2021-03-30 00:00:00-04:00,117.34261178230456,117.6259309453577,116.12141234859779,117.137451171875,85671900
2021-03-31 00:00:00-04:00,118.84712206732044,120.67403152206795,118.35864232800027,119.33560180664062,118323800
2021-04-01 00:00:00-04:00,120.81081245730563,121.31882810556307,119.66776420491013,120.166015625,75089100
2021-04-05 00:00:00-04:00,121.01596487325654,123.25320281794392,120.2343943633399,122.99919128417969,88651200
2021-04-06 00:00:00-04:00,123.58538215009409,124.20086397868832,122.75496802953083,123.30206298828125,80171300
2021-04-07 00:00:00-04:00,122.9308040653247,124.97264564977796,122.25669968882636,124.95310974121094,83466700
2021-04-08 00:00:00-04:00,125.97894388704515,127.3857681682116,125.55885839300804,127.35646057128906,88844600
2021-04-09 00:00:00-04:00,126.80934062609239,129.97467972929905,126.48694221609573,129.93560791015625,106686700
2021-04-12 00:00:00-04:00,129.4666782429754,129.78907666965299,127.62022536816302,128.21617126464844,91420000
2021-04-13 00:00:00-04:00,129.38851701920058,131.5573682758643,128.89025813953373,131.33265686035156,91266500
2021-04-14 00:00:00-04:00,131.83088533083696,131.88950050146093,128.62646014086016,128.98793029785156,87222800
2021-04-15 00:00:00-04:00,130.7367214787142,131.88952648063574,130.56086102498654,131.4010467529297,89347100
2021-04-16 00:00:00-04:00,131.20566716980846,131.56713742369558,130.2091642804324,131.0688934326172,84922400
2021-04-19 00:00:00-04:00,130.43388762542403,132.34873524717673,130.26780626090414,131.73324584960938,94264200
2021-04-20 00:00:00-04:00,131.90910268119194,132.40734676088633,128.773055489456,130.04310607910156,94812300
2021-04-21 00:00:00-04:00,129.31038459657415,130.66835796341914,128.27480971487938,130.4241180419922,68847100
2021-04-22 00:00:00-04:00,129.97468618567086,131.05911183417535,128.38225232698375,128.90003967285156,84566500
2021-04-23 00:00:00-04:00,129.11498342731704,132.0067754754205,129.11498342731704,131.2252197265625,78657500
2021-04-26 00:00:00-04:00,131.72343292327406,131.94812940312053,130.48269035616056,131.615966796875,66905100
2021-04-27 00:00:00-04:00,131.89930451580292,132.2900972832069,131.02004687677868,131.29359436035156,66015800
2021-04-28 00:00:00-04:00,131.215434597292,131.9090824360274,130.0137785264441,130.50225830078125,107760100
2021-04-29 00:00:00-04:00,133.32568628970844,133.9118680499025,129.39830427373977,130.40457153320312,151101000
2021-04-30 00:00:00-04:00,128.74371056977085,130.4826971366181,128.0500777328737,128.43109130859375,109839500
2021-05-03 00:00:00-04:00,128.99772630286216,130.98096780991455,128.79257315513814,129.4862060546875,75135100
2021-05-04 00:00:00-04:00,128.1673226815826,128.4604135210105,123.78076904048892,124.9042739868164,137564700
2021-05-05 00:00:00-04:00,126.22317565406054,127.44437513776317,125.02151953611882,125.14852905273438,84000900
2021-05-06 00:00:00-04:00,124.9433664034469,126.7605119103582,124.2008749981171,126.75074768066406,78128300
2021-05-07 00:00:00-04:00,128.0523104766034,128.45353294404637,126.71159220501285,127.42599487304688,78973300
2021-05-10 00:00:00-04:00,126.64307929080063,126.77028959754912,124.0986641002731,124.13780975341797,88071200
2021-05-11 00:00:00-04:00,120.85945057211671,123.57022200829172,120.14505539288761,123.21792602539062,126142800
2021-05-12 00:00:00-04:00,120.7615847905906,121.97507024694492,119.63617145947643,120.14505004882812,112172300
2021-05-13 00:00:00-04:00,121.91635859091211,123.45279014468096,121.60320080499332,122.29801940917969,105861300
2021-05-14 00:00:00-04:00,123.55064345219544,125.15557794607483,123.15919437572654,124.72498321533203,81918000
2021-05-17 00:00:00-04:00,124.10846439728725,124.21611308729157,122.493741513493,123.57022094726562,74244600
2021-05-18 00:00:00-04:00,123.85400999222864,124.27481643282015,122.11206948298421,122.18057250976562,63342900
2021-05-19 00:00:00-04:00,120.526708706034,122.24907261430089,120.23312004612022,122.02399444580078,92612000
2021-05-20 00:00:00-04:00,122.55245283263278,124.98921189653866,122.42522759234049,124.58797454833984,76857100
2021-05-21 00:00:00-04:00,125.08705974461714,125.26321143434745,122.5328639766621,122.74816131591797,79295400
2021-05-24 00:00:00-04:00,123.31577808732766,125.20451299175396,123.24727505830785,124.3824691772461,63092900
2021-05-25 00:00:00-04:00,125.08707232073915,125.5763892558692,123.61914391415893,124.1867446899414,72009500
2021-05-26 00:00:00-04:00,124.2454584329989,124.66626487146893,123.71700331494795,124.13780975341797,56575900
2021-05-27 00:00:00-04:00,123.73658864679605,124.91092845931593,122.40566621059594,122.60138702392578,94625600
2021-05-28 00:00:00-04:00,122.88517484618893,123.11026047811285,121.88698685438862,121.9457015991211,71311100
2021-06-01 00:00:00-04:00,122.40565507263037,122.66987889321037,121.29003011236857,121.62275695800781,67637100
2021-06-02 00:00:00-04:00,121.62277149311544,122.56224486317687,121.3976932979945,122.38609313964844,59278900
2021-06-03 00:00:00-04:00,122.01420743170851,122.18057085645934,120.49734511687012,120.8985824584961,76229200
2021-06-04 00:00:00-04:00,121.41725514528493,123.4625726722834,121.20195777757243,123.1983413696289,75169300
2021-06-07 00:00:00-04:00,123.47233842818432,123.61913274883781,122.16099275389007,123.20811462402344,71057600
2021-06-08 00:00:00-04:00,123.89316056697146,125.71339992147556,123.51149976456149,124.03016662597656,74403800
2021-06-09 00:00:00-04:00,124.49011076278654,125.01856587063828,123.81486132504213,124.41181945800781,56877900
2021-06-10 00:00:00-04:00,124.30418997670186,125.44917995366876,123.24728706405148,123.41365051269531,71186400
2021-06-11 00:00:00-04:00,123.82464615632547,124.71519292427574,123.40383973769605,124.62711334228516,53522400
2021-06-14 00:00:00-04:00,125.08704829617355,127.74888502386584,124.35308423385061,127.69017028808594,96906500
2021-06-15 00:00:00-04:00,127.16174509617252,127.80763716841207,126.62350170263956,126.86815643310547,62746300
2021-06-16 00:00:00-04:00,127.5825688225318,128.0914549417621,125.71341766779094,127.36727142333984,91815000
2021-06-17 00:00:00-04:00,127.02475612675201,129.71595852379107,126.87795430920667,128.97219848632812,96721700
2021-06-18 00:00:00-04:00,127.91527085168754,128.6981539513698,127.45531881772834,127.67061614990234,108953300
2021-06-21 00:00:00-04:00,127.5140752227446,129.5789621778242,126.44738395822412,129.4713134765625,79663300
2021-06-22 00:00:00-04:00,129.30493548234813,131.21323957880873,128.80583022689916,131.11537170410156,74783600
2021-06-23 00:00:00-04:00,130.90986486619562,131.4481082905956,130.38140225586088,130.8413543701172,60214200
2021-06-24 00:00:00-04:00,131.57531327793558,131.76125326543314,130.08780831049526,130.55755615234375,68711000
2021-06-25 00:00:00-04:00,130.6065302752054,131.02732938057292,129.97041880999774,130.26400756835938,70783700
2021-06-28 00:00:00-04:00,130.5575512774318,132.35820647299622,130.4988365325281,131.89825439453125,62111300
2021-06-29 00:00:00-04:00,131.91784473362776,133.57171323969362,131.4774691683095,133.41513061523438,64556100
2021-06-30 00:00:00-04:00,133.2585598021392,134.47205285044467,132.96497108839114,134.03167724609375,63261400
2021-07-01 00:00:00-04:00,133.67934909478365,134.39373671805686,132.85729786155665,134.33502197265625,52485800
2021-07-02 00:00:00-04:00,134.95154646914781,137.00665222554704,134.8047596004936,136.96751403808594,78852600
2021-07-06 00:00:00-04:00,137.07514056705634,140.08927328827994,137.07514056705634,138.9834442138672,108181800
2021-07-07 00:00:00-04:00,140.47095165667832,141.79209315711816,139.60977717070656,141.47894287109375,104911600
2021-07-08 00:00:00-04:00,138.552902550019,140.97987388720128,137.66235553006024,140.1774139404297,105575500
2021-07-09 00:00:00-04:00,139.69782910576936,142.53581755942153,139.5999612559728,142.0073699951172,99890800
2021-07-12 00:00:00-04:00,143.08389123520334,143.19153992301273,140.92113666468427,141.4104461669922,76299700
2021-07-13 00:00:00-04:00,140.95043964862026,144.30710930406315,140.5589981708443,142.52601623535156,100827100
2021-07-14 00:00:00-04:00,144.93347581872183,146.37204690308326,144.52244270958388,145.9610137939453,127050800
2021-07-15 00:00:00-04:00,146.049134291831,146.7928795056103,143.94509405939093,145.3053741455078,106820300
2021-07-16 00:00:00-04:00,145.28575790906999,146.55795044061162,142.7609195385989,143.260009765625,93251400
2021-07-19 00:00:00-04:00,140.6765047742497,140.98967007423758,138.64097512195883,139.404296875,121434600
2021-07-20 00:00:00-04:00,140.39267418261483,143.9548463868521,139.903364731854,143.025146484375,96350000
2021-07-21 00:00:00-04:00,142.4184239807626,143.00560136245917,141.53767284075886,142.29119873046875,74993500
2021-07-22 00:00:00-04:00,142.81962687748307,145.03129994046702,142.69240165790706,143.66123962402344,77338200
2021-07-23 00:00:00-04:00,144.39522150375126,145.540203823437,143.77868681909763,145.3836212158203,71447400
2021-07-26 00:00:00-04:00,145.09986688786083,146.62651038671302,144.54204679960304,145.80447387695312,72434100
2021-07-27 00:00:00-04:00,145.93167338372012,146.0197604502271,142.438011010238,143.63192749023438,104818600
2021-07-28 00:00:00-04:00,141.71380929809172,143.82762983683932,139.49234007637435,141.8801727294922,118931200
2021-07-29 00:00:00-04:00,141.59633152623226,143.41656276970735,141.4886828799636,142.52601623535156,56699500
2021-07-30 00:00:00-04:00,141.29299652730543,143.2013003278204,141.0287652526068,142.74134826660156,70440600
2021-08-02 00:00:00-04:00,143.23069737931422,143.80807908589327,142.14442954077148,142.40866088867188,62880000
2021-08-03 00:00:00-04:00,142.69242718670878,144.87474327138378,142.0758924677375,144.20928955078125,64786600
2021-08-04 00:00:00-04:00,144.1212402333895,144.6301114181793,143.1524019406391,143.80807495117188,56368300
2021-08-05 00:00:00-04:00,143.83740388535773,144.67901674920688,143.044724953746,143.9156951904297,46397700
2021-08-06 00:00:00-04:00,143.43545395856697,144.18031321751994,142.72979152170154,143.22962951660156,54126800
2021-08-09 00:00:00-04:00,143.28844350778914,143.7784860744744,142.62199279545507,143.18063354492188,48908700
2021-08-10 00:00:00-04:00,143.52369224868931,144.768404754264,142.40639561637695,142.70042419433594,69023100
2021-08-11 00:00:00-04:00,143.14143401871405,143.79808925109194,142.63178557160285,142.95521545410156,48493500
2021-08-12 00:00:00-04:00,143.27866898429832,146.0817134736757,142.9356331555097,145.92489624023438,72282600
2021-08-13 00:00:00-04:00,146.00327568224543,146.46391686661144,145.31721911667208,146.1306915283203,59375000
2021-08-16 00:00:00-04:00,145.58183697281834,148.17907151070028,143.55306855336707,148.11045837402344,103296000
2021-08-17 00:00:00-04:00,147.2381714308299,148.65929174841725,146.1208750829786,147.198974609375,92229700
2021-08-18 00:00:00-04:00,146.81676211636082,147.71843868222086,143.23944225684676,143.4452667236328,86326000
2021-08-19 00:00:00-04:00,142.14173267222196,145.05258644801074,141.622288795524,143.77847290039062,86960300
2021-08-20 00:00:00-04:00,144.50375147276918,145.54263929990177,143.85689170892408,145.2388153076172,60549600
2021-08-23 00:00:00-04:00,145.3564180367249,147.19898280077066,144.94478409144247,146.72854614257812,60131800
2021-08-24 00:00:00-04:00,146.4737528853132,147.85567682100066,146.1797242886901,146.64036560058594,48606400
2021-08-25 00:00:00-04:00,146.82656183724308,147.32641486181075,144.8565959634032,145.4054412841797,58991300
2021-08-26 00:00:00-04:00,145.39564242211458,146.15029724311051,144.57235950525344,144.6017608642578,48597200
2021-08-27 00:00:00-04:00,144.54295000853472,145.7876623043235,143.90590065942186,145.64065551757812,55802400
2021-08-30 00:00:00-04:00,146.0327017624141,150.43328990399013,145.6504691143869,150.07064819335938,90956700
2021-08-31 00:00:00-04:00,149.61980794744622,149.7570192751645,148.27708107451022,148.80633544921875,86453100
2021-09-01 00:00:00-04:00,149.7864127413778,151.89358979635324,149.30616564221367,149.4727783203125,80313700
2021-09-02 00:00:00-04:00,150.80569255452266,151.63877088807703,149.36496623243957,150.59007263183594,71115500
2021-09-03 00:00:00-04:00,150.6978879757905,151.5505722295667,150.04123271684918,151.22714233398438,57808700
2021-09-07 00:00:00-04:00,151.88380185111185,154.12819033773275,151.31535065096162,153.56954956054688,82278300
2021-09-08 00:00:00-04:00,153.85378127804458,153.9125840013745,150.91352547223326,152.02102661132812,74420200
2021-09-09 00:00:00-04:00,152.39344334318108,153.00109134257815,150.88410385737802,151.00172424316406,57305700
2021-09-10 00:00:00-04:00,151.913208557541,152.38364527408532,145.73866870260662,146.0032958984375,140893200
2021-09-13 00:00:00-04:00,147.63024065247,148.4045013917985,145.78767566355324,146.57174682617188,102404300
2021-09-14 00:00:00-04:00,147.35581250665328,148.06147503126564,143.98431710126377,145.1702117919922,109296300
2021-09-15 00:00:00-04:00,145.6014315873286,146.46391121069288,143.45504295049025,146.06207275390625,83281300
2021-09-16 00:00:00-04:00,145.48385292412618,146.00329689602742,144.28814775543293,145.82687377929688,68034100
2021-09-17 00:00:00-04:00,145.85628990076225,145.85628990076225,142.85721655963627,143.1512451171875,129868800
2021-09-20 00:00:00-04:00,140.9362883779443,141.95557064898003,138.45667342670893,140.09341430664062,123478900
2021-09-21 00:00:00-04:00,141.06362035823236,141.7202904382326,139.93652864223833,140.57357788085938,75834000
2021-09-22 00:00:00-04:00,141.57327607190967,143.5138401956772,140.83821231768903,142.94540405273438,76404300
2021-09-23 00:00:00-04:00,143.72950643098542,144.15095089583022,142.73962563993675,143.9059295654297,64838200
2021-09-24 00:00:00-04:00,142.75917793206216,144.53312930531135,142.66116345473728,143.99407958984375,53477900
2021-09-27 00:00:00-04:00,142.57302062293067,143.05326784019874,140.95588573699447,142.47500610351562,74150700
2021-09-28 00:00:00-04:00,140.39721878980419,141.86734673524717,138.86828811932986,139.0839080810547,108972300
2021-09-29 00:00:00-04:00,139.63274915010976,141.57331379089658,139.20150923995394,139.98558044433594,74602000
2021-09-30 00:00:00-04:00,140.79905567653873,141.50471827835372,138.4664479119328,138.68206787109375,89056700
2021-10-01 00:00:00-04:00,139.07407919128337,140.07377024882607,136.3396481559879,139.80914306640625,94639600
2021-10-04 00:00:00-04:00,138.93689850768203,139.37794889395659,135.51641009222305,136.36907958984375,98322000
2021-10-05 00:00:00-04:00,136.71208674487298,139.40732098204438,136.5846708862709,138.29981994628906,80861100
2021-10-06 00:00:00-04:00,136.6924894245597,139.31911068566103,135.61438968012922,139.17210388183594,83221100
2021-10-07 00:00:00-04:00,140.21097072484505,141.34787301957712,139.87774538308582,140.43638610839844,61732700
2021-10-08 00:00:00-04:00,141.1616851390563,141.30869195269068,139.72095854577975,140.05418395996094,58773200
2021-10-11 00:00:00-04:00,139.43668783947464,141.92609699331564,138.98584218937734,139.96592712402344,64452200
2021-10-12 00:00:00-04:00,140.37759646472705,140.3972023557475,138.2312075228374,138.6918487548828,73035900
2021-10-13 00:00:00-04:00,138.4272507387237,138.58405301825053,136.42786838688212,138.10382080078125,78762700
2021-10-14 00:00:00-04:00,139.27992936716066,141.01468462005715,138.6918721765435,140.89706420898438,69907100
2021-10-15 00:00:00-04:00,140.90683736173654,142.01432334240727,140.6520056675818,141.9555206298828,67940300
2021-10-18 00:00:00-04:00,140.59322990540383,143.9157183941278,140.30901175541666,143.63150024414062,85589200
2021-10-19 00:00:00-04:00,144.08233605883038,146.1993239178965,143.63150519092176,145.7974853515625,76378900
2021-10-20 00:00:00-04:00,145.73867600634514,146.76776852622643,145.17022475769727,146.2875213623047,58418800
2021-10-21 00:00:00-04:00,145.84648796823797,146.65996054435885,144.92520541323566,146.50314331054688,61421000
2021-10-22 00:00:00-04:00,146.70893638746674,147.1891685001861,145.67984407392174,145.72885131835938,58883400
2021-10-25 00:00:00-04:00,145.71905217231605,146.3953133151153,144.68016431145858,145.6798553466797,50720600
2021-10-26 00:00:00-04:00,146.35610894373843,147.83603205253846,146.04247453516768,146.3463134765625,60893400
2021-10-27 00:00:00-04:00,146.38551919710656,146.74814591850827,145.53284989871335,145.88568115234375,56094900
2021-10-28 00:00:00-04:00,146.83638172945626,150.1196583975848,146.7383672208912,149.5316162109375,100077900
2021-10-29 00:00:00-04:00,144.2881507382271,146.953983796825,143.49428408381266,146.8167724609375,124953200
2021-11-01 00:00:00-04:00,146.02288585396352,146.71873790698544,144.85658218082636,145.9934844970703,74588300
2021-11-02 00:00:00-04:00,145.69947786176533,148.5515295481681,145.68966743805245,147.0323944091797,69122000
2021-11-03 00:00:00-04:00,147.3949991515026,148.94353542048876,146.83635841514152,148.4730987548828,54511500
2021-11-04 00:00:00-04:00,148.5613223792471,149.39438585976856,147.64003986144715,147.95367431640625,60394600
2021-11-05 00:00:00-04:00,149.08241350820953,149.3866809675717,147.28623804705754,148.4836883544922,65463900
2021-11-08 00:00:00-05:00,148.61125082696094,148.76829688592568,147.38435657268,147.6591796875,55020900
2021-11-09 00:00:00-05:00,147.42364425293005,148.63090428124968,147.28623266415173,148.02236938476562,56787900
2021-11-10 00:00:00-05:00,147.2469643655917,147.35493167322633,145.11707745747125,145.18577575683594,65187100
2021-11-11 00:00:00-05:00,146.20655148055175,146.6678499743664,144.95019789623214,145.13668823242188,41000000
2021-11-12 00:00:00-05:00,145.68635239017757,147.61993930798695,144.75391557147125,147.217529296875,63804000
2021-11-15 00:00:00-05:00,147.59049667940786,149.07259482755015,146.66786961475387,147.2273406982422,59222800
2021-11-16 00:00:00-05:00,147.16845811789992,148.6898103620709,146.5795427405627,148.2088623046875,59256200
2021-11-17 00:00:00-05:00,148.20882281861407,152.134884350233,148.19901305641005,150.65280151367188,88807000
2021-11-18 00:00:00-05:00,150.86876512432602,155.73707397326015,150.2209612525499,154.9518585205078,137827700
2021-11-19 00:00:00-05:00,154.7359321301873,158.04364996719235,153.63663942388337,157.58233642578125,117305600
2021-11-22 00:00:00-05:00,158.6914137046002,162.63711008012285,158.02399037507982,158.0436248779297,117467900
2021-11-23 00:00:00-05:00,158.14175900279403,158.8091972734481,156.11983964250277,158.42640686035156,96041900
2021-11-24 00:00:00-05:00,157.77863404441763,159.1429401409732,156.68915112006468,158.94664001464844,69463600
2021-11-26 00:00:00-05:00,156.62043026238874,157.48415368919132,153.46975902346642,153.91143798828125,76959800
2021-11-29 00:00:00-05:00,156.42411700388635,158.2104823634522,155.85483622919187,157.27804565429688,88748200
2021-11-30 00:00:00-05:00,157.0326326568922,162.46041087482277,156.96391939950183,162.24447631835938,174048100
2021-12-01 00:00:00-05:00,164.38423368988907,167.15211495820313,161.4887655737255,161.72433471679688,152052500
2021-12-02 00:00:00-05:00,155.80580379875286,161.16487100269978,154.88317666704097,160.73300170898438,136739200
2021-12-03 00:00:00-05:00,160.98817654426608,161.91080351077787,156.76765689784938,158.8484649658203,118023100
2021-12-06 00:00:00-05:00,161.25320051090569,164.77685309775336,161.24339074597364,162.26417541503906,107497000
2021-12-07 00:00:00-05:00,165.95464971119893,168.4084385672728,165.22832281817514,168.0158233642578,120405400
2021-12-08 00:00:00-05:00,168.9482820266579,172.7074885052505,167.54470695562583,171.84375,116998900
2021-12-09 00:00:00-05:00,171.67689521138408,173.4828803001478,170.70518938695935,171.33335876464844,108923700
2021-12-10 00:00:00-05:00,171.971348678727,176.3096456774387,171.4609563916024,176.13296508789062,115402700
2021-12-13 00:00:00-05:00,177.77209005921313,178.76343034110303,172.28542177740803,172.49154663085938,153237000
2021-12-14 00:00:00-05:00,172.01061281459928,174.45459210584534,169.02681191245964,171.1076202392578,139380400
2021-12-15 00:00:00-05:00,171.87319557243478,176.18204841367742,169.12494892495155,175.98574829101562,131063300
2021-12-16 00:00:00-05:00,175.96612607483445,177.7917457988914,167.59379870515536,169.0758819580078,150185800
2021-12-17 00:00:00-05:00,166.78895245401213,170.26352635111277,166.55339827572786,167.97659301757812,195432700
2021-12-20 00:00:00-05:00,165.1694450305174,167.42693392036205,164.3646100212536,166.61227416992188,107499100
2021-12-21 00:00:00-05:00,168.38881382109983,169.99849880489631,165.9939133625086,169.79238891601562,91185900
2021-12-22 00:00:00-05:00,169.8414404758155,172.6093214552471,168.96789225444832,172.3933868408203,92135300
2021-12-23 00:00:00-05:00,172.59954661267835,173.58106233984344,172.03026569371363,173.02159118652344,68356600
2021-12-27 00:00:00-05:00,173.8165882709296,177.08503690822866,173.7969687428298,176.9967041015625,74919600
2021-12-28 00:00:00-05:00,176.82983503623868,177.97820636728795,175.22995998807548,175.9759063720703,79144300
2021-12-29 00:00:00-05:00,176.01516073597656,177.29113376768368,174.84715499872323,176.06423950195312,62348900
2021-12-30 00:00:00-05:00,176.1526111960713,177.23228437904302,174.79811483502314,174.9060821533203,59773000
2021-12-31 00:00:00-05:00,174.79811232201894,175.91703952431234,173.9834525641687,174.28773498535156,64062300
2022-01-03 00:00:00-05:00,174.5429321185891,179.4995892112378,174.42515503160624,178.64566040039062,104487900
2022-01-04 00:00:00-05:00,179.25420553725706,179.55847298837972,175.80907606705392,176.37835693359375,99310400
2022-01-05 00:00:00-05:00,176.29003276011701,176.83967914737053,171.41189860813105,171.6867218017578,94537600
2022-01-06 00:00:00-05:00,169.50772129643173,172.0596675486128,168.46731727841166,168.82066345214844,96904000
2022-01-07 00:00:00-05:00,169.69424129913546,170.92113587009246,167.86862157848182,168.987548828125,86709100
2022-01-10 00:00:00-05:00,165.95465755063788,169.31143906710747,165.06147477041716,169.00717163085938,106765600
2022-01-11 00:00:00-05:00,169.13477238363146,171.9418925722171,167.66249900972133,171.84375,76138300
2022-01-12 00:00:00-05:00,172.86452151388104,173.90492564658769,171.58856322387598,172.28543090820312,74805200
2022-01-13 00:00:00-05:00,172.53080900021536,173.35527850038557,168.61455640929785,169.00717163085938,84505800
2022-01-14 00:00:00-05:00,168.1728627813742,170.56776300627916,167.9274839054903,169.8708953857422,80440800
2022-01-18 00:00:00-05:00,168.33972966979056,169.35068950665382,166.27855596311068,166.66134643554688,90956700
2022-01-19 00:00:00-05:00,166.85765136543813,167.91769000661554,162.87270044087128,163.15733337402344,94815000
2022-01-20 00:00:00-05:00,163.8934607946357,166.54354975921092,161.14521428529383,161.4691162109375,91420500
2022-01-21 00:00:00-05:00,161.38078458519854,163.25548287606637,159.2999764162496,159.40794372558594,122848900
2022-01-24 00:00:00-05:00,157.06215216881375,159.30000684733824,151.84048126776224,158.632568359375,162294600
2022-01-25 00:00:00-05:00,156.04133790955973,159.7514654895658,154.1175758189767,156.82655334472656,115798400
2022-01-26 00:00:00-05:00,160.4778233011423,161.3513717096446,154.9028210933392,156.73825073242188,108275300
2022-01-27 00:00:00-05:00,159.44720772831658,160.81151382611307,155.35428943492713,156.27691650390625,121954600
2022-01-28 00:00:00-05:00,162.64695192499494,167.2011835771804,159.79073801782928,167.18154907226562,179935700
2022-01-31 00:00:00-05:00,167.0146888598467,171.76522050687674,166.37669476906368,171.54928588867188,115541600
2022-02-01 00:00:00-05:00,170.7935005023778,171.60816013472234,169.12492720889244,171.38241577148438,86213900
2022-02-02 00:00:00-05:00,171.51984280427115,172.62896017118422,170.12609251689003,172.58969116210938,84914300
2022-02-03 00:00:00-05:00,171.25482156772748,172.9822984461671,168.93844437078735,169.7040252685547,89418100
2022-02-04 00:00:00-05:00,168.72129677126426,171.0996042103979,167.7385305552271,169.4190673828125,82465400
2022-02-07 00:00:00-05:00,169.88094594072888,170.95215737367448,168.00385912062177,168.70162963867188,77251200
2022-02-08 00:00:00-05:00,168.7704203940124,172.32804392038554,168.4755875609354,171.81700134277344,74829200
2022-02-09 00:00:00-05:00,173.01598763252147,173.60563833840823,171.8857975368838,173.2420196533203,71285000
2022-02-10 00:00:00-05:00,171.1388626912715,172.45576547110866,168.59350246849255,169.15367126464844,90865900
2022-02-11 00:00:00-05:00,169.3600823732159,170.09715694195197,165.14400744238606,165.73367309570312,98670700
2022-02-14 00:00:00-05:00,164.48557217382995,166.6574920486195,163.68953396046075,165.9695587158203,86185500
2022-02-15 00:00:00-05:00,168.02350743268553,169.969379951066,167.3159146994891,169.8121337890625,62527400
2022-02-16 00:00:00-05:00,168.8883606728898,170.35267256794222,167.11937868964532,169.5762939453125,61177400
2022-02-17 00:00:00-05:00,168.08250002280826,168.94733906736835,165.5666209795301,165.9695587158203,69589300
2022-02-18 00:00:00-05:00,166.893337952625,167.6009157130797,163.32589238939244,164.41676330566406,82772700
2022-02-22 00:00:00-05:00,162.13672755479107,163.81726398261975,159.35549802549073,161.4881134033203,91162800
2022-02-23 00:00:00-05:00,162.68708741626082,163.28657531432245,156.9968785115613,157.31137084960938,90009200
2022-02-24 00:00:00-05:00,149.95045639119465,160.04346864256559,149.38045024208816,159.93536376953125,141147500
2022-02-25 00:00:00-05:00,161.0163992959612,162.27433874391238,158.097582687372,162.00900268554688,91974200
2022-02-28 00:00:00-05:00,160.249841950296,162.569170605232,159.63069449285575,162.2743377685547,95056600
2022-03-01 00:00:00-05:00,161.86156976875884,163.72883431123614,159.17862257926774,160.38742065429688,83474400
2022-03-02 00:00:00-05:00,161.55689852854007,164.47571468295504,160.14171312084568,163.6894989013672,79724800
2022-03-03 00:00:00-05:00,165.5665898454482,165.99900928641364,162.69691491410015,163.3651885986328,76678400
2022-03-04 00:00:00-05:00,161.6552144893565,162.69694424174432,159.30640391691654,160.3579559326172,83737200
2022-03-07 00:00:00-05:00,160.54466966467405,162.17606497919274,156.29911294194886,156.5546417236328,96418800
2022-03-08 00:00:00-05:00,156.08290647641851,160.0729341178279,153.1149488975309,154.7266845703125,131148300
2022-03-09 00:00:00-05:00,158.69705635061237,160.59380261054181,156.66273844037977,160.1417236328125,91454900
2022-03-10 00:00:00-05:00,157.43909494191072,157.62582286314418,153.291821624197,155.78805541992188,105342000
2022-03-11 00:00:00-05:00,156.19098370126798,156.53495777871652,151.83733778352595,152.06336975097656,96970100
2022-03-14 00:00:00-04:00,148.83991330847238,151.4638968278343,147.51318815597864,148.0242156982422,108732100
2022-03-15 00:00:00-04:00,148.29941304803273,152.88894438184133,147.78838542286357,152.41720581054688,92964300
2022-03-16 00:00:00-04:00,154.34341096119434,157.24256780595263,151.79805049383225,156.83963012695312,102300200
2022-03-17 00:00:00-04:00,155.8765285127207,158.22533884354678,154.9134219533723,157.8518829345703,75615400
2022-03-18 00:00:00-04:00,157.7437919035887,161.64537478221072,157.00671727910074,161.15399169921875,123511700
2022-03-21 00:00:00-04:00,160.6920786569655,163.48314576119236,160.20069560988745,162.5298614501953,95811400
2022-03-22 00:00:00-04:00,162.6576150439786,166.50023417031582,162.06796436975657,165.91058349609375,81532000
2022-03-23 00:00:00-04:00,165.09489967753055,169.6647565186416,164.7607477720155,167.27664184570312,98062700
2022-03-24 00:00:00-04:00,168.11199336639177,171.13891523462917,167.2766510462142,171.07012939453125,90131400
2022-03-25 00:00:00-04:00,170.8833729038462,172.25923943454524,169.77284242104022,171.70889282226562,80546200
2022-03-28 00:00:00-04:00,169.202835000459,172.701479862601,169.03576656556126,172.57373046875,90371900
2022-03-29 00:00:00-04:00,173.6449558432296,175.92496554492044,173.3009816876461,175.87583923339844,100589400
2022-03-30 00:00:00-04:00,175.47290101025155,176.51463074136956,173.65477761444038,174.7063446044922,92633200
2022-03-31 00:00:00-04:00,174.77511451308345,174.96184246595325,171.39439682863326,171.6007843017578,103049300
2022-04-01 00:00:00-04:00,171.0307806751932,171.86613784627107,168.97680315531144,171.3059539794922,78751300
2022-04-04 00:00:00-04:00,171.56150664678344,175.413948439192,171.43374223920495,175.36480712890625,76468400
2022-04-05 00:00:00-04:00,174.4409814506257,175.22719732393347,171.41406008567415,172.04302978515625,73401800
2022-04-06 00:00:00-04:00,169.38957825115511,170.6376954902334,167.19801388325018,168.86871337890625,89058800
2022-04-07 00:00:00-04:00,168.2102636995684,170.37234630580983,166.92284239749918,169.17337036132812,77594700
2022-04-08 00:00:00-04:00,168.8195531941642,168.8195531941642,166.28401495074868,167.15867614746094,76575500
2022-04-11 00:00:00-04:00,165.8024881311143,166.11696550956904,162.64780210837338,162.89349365234375,72246700
2022-04-12 00:00:00-04:00,165.12433466236456,166.94244262331648,163.7681128892969,164.77053833007812,79265200
2022-04-13 00:00:00-04:00,164.50522763279633,168.0923181339545,163.89591740962862,167.46334838867188,70618900
2022-04-14 00:00:00-04:00,167.67951999560208,168.3183268545176,162.19568424725855,162.44137573242188,75329400
2022-04-18 00:00:00-04:00,161.09501447518673,163.72883537462482,160.75105534373716,162.22520446777344,69023900
2022-04-19 00:00:00-04:00,162.17608700137228,164.9278354365271,161.08521588941466,164.5150604248047,67723800
2022-04-20 00:00:00-04:00,165.8515768758342,165.96951898738345,163.23743083695035,164.3479461669922,67929800
2022-04-21 00:00:00-04:00,165.99903403048015,168.57387654535995,163.05073557985884,163.55194091796875,87227800
2022-04-22 00:00:00-04:00,163.59123952892807,164.97692823082195,158.71671343457257,159.001708984375,84882400
2022-04-25 00:00:00-04:00,158.343289375942,160.35796313638966,155.72914261422412,160.07296752929688,96046400
2022-04-26 00:00:00-04:00,159.45377338752408,159.54221872291836,154.01907895185514,154.0977020263672,95623200
2022-04-27 00:00:00-04:00,153.22305964573388,157.0361817522216,152.70219483485,153.87168884277344,88063200
2022-04-28 00:00:00-04:00,156.50552671868616,161.684709101551,156.1910343178655,160.8198699951172,130216800
2022-04-29 00:00:00-04:00,159.05085178561868,163.3357123056005,154.5399592760181,154.9330596923828,131747600
2022-05-02 00:00:00-04:00,154.00928950852122,155.50308325510557,150.6285715632027,155.2377471923828,123055300
2022-05-03 00:00:00-04:00,155.42445612408045,157.94034999172632,153.62600731797474,156.73153686523438,88966500
2022-05-04 00:00:00-04:00,156.91827280667675,163.61090803537846,156.51533507735743,163.15884399414062,108256500
2022-05-05 00:00:00-04:00,161.02623866112972,161.25227067537543,152.27961098375334,154.06825256347656,130525300
2022-05-06 00:00:00-04:00,153.54660360417492,156.92245186539364,151.74549742097102,154.7965545654297,116124600
2022-05-09 00:00:00-04:00,152.48365942752434,153.36945750408893,149.0979893908198,149.6589813232422,131577900
2022-05-10 00:00:00-04:00,153.064374412803,154.26511205747684,150.5152585828346,152.0703125,115366700
2022-05-11 00:00:00-04:00,151.07623770131187,152.9954442320576,143.5076602631258,144.186767578125,142689800
2022-05-12 00:00:00-04:00,140.51566592761506,143.89149901958908,136.60835102555794,140.30897521972656,182602000
2022-05-13 00:00:00-04:00,142.3069263815123,145.7615132406745,140.85029972421802,144.78713989257812,113990900
2022-05-16 00:00:00-04:00,143.251795072628,145.1906903336651,141.90341691040302,143.241943359375,86643800
2022-05-17 00:00:00-04:00,146.50952499662762,147.40515984638031,144.3639390388605,146.88352966308594,78336300
2022-05-18 00:00:00-04:00,144.5312355358542,145.03317719827086,137.69096444615863,138.59645080566406,109742900
2022-05-19 00:00:00-04:00,137.67132497142188,139.42321789277696,134.4431167780582,135.1812744140625,136095600
2022-05-20 00:00:00-04:00,136.89379579769508,138.47837485147704,130.51611778165204,135.41748046875,137426100
2022-05-23 00:00:00-04:00,135.61429152570187,140.99792151579808,135.47650272414663,140.8502960205078,117726300
2022-05-24 00:00:00-04:00,138.58662935862338,139.728316741357,135.16158222827767,138.14373779296875,104132700
2022-05-25 00:00:00-04:00,136.24416789439192,139.55111372624046,136.1555926085565,138.30117797851562,92482700
2022-05-26 00:00:00-04:00,135.22061822713323,142.06087507401406,134.97456571452705,141.5097198486328,90601500
2022-05-27 00:00:00-04:00,143.09428362757757,147.31653769335477,142.96633152872457,147.2771759033203,90978500
2022-05-31 00:00:00-04:00,146.71620151537235,148.28109191355486,144.5214022588055,146.4898223876953,103718400
2022-06-01 00:00:00-04:00,147.53305935939102,149.3440170056093,145.34811215987284,146.3618621826172,74286600
2022-06-02 00:00:00-04:00,145.49579813359537,148.88148368182337,144.5411130219896,148.8224334716797,72348100
2022-06-03 00:00:00-04:00,144.58044581379545,145.63355774291225,142.17898598193645,143.08445739746094,88570300
2022-06-06 00:00:00-04:00,144.70838950271786,146.22408125410382,142.61201747807138,143.8324432373047,71598400
2022-06-07 00:00:00-04:00,142.07070637844697,146.64727644838695,141.82465390118458,146.3618621826172,67808200
2022-06-08 00:00:00-04:00,146.23392365623158,147.50354794884595,145.13161326153673,145.62371826171875,53950200
2022-06-09 00:00:00-04:00,144.75760527366657,145.61386314826538,140.2794468730643,140.38771057128906,69473000
2022-06-10 00:00:00-04:00,138.0649615534637,138.5373780935634,134.8958045203365,134.96470642089844,91437900
2022-06-13 00:00:00-04:00,130.77199636565416,133.0652077917095,129.36458307542827,129.79763793945312,122207100
2022-06-14 00:00:00-04:00,131.02784884998516,131.77584285371236,129.40389375144395,130.66368103027344,84784300
2022-06-15 00:00:00-04:00,132.16956604237166,135.17140981281415,130.0732087681398,133.29156494140625,91533000
2022-06-16 00:00:00-04:00,129.99447151756362,130.29957424502024,127.00246441029934,128.00636291503906,108123900
2022-06-17 00:00:00-04:00,128.01617254583147,130.9786385599113,127.76026839310175,129.48263549804688,134520300
2022-06-21 00:00:00-04:00,131.31329785187046,134.8958216908251,131.21488586149243,133.724609375,81000500
2022-06-22 00:00:00-04:00,132.66165937450523,135.5847642777482,131.7955647861074,133.21282958984375,73409200
2022-06-23 00:00:00-04:00,134.65964445396372,136.40168566511255,133.48843193327303,136.0867462158203,72433800
2022-06-24 00:00:00-04:00,137.6909831751248,139.66925503284406,137.56304607780373,139.42320251464844,89116800
2022-06-27 00:00:00-04:00,140.4467743824865,141.2243087499828,138.74409516157192,139.42320251464844,70207900
2022-06-28 00:00:00-04:00,139.88575256629846,141.15537668110056,135.15170553041244,135.26980590820312,67083400
2022-06-29 00:00:00-04:00,135.2895293397043,138.44883540642064,134.51199493699397,137.0315704345703,66242400
2022-06-30 00:00:00-04:00,135.08278718877796,136.18509729491646,131.65774148909844,134.5611572265625,98964500
2022-07-01 00:00:00-04:00,133.89191616880768,136.84454604479996,133.51792659665477,136.7362823486328,71051600
2022-07-05 00:00:00-04:00,135.59460384717786,139.3739663068114,134.76785610712872,139.3247528076172,73353800
2022-07-06 00:00:00-04:00,139.11809758016227,141.84434862551257,138.85235665974255,140.66329956054688,74064300
2022-07-07 00:00:00-04:00,141.0274435938611,144.23597778940012,141.0176069003368,144.0391387939453,66253700
2022-07-08 00:00:00-04:00,142.96633860975416,145.22018791054785,142.7104494172261,144.71823120117188,64547800
2022-07-11 00:00:00-04:00,143.36985996820178,144.32454481016836,141.50970378477396,142.58248901367188,63141600
2022-07-12 00:00:00-04:00,143.45842725252902,146.1059542427383,142.7596466450458,143.55685424804688,77588800
2022-07-13 00:00:00-04:00,140.732208499025,144.13756705664937,139.87593549444708,143.19273376464844,71185600
2022-07-14 00:00:00-04:00,141.80497494021958,146.59807271073137,140.98807885917248,146.1256561279297,78140700
2022-07-15 00:00:00-04:00,147.41498678876548,148.47793549322745,145.85993303693337,147.798828125,76259900
2022-07-18 00:00:00-04:00,148.35983676190435,149.17673295190042,144.3836195242813,144.74778747558594,81420900
2022-07-19 00:00:00-04:00,145.58435379595355,148.8420867705286,144.59030701772662,148.61572265625,82982400
2022-07-20 00:00:00-04:00,148.73380801228873,151.29275997844778,147.99565052411046,150.6234893798828,64823400
2022-07-21 00:00:00-04:00,152.06043398607093,153.11354581836207,149.54085897142338,152.8970184326172,65086600
2022-07-22 00:00:00-04:00,152.93638205415488,153.81232830048907,150.98765057695607,151.6569061279297,66675400
2022-07-25 00:00:00-04:00,151.57815691157685,152.5918918778492,149.87547803878698,150.53489685058594,53623900
2022-07-26 00:00:00-04:00,149.85577431061836,150.67267022260623,148.41883645510177,149.20620727539062,55138700
2022-07-27 00:00:00-04:00,150.17075457850913,154.84575179759253,149.75738820549032,154.31427001953125,78620700
2022-07-28 00:00:00-04:00,154.50126486654779,155.15084700049968,151.97185324970047,154.8654327392578,81378700
2022-07-29 00:00:00-04:00,158.69403377664,161.04629519406532,156.98150288420325,159.9439697265625,101786900
2022-08-01 00:00:00-04:00,158.4676575395611,161.00692131549803,158.34955713719083,158.9597625732422,67829400
2022-08-02 00:00:00-04:00,157.57201926429306,159.84554184971918,157.1094393855953,157.48342895507812,59907000
2022-08-03 00:00:00-04:00,158.30035586863676,163.95956419348943,158.21178056001122,163.5068359375,82507500
2022-08-04 00:00:00-04:00,163.3887030177202,164.55007867195602,161.83364935538773,163.19186401367188,55474100
2022-08-05 00:00:00-04:00,160.85607517425956,163.45799860304652,160.64909732753878,162.9652099609375,56697000
2022-08-08 00:00:00-04:00,163.97044623861484,165.3896795729415,161.8317458807269,162.49208068847656,60276900
2022-08-09 00:00:00-04:00,161.65435324056202,163.4283949524473,160.89545469517256,162.54136657714844,63135500
2022-08-10 00:00:00-04:00,165.26155937141485,166.89762095148,164.49281044366623,166.799072265625,70170500
2022-08-11 00:00:00-04:00,167.6072389716485,168.52383349342222,165.76421460976547,166.0598907470703,57149200
2022-08-12 00:00:00-04:00,167.37074385189385,169.68684147739978,166.9567881529433,169.61785888671875,68039400
2022-08-15 00:00:00-04:00,169.04621123839397,170.8892358519702,168.8786649134066,170.69212341308594,54091700
2022-08-16 00:00:00-04:00,170.28802952506885,171.2046241525694,169.18418785976604,170.534423828125,56377100
2022-08-17 00:00:00-04:00,170.27817502867526,173.60941569871042,170.08106259876365,172.03250122070312,79542000
2022-08-18 00:00:00-04:00,171.2440198074247,172.37742744821887,170.62310142681395,171.63824462890625,62290100
2022-08-19 00:00:00-04:00,170.5344351473727,171.23420163153378,168.83924102673046,169.0462188720703,70346300
2022-08-22 00:00:00-04:00,167.2426018901802,167.41014821395845,164.72937695607638,165.15318298339844,69026800
2022-08-23 00:00:00-04:00,164.6702084046216,166.27670374105745,164.24640247078557,164.8180389404297,54147100
2022-08-24 00:00:00-04:00,164.90676099384123,165.68536025466128,163.85218632044496,165.1137237548828,53841500
2022-08-25 00:00:00-04:00,166.34571105112042,167.68609658373745,165.92192009296824,167.5776824951172,51218200
2022-08-26 00:00:00-04:00,168.10987338849657,168.58294613000282,161.20096910551,161.26010131835938,78961000
2022-08-29 00:00:00-04:00,158.82573564976346,160.55049548789057,157.5149314068537,159.05242919921875,73314000
2022-08-30 00:00:00-04:00,159.79164778477147,160.21543879278465,155.44524840968555,156.6180877685547,77906200
2022-08-31 00:00:00-04:00,157.99786809208942,158.2639781293564,154.87359037905333,154.9524383544922,87991100
2022-09-01 00:00:00-04:00,154.38082398932775,156.13515033839954,152.43923555152656,155.68179321289062,74229900
2022-09-02 00:00:00-04:00,157.44595106884975,158.04715373707748,152.7348934543625,153.56277465820312,76957800
2022-09-06 00:00:00-04:00,154.2132611313819,154.8243141649417,151.47335779942037,152.30123901367188,73714800
2022-09-07 00:00:00-04:00,152.58707487686897,154.41038374001005,151.39451980442465,153.71063232421875,87449600
2022-09-08 00:00:00-04:00,152.4096354211257,154.10482916146404,150.47789777328236,152.23223876953125,84923800
2022-09-09 00:00:00-04:00,153.22770515232838,155.54381783971746,152.51808828805244,155.1002960205078,68028800
2022-09-12 00:00:00-04:00,157.2882184041863,161.8908608554652,157.0024077119645,161.0728302001953,104956000
2022-09-13 00:00:00-04:00,157.5937645718297,158.2245332834512,151.15794762648912,151.6211700439453,122656600
2022-09-14 00:00:00-04:00,152.55747250443096,154.83416823515125,151.39449874644285,153.06997680664062,87965400
2022-09-15 00:00:00-04:00,152.41949313430064,153.0009950551444,149.19666683175186,150.17237854003906,90481100
2022-09-16 00:00:00-04:00,149.02911266156946,149.16709284731172,146.2300624042499,148.52645874023438,162278800
2022-09-19 00:00:00-04:00,147.15650634266927,152.3307858345421,146.94954358467322,152.25193786621094,81474200
2022-09-20 00:00:00-04:00,151.18751937449895,155.80002796923935,150.8721425262803,154.6370391845703,107689800
2022-09-21 00:00:00-04:00,155.0706831334898,156.45049997062233,151.3846347411177,151.50289916992188,101696800
2022-09-22 00:00:00-04:00,150.18225521296424,152.24210790592508,148.73345555804372,150.5370635986328,86652500
2022-09-23 00:00:00-04:00,149.00940896271652,149.28536935652284,146.41733629369975,148.26036071777344,96029900
2022-09-26 00:00:00-04:00,147.50146783564452,151.55219019297488,147.48175208341434,148.595458984375,93339400
2022-09-27 00:00:00-04:00,150.5370586818527,152.48849721993565,147.78729002305445,149.57118225097656,84442700
2022-09-28 00:00:00-04:00,145.5105969943164,148.46732818361193,142.75097820989805,147.67886352539062,146691400
2022-09-29 00:00:00-04:00,143.99283321708396,144.603886261403,138.65099162276434,140.42503356933594,128138200
2022-09-30 00:00:00-04:00,139.2423515609022,141.03610936010895,136.00965940990883,136.20677185058594,124925300
2022-10-03 00:00:00-04:00,136.2166245441246,141.00653009557303,135.70412021518845,140.3954620361328,114311700
2022-10-04 00:00:00-04:00,142.93822330057475,144.111062272716,142.17932484118148,143.9927978515625,87830100
2022-10-05 00:00:00-04:00,141.99211625326663,145.2543744211321,140.94739177527688,144.2884979248047,79471000
2022-10-06 00:00:00-04:00,143.7069978739473,145.41204208560697,143.12551098076761,143.3324737548828,68402200
2022-10-07 00:00:00-04:00,140.48418039740727,141.03611631271312,137.43875017847807,138.06951904296875,85925600
2022-10-10 00:00:00-04:00,138.39474487304688,139.84354452092543,136.5714361256321,138.39474487304688,74899000
2022-10-11 00:00:00-04:00,137.88223882715224,139.31133774176766,136.22647641502994,136.9755096435547,77033700
2022-10-12 00:00:00-04:00,137.123356205743,138.33561191162715,136.16734514961954,136.34474182128906,70433700
2022-10-13 00:00:00-04:00,133.0430422244427,141.51899524707383,132.4319742692316,140.9276580810547,113224000
2022-10-14 00:00:00-04:00,142.22866762575632,142.43564549015315,136.19693894361637,136.3842010498047,88598000
2022-10-17 00:00:00-04:00,139.03540901406623,140.83900239575823,138.24694409779235,140.3560791015625,85250900
2022-10-18 00:00:00-04:00,143.39162165141138,144.58416155365336,138.58200045824861,141.6767120361328,99136600
2022-10-19 00:00:00-04:00,139.6464251768979,142.85940118883795,139.45916311704835,141.78512573242188,61758300
2022-10-20 00:00:00-04:00,140.95724070036255,143.7858421579012,140.59256694794956,141.3218994140625,64522000
2022-10-21 00:00:00-04:00,140.80938705437833,145.71757154709675,140.59255890223196,145.14593505859375,86548600
2022-10-24 00:00:00-04:00,145.0671108242576,148.0632589024532,143.89427154723307,147.2945098876953,75981900
2022-10-25 00:00:00-04:00,147.92527363612152,150.2906678641537,147.20580651383366,150.142822265625,74732300
2022-10-26 00:00:00-04:00,148.78273318220164,149.7978764436125,145.9048346701109,147.19595336914062,88194300
2022-10-27 00:00:00-04:00,145.9344511585006,146.90031278855332,142.051273840958,142.71160888671875,109180200
2022-10-28 00:00:00-04:00,146.06254411260886,155.22841546191245,145.68803498734457,153.49380493164062,164762400
2022-10-31 00:00:00-04:00,150.95102127521648,152.01544655256544,149.72890002224932,151.12841796875,97943200
2022-11-01 00:00:00-04:00,152.84330260142488,153.20796132588728,146.97912170575748,148.47718811035156,80379300
2022-11-02 00:00:00-04:00,146.80170816398885,149.97526767506156,142.9086815703328,142.93824768066406,93604600
2022-11-03 00:00:00-04:00,140.01109670781145,140.7404292605941,136.74883853349507,136.87696838378906,97918500
2022-11-04 00:00:00-04:00,140.27296098274414,140.8455457973991,132.6615642734104,136.61041259765625,140814800
2022-11-07 00:00:00-05:00,135.35665734492238,137.37056348588825,133.93506945075268,137.1435089111328,83374600
2022-11-08 00:00:00-05:00,138.61443092612598,139.62137625048666,135.73177389359924,137.716064453125,89908500
2022-11-09 00:00:00-05:00,136.72889468527546,136.77825830980785,132.8688912272567,133.1453094482422,74917800
2022-11-10 00:00:00-05:00,139.43384265889435,144.99183654785156,137.7160881791185,144.99183654785156,118854000
2022-11-11 00:00:00-05:00,143.955271925704,148.09167786414133,142.5238023668343,147.78564453125,93979700
2022-11-14 00:00:00-05:00,147.06496772898868,148.35821299381362,145.54465286622803,146.3837890625,73374100
2022-11-15 00:00:00-05:00,150.2734222564666,151.6258979697989,146.66022247085542,148.1212921142578,89868300
2022-11-16 00:00:00-05:00,147.22294689122086,147.9534742124063,145.4064651591236,146.8872833251953,64218300
2022-11-17 00:00:00-05:00,144.5574692004244,149.5428936157141,144.28105100101916,148.79261779785156,80389400
2022-11-18 00:00:00-05:00,150.36226138845927,150.74727347635653,148.05218886107582,149.3553009033203,74829600
2022-11-21 00:00:00-05:00,148.23979441903631,148.44710055496702,145.83099412951367,146.11727905273438,58724100
2022-11-22 00:00:00-05:00,146.23574851822164,148.4964578361229,145.05108182314493,148.259521484375,51804100
2022-11-23 00:00:00-05:00,147.53885908183943,149.8884289191742,147.4302651381728,149.13815307617188,58301400
2022-11-25 00:00:00-05:00,146.41342757107319,146.97614571181424,145.23864273436385,146.2159881591797,35195900
2022-11-28 00:00:00-05:00,143.2839657599813,144.7647839323927,141.54647786060335,142.375732421875,69246000
2022-11-29 00:00:00-05:00,142.44484337334484,142.95819794116494,138.55523991340186,139.36474609375,83763800
2022-11-30 00:00:00-05:00,139.59177292691083,146.81817210889182,138.75265175216816,146.13699340820312,111380900
2022-12-01 00:00:00-05:00,146.31472470924987,147.22295811269422,144.7351791862477,146.41343688964844,71250400
2022-12-02 00:00:00-05:00,144.09348175456344,146.10738776877085,143.7874333564375,145.91981506347656,65447400
2022-12-05 00:00:00-05:00,145.8803345082114,148.99004656094093,143.90591033158032,144.75491333007812,68826400
2022-12-06 00:00:00-05:00,145.1893107898035,145.41636538627455,140.10515873582997,141.08250427246094,64727200
2022-12-07 00:00:00-05:00,140.37167982245785,141.536582777895,138.20968308402922,139.13766479492188,69721100
2022-12-08 00:00:00-05:00,140.5395207716393,141.68469046865562,139.2956388988772,140.8258056640625,62128300
2022-12-09 00:00:00-05:00,140.51976247530513,143.70846830830249,139.0981746838461,140.34207153320312,76097000
2022-12-12 00:00:00-05:00,140.87517003337655,142.65215490653637,139.2561427186447,142.6422882080078,70462700
2022-12-13 00:00:00-05:00,147.58818897150496,148.05217980078905,142.39545945134458,143.60972595214844,93886200
2022-12-14 00:00:00-05:00,143.49126458622354,144.78450984521314,139.35484405860026,141.37863159179688,82291200
2022-12-15 00:00:00-05:00,139.3054883080985,139.98666700994897,134.29044945457875,134.7544403076172,98931900
2022-12-16 00:00:00-05:00,134.9420010552602,135.88971607194347,132.01984711589319,132.7898712158203,160156900
2022-12-19 00:00:00-05:00,133.3822123650824,133.47105782876667,129.64068555678134,130.67724609375,79592600
2022-12-20 00:00:00-05:00,129.70983319775794,131.54604881566772,128.2290146369812,130.6082000732422,77432800
2022-12-21 00:00:00-05:00,131.27943511713806,135.06045852691952,131.0523805964525,133.7178497314453,85928000
2022-12-22 00:00:00-05:00,132.63197807082778,132.8392842174574,128.6337652569508,130.53907775878906,77852100
2022-12-23 00:00:00-05:00,129.24580060550824,130.72661868998517,127.9821703785141,130.1737823486328,63814900
2022-12-27 00:00:00-05:00,129.6999298536339,129.72954501138923,127.07394206581392,128.3671875,69007800
2022-12-28 00:00:00-05:00,128.01179226832107,129.35440133807893,124.2603907760934,124.42821502685547,85438400
2022-12-29 00:00:00-05:00,126.35327411707951,128.81143012835383,126.09660439491776,127.95256042480469,75703700
2022-12-30 00:00:00-05:00,126.76791156272077,128.28821159493137,125.80044037402875,128.26846313476562,77034200
2023-01-03 00:00:00-05:00,128.61397753423014,129.2260441509053,122.5821116407929,123.4706039428711,112117500
2023-01-04 00:00:00-05:00,125.26733892869382,127.01470850998557,123.48048749262259,124.7441177368164,89113600
2023-01-05 00:00:00-05:00,125.50427521319664,126.1360903730334,123.16458728849297,123.42125701904297,80962700
2023-01-06 00:00:00-05:00,124.3985891287467,128.62384785031838,123.29290895151365,127.96241760253906,87754700
2023-01-09 00:00:00-05:00,128.80155656407595,131.70396238313268,128.22897177101316,128.4856414794922,70790800
2023-01-10 00:00:00-05:00,128.5942366688145,129.58144872233615,126.48160347682453,129.0582275390625,63896200
2023-01-11 00:00:00-05:00,129.57159828407498,131.80269238208612,128.79170729193848,131.782958984375,69458900
2023-01-12 00:00:00-05:00,132.1679704181571,132.54310080025633,129.75917030810112,131.7039794921875,71379600
2023-01-13 00:00:00-05:00,130.3415976184994,133.19463966232263,129.97633400317605,133.03668212890625,57809700
2023-01-17 00:00:00-05:00,133.10580835372033,135.53434166770566,132.4147629011091,134.2016143798828,63646600
2023-01-18 00:00:00-05:00,135.0703537024429,136.83745656269951,133.30323577852656,133.48094177246094,69672800
2023-01-19 00:00:00-05:00,132.3653916580124,134.50763996952077,132.05935833689125,133.54017639160156,58280400
2023-01-20 00:00:00-05:00,133.55007272593946,136.25503972906995,132.50363014524083,136.10694885253906,80223600
2023-01-23 00:00:00-05:00,136.35374163026458,141.48725702280552,136.1365537453342,139.30551147460938,81760300
2023-01-24 00:00:00-05:00,138.51573942626007,141.32930018220668,138.50587272731724,140.7073516845703,66435100
2023-01-25 00:00:00-05:00,139.0882864139194,140.6085861384213,137.03488381847254,140.04588317871094,65799300
2023-01-26 00:00:00-05:00,141.33915831562229,142.4053492196724,140.08539469738815,142.1190643310547,54105100
2023-01-27 00:00:00-05:00,141.3292912944412,145.34723680622537,141.25031251687773,144.06385803222656,70555800
2023-01-30 00:00:00-05:00,143.1062524963994,143.6887039381187,141.02323465611641,141.1713104248047,64015300
2023-01-31 00:00:00-05:00,140.87517571941848,142.49420309949798,140.4605484095562,142.44483947753906,65874500
2023-02-01 00:00:00-05:00,142.1289150988489,144.73515421762997,139.51280928282884,143.5702362060547,77663600
2023-02-02 00:00:00-05:00,146.9958815985471,149.24672407231745,146.2752209542802,148.89134216308594,118339000
2023-02-03 00:00:00-05:00,146.13701293629845,155.36745253753844,145.93957351960248,152.52427673339844,154357300
2023-02-06 00:00:00-05:00,150.61895772492184,151.14217893420934,148.85183962560956,149.78968811035156,69858300
2023-02-07 00:00:00-05:00,148.71363285221915,153.24493285853742,148.71363285221915,152.67234802246094,83322600
2023-02-08 00:00:00-05:00,151.9121758883524,152.6032212233435,149.23682494273,149.97723388671875,64120100
2023-02-09 00:00:00-05:00,151.81347999768036,152.35644968138112,148.49644664158131,148.94068908691406,56007100
2023-02-10 00:00:00-05:00,147.77400037597405,149.6327824911062,147.53670230127932,149.30650329589844,57450700
2023-02-13 00:00:00-05:00,149.24719136406156,152.5198501850578,149.21753098880535,152.11448669433594,62199000
2023-02-14 00:00:00-05:00,150.40399819813007,152.03539434579272,149.15821711991074,151.47181701660156,61707600
2023-02-15 00:00:00-05:00,151.38283098748437,153.74586979762776,151.15542974516777,153.57778930664062,65573800
2023-02-16 00:00:00-05:00,151.77830301928833,154.5664988468429,151.6201193880744,151.97605895996094,68167900
2023-02-17 00:00:00-05:00,150.6314217151784,151.27408335489702,149.14834246660095,150.82916259765625,59144100
2023-02-21 00:00:00-05:00,148.50565230235682,149.59324968756485,146.73585119733022,146.8050537109375,58867200
2023-02-22 00:00:00-05:00,147.19066738077868,148.25848625294472,145.49996548151248,147.230224609375,51011300
2023-02-23 00:00:00-05:00,148.3968793904493,148.6440592209031,145.57903837527164,147.71466064453125,48394200
2023-02-24 00:00:00-05:00,145.45050490064946,145.5296042594395,144.07618560082526,145.05502319335938,55469600
2023-02-27 00:00:00-05:00,146.04372018922786,147.48724177783038,145.78664354085316,146.2513427734375,44998500
2023-02-28 00:00:00-05:00,145.39119175781394,147.3982909462784,145.17367228142913,145.74713134765625,50547000
2023-03-01 00:00:00-05:00,145.1736799451875,145.56916169404062,143.37420328858403,143.6708221435547,55479000
2023-03-02 00:00:00-05:00,142.75132894674115,145.05504723585858,142.27673271533786,144.26406860351562,52238100
2023-03-03 00:00:00-05:00,146.3700024688502,149.40537804304904,145.66802019550744,149.32627868652344,70732300
2023-03-06 00:00:00-05:00,152.0551388232703,154.53683399214765,151.72887472127306,152.09469604492188,87558000
2023-03-07 00:00:00-05:00,151.96616367909397,152.29244288057856,149.42516275115915,149.88986206054688,56182000
2023-03-08 00:00:00-05:00,151.08620232381537,151.73876071934626,150.11726157953802,151.14552307128906,47204800
2023-03-09 00:00:00-05:00,151.82774843104707,152.79668921738386,148.53531102339875,148.89125061035156,53833600
2023-03-10 00:00:00-05:00,148.51554589298388,149.23730682187812,145.94486944980744,146.8248291015625,68572400
2023-03-13 00:00:00-04:00,146.1426162263365,151.4124925875259,146.03385648579933,148.77261352539062,84457100
2023-03-14 00:00:00-04:00,149.57344779147112,151.66952778576984,148.4067663113716,150.86866760253906,73695900
2023-03-15 00:00:00-04:00,149.48447760738804,151.52123700910988,148.22879983662045,151.26417541503906,77167900
2023-03-16 00:00:00-04:00,150.4435271800346,154.6950230424289,149.92938893729746,154.09190368652344,76161100
2023-03-17 00:00:00-04:00,154.31934477284912,154.97190327803574,152.53964661627768,153.25152587890625,98944600
2023-03-20 00:00:00-04:00,153.32074741504434,156.0397261696518,152.4111121554213,155.62445068359375,73641400
2023-03-21 00:00:00-04:00,155.5453489444009,157.60187209543255,154.77413390443738,157.4832305908203,73938300
2023-03-22 00:00:00-04:00,157.50299444764113,160.31095376257457,156.02979719452793,156.04957580566406,75701800
2023-03-23 00:00:00-04:00,157.03831361968307,159.7276317574304,155.90127718884906,157.13717651367188,67622100
2023-03-24 00:00:00-04:00,157.06795670652497,158.53125712176995,156.06935559319226,158.44227600097656,59196500
2023-03-27 00:00:00-04:00,158.13581551317233,158.95645459300067,156.08915869601057,156.49453735351562,52390300
2023-03-28 00:00:00-04:00,156.1879947191645,156.70213299816345,154.22043780927265,155.87159729003906,45992200
2023-03-29 00:00:00-04:00,157.57220469744664,159.23326112130354,157.5524411719995,158.9564208984375,51305700
2023-03-30 00:00:00-04:00,159.70786439805926,160.63726316968356,159.45080275158003,160.52850341796875,49501700
2023-03-31 00:00:00-04:00,160.60758412796915,163.1387034155815,160.08356404514288,163.03982543945312,68749800
2023-04-03 00:00:00-04:00,162.41694087425697,164.4141432098461,162.36750188667764,164.29550170898438,56976200
2023-04-04 00:00:00-04:00,164.72065569074036,164.95793868784338,163.24745837486338,163.7615966796875,46278300
2023-04-05 00:00:00-04:00,162.88164511746857,163.1881457283857,159.9748075653386,161.91268920898438,51511700
2023-04-06 00:00:00-04:00,160.5976809407093,163.09915484076092,160.17253885078875,162.8025360107422,45390100
2023-04-10 00:00:00-04:00,159.59909001148102,160.20220947265625,158.27420958419825,160.20220947265625,47716900
2023-04-11 00:00:00-04:00,160.5186020856557,160.52848384854775,158.6993469072352,158.986083984375,47644200
2023-04-12 00:00:00-04:00,159.40133668736163,160.23185733032426,157.97757839276272,158.29397583007812,50133100
2023-04-13 00:00:00-04:00,159.80670788317548,163.92966562076376,159.59907018867185,163.69236755371094,68445600
2023-04-14 00:00:00-04:00,162.73332768738865,164.44382316709542,161.9720245871667,163.34634399414062,49386500
2023-04-17 00:00:00-04:00,163.22765352012252,163.52427230547326,162.17961355365358,163.36607360839844,41516200
2023-04-18 00:00:00-04:00,164.22629596467013,165.52151594579726,163.78136017187086,164.5921173095703,49923000
2023-04-19 00:00:00-04:00,163.92968580784367,166.26306428456468,163.67260909854727,165.73904418945312,47720200
2023-04-20 00:00:00-04:00,164.21640012100644,165.9763194310247,163.69238005042013,164.77008056640625,52456400
2023-04-21 00:00:00-04:00,163.1881534195007,164.57235465877127,162.63447292379246,163.1584930419922,58337300
2023-04-24 00:00:00-04:00,163.13871709330454,163.73195482649055,162.041237847574,163.46499633789062,41949600
2023-04-25 00:00:00-04:00,163.3265412208214,164.43390199308925,161.88300442555024,161.9225616455078,48714100
2023-04-26 00:00:00-04:00,161.22058862196803,163.41554697412082,160.96352700012233,161.91268920898438,45498800
2023-04-27 00:00:00-04:00,163.32654598880194,166.65852525119462,163.32654598880194,166.51022338867188,64902300
2023-04-28 00:00:00-04:00,166.58930594770078,167.93396468341498,165.9861866231527,167.765869140625,55275900
2023-05-01 00:00:00-04:00,167.370409816753,168.52720964209172,166.7376300382773,167.67691040039062,52472900
2023-05-02 00:00:00-04:00,168.17128153704527,168.42835824019505,165.65004401355455,166.63876342773438,48425700
2023-05-03 00:00:00-04:00,167.58792807875122,168.9919077307227,165.27432844465707,165.56105041503906,65136000
2023-05-04 00:00:00-04:00,163.02992793451995,165.1556684360722,162.45646891900202,163.91976928710938,81235400
2023-05-05 00:00:00-04:00,169.05125040031595,172.3338062754006,168.8337309104411,171.61204528808594,113453200
2023-05-08 00:00:00-04:00,170.53431814830344,171.88887398730245,170.1684967974759,171.54281616210938,55962800
2023-05-09 00:00:00-04:00,171.09789605728315,171.58235891028352,169.66425593732595,169.83233642578125,45326900
2023-05-10 00:00:00-04:00,171.0682556897458,172.06685697441904,169.9608795676703,171.60215759277344,53724500
2023-05-11 00:00:00-04:00,171.8888865269506,172.62052928198048,170.2278299661715,171.79000854492188,49514700
2023-05-12 00:00:00-04:00,171.89889318697968,172.33453386665053,169.30487018579348,170.85931396484375,45533100
2023-05-15 00:00:00-04:00,171.44346424843133,171.49297161869612,169.77021484316816,170.36427307128906,37266700
2023-05-16 00:00:00-04:00,170.28506430037106,171.42365827881974,170.09694535788182,170.36427307128906,42110300
2023-05-17 00:00:00-04:00,170.00782273724468,171.2157148171782,168.73060221741753,170.9781036376953,57951600
2023-05-18 00:00:00-04:00,171.2850766256189,173.50287727612996,170.86924183631012,173.31475830078125,65496700
2023-05-19 00:00:00-04:00,174.64144781679403,174.64144781679403,173.20582466782196,173.42364501953125,55809500
2023-05-22 00:00:00-04:00,172.25533943207657,172.97811385055638,171.73059450812943,172.47315979003906,43570900
2023-05-23 00:00:00-04:00,171.41375772100255,171.66127945739515,169.5820908286863,169.85931396484375,50747300
2023-05-24 00:00:00-04:00,169.393985633902,170.71080319124064,168.82964388505917,170.1365509033203,45143500
2023-05-25 00:00:00-04:00,170.70090944955888,172.17612946392208,169.9880455752579,171.27516174316406,56058300
2023-05-26 00:00:00-04:00,171.60186442454003,174.02757424675536,171.39393953348073,173.69093322753906,54835000
2023-05-30 00:00:00-04:00,175.20580872558915,177.21568420222022,174.81967538543662,175.5424346923828,55964400
2023-05-31 00:00:00-04:00,175.57211342872856,177.57209321550437,175.0077566388477,175.49290466308594,99625300
2023-06-01 00:00:00-04:00,175.93847152997847,178.3344804566055,175.17610024638307,178.30477905273438,68901800
2023-06-02 00:00:00-04:00,179.2354435119536,179.97800874169684,177.48298533965166,179.15623474121094,61996900
2023-06-05 00:00:00-04:00,180.81957270938136,183.11656642752385,176.2750624238164,177.7998046875,121946500
2023-06-06 00:00:00-04:00,178.18594757320713,178.33445457100666,175.6711182885981,177.43348693847656,64848400
2023-06-07 00:00:00-04:00,176.67113061333816,179.41367589423808,175.56223798316736,176.05728149414062,61944600
2023-06-08 00:00:00-04:00,176.13643842858787,179.0472960832653,175.70081292010406,178.7799835205078,50214900
2023-06-09 00:00:00-04:00,179.70079329510486,180.42355258623877,178.83942242611607,179.16615295410156,48900000
2023-06-12 00:00:00-04:00,179.47308536155512,182.06710862095264,179.17605622243772,181.9680938720703,54274900
2023-06-13 00:00:00-04:00,180.98788948565831,182.32449774459167,180.63145759510397,181.49282836914062,54929100
2023-06-14 00:00:00-04:00,181.5522431050323,182.56213604593384,180.21563475820471,182.12649536132812,57462900
2023-06-15 00:00:00-04:00,182.13641040467775,184.67103069686027,181.95818688950908,184.16607666015625,65433200
2023-06-16 00:00:00-04:00,184.87893857146415,185.1363708565112,182.4433330473612,183.08688354492188,101256200
2023-06-20 00:00:00-04:00,182.58196693246393,184.2552165596262,182.58196693246393,183.17601013183594,49799100
2023-06-21 00:00:00-04:00,183.0670826761933,183.57203672168455,180.77998409317422,182.13641357421875,49515700
2023-06-22 00:00:00-04:00,181.91857754734076,185.1957628610581,181.84926421078353,185.14625549316406,51245300
2023-06-23 00:00:00-04:00,183.71061886586367,185.70068800461124,183.17596350424247,184.82940673828125,53117000
2023-06-26 00:00:00-04:00,184.97794384564872,186.18585111473345,183.39379870692287,183.43341064453125,48088700
2023-06-27 00:00:00-04:00,184.04726807160984,186.52248552112178,183.8294477274505,186.1957550048828,50730800
2023-06-28 00:00:00-04:00,186.06705547946467,188.01752821246563,185.74034004157738,187.3739776611328,51216800
2023-06-29 00:00:00-04:00,187.20563240999925,188.1858238773272,187.06702084863718,187.7105712890625,46347300
2023-06-30 00:00:00-04:00,189.73036510372253,192.55210381756805,189.36402266288647,192.0471649169922,85213200
2023-07-03 00:00:00-04:00,191.85904618822673,191.9580609253223,189.85906633761323,190.55213928222656,31458200
2023-07-05 00:00:00-04:00,189.67096065277283,191.06697174397888,188.73036598215447,189.43333435058594,46920300
2023-07-06 00:00:00-04:00,187.95811200082892,190.11650951153766,187.32445692665846,189.90858459472656,45094300
2023-07-07 00:00:00-04:00,189.5125387247038,190.76004279032819,188.35413885501103,188.78976440429688,46815000
2023-07-10 00:00:00-04:00,187.38386117936162,188.10663557063202,185.18586681905202,186.7403106689453,59922200
2023-07-11 00:00:00-04:00,187.28485666382537,187.4234682366511,184.75023641356677,186.21556091308594,46638100
2023-07-12 00:00:00-04:00,187.79968989475896,189.7996698114742,186.60169311695756,187.88880920410156,60750200
2023-07-13 00:00:00-04:00,188.61157199087162,189.29473443261006,187.89870814797314,188.6511688232422,41342300
2023-07-14 00:00:00-04:00,188.3442359735881,189.28481555311026,187.75019286903466,188.7996826171875,41616200
2023-07-17 00:00:00-04:00,189.9976776399959,192.39370132812152,189.9085734412509,192.0669708251953,50520200
2023-07-18 00:00:00-04:00,191.43333225746687,192.4036133115075,190.51254346863507,191.80955505371094,48288200
2023-07-19 00:00:00-04:00,191.1857808476927,196.26491622319193,190.74022966968735,193.16595458984375,80507300
2023-07-20 00:00:00-04:00,193.1560464503255,194.52237118378105,190.5917250482106,191.21548461914062,59581200
2023-07-21 00:00:00-04:00,192.17589935868594,193.03727024392953,189.33433929774543,190.0373077392578,71951700
2023-07-24 00:00:00-04:00,191.4927249435582,192.9778554020486,190.34422042985216,190.83926391601562,45377800
2023-07-25 00:00:00-04:00,191.4135192381226,192.51251639930572,191.00757994716116,191.7006378173828,37283200
2023-07-26 00:00:00-04:00,191.75014067908202,193.70061320853526,191.40361930588426,192.57191467285156,47471900
2023-07-27 00:00:00-04:00,194.076873305403,195.24516880610398,190.64126993533102,191.30462646484375,47460200
2023-07-28 00:00:00-04:00,192.74022840055838,194.68080550669023,192.21548351570434,193.88873291015625,48291400
2023-07-31 00:00:00-04:00,194.11644542830032,194.54219067365466,193.32437284504627,194.50257873535156,38824100
2023-08-01 00:00:00-04:00,194.29468863259882,194.77982161953312,193.3441984148306,193.67092895507812,35175100
2023-08-02 00:00:00-04:00,193.10656507331342,193.24517665133837,189.94820018063527,190.67095947265625,50389300
2023-08-03 00:00:00-04:00,189.67096144116343,190.46301890335675,188.79968010371752,189.27491760253906,61235200
2023-08-04 00:00:00-04:00,183.68094960257173,185.52251207833032,180.11663025996506,180.18594360351562,115956800
2023-08-07 00:00:00-04:00,180.32455640774955,181.31464344213896,175.5919415919706,177.0770721435547,97576100
2023-08-08 00:00:00-04:00,177.9087289898081,178.48298124186843,175.81964489133262,178.01763916015625,67823000
2023-08-09 00:00:00-04:00,179.0770095774785,179.13641237321562,175.25527360727992,176.423583984375,60378500
2023-08-10 00:00:00-04:00,177.70080592181807,178.95822060931928,175.8394526832055,176.20578002929688,54686900
2023-08-11 00:00:00-04:00,175.7993034466227,177.0881424893324,175.03590276334816,176.2652587890625,52036700
2023-08-14 00:00:00-04:00,176.44371711975322,178.14896748076782,175.78937369863468,177.9209442138672,43675600
2023-08-15 00:00:00-04:00,177.34593637648265,177.94078172124355,175.53162857549793,175.92819213867188,43622600
2023-08-16 00:00:00-04:00,175.61093536777827,177.00883168990967,174.98633341606396,175.0557403564453,46964900
2023-08-17 00:00:00-04:00,175.6208528452633,175.98767489704687,171.99223724872292,172.50778198242188,66062900
2023-08-18 00:00:00-04:00,170.82235510894964,173.59834528388794,170.48527458580276,172.9935760498047,61172200
2023-08-21 00:00:00-04:00,173.56859991663836,174.61950689363672,172.25000423465377,174.3319854736328,46311900
2023-08-22 00:00:00-04:00,175.5415274877659,176.15620551446153,174.73847648439144,175.71006774902344,42038900
2023-08-23 00:00:00-04:00,176.9890180826326,179.99303161559698,176.80064510070915,179.56671142578125,52722800
2023-08-24 00:00:00-04:00,179.12058855477642,179.54690878007156,174.5005486639036,174.8673858642578,54945800
2023-08-25 00:00:00-04:00,175.8587845923081,177.6135940867137,174.3121656551708,177.07823181152344,51449600
2023-08-28 00:00:00-04:00,178.5455506421133,179.04126265908485,177.0187642861302,178.6446990966797,43820700
2023-08-29 00:00:00-04:00,178.15889276911417,183.31429463018617,177.96061099136716,182.54098510742188,53003900
2023-08-30 00:00:00-04:00,183.35394480054703,186.23899207960088,183.15566303930453,186.0406951904297,60813900
2023-08-31 00:00:00-04:00,186.22906281435257,187.49808420340318,185.87214960318659,186.25880432128906,60794500
2023-09-01 00:00:00-04:00,187.8649008054441,188.2912057768988,186.66527135436584,187.8351593017578,45766500
2023-09-05 00:00:00-04:00,186.66529992482816,188.350717612699,186.00104769428793,188.0731201171875,45280000
2023-09-06 00:00:00-04:00,186.7842777718091,187.23043067946264,179.91371663144653,181.34136962890625,81755800
2023-09-07 00:00:00-04:00,173.67765269377628,176.6816813943478,172.05171790486162,176.03724670410156,112488800
2023-09-08 00:00:00-04:00,176.82047189213844,178.69426259870855,176.26526175899272,176.65191650390625,65551300
2023-09-11 00:00:00-04:00,178.52571023294755,178.75373349578624,175.8191120741523,177.82179260253906,58953100
2023-09-12 00:00:00-04:00,177.95070042200115,178.58521118121962,173.32075212571604,174.78805541992188,90370200
2023-09-13 00:00:00-04:00,174.99623588192003,175.77946927367296,172.48793449989455,172.71597290039062,84267900
2023-09-14 00:00:00-04:00,172.50778112260195,174.58977763559852,172.09138484558866,174.2328643798828,60895800
2023-09-15 00:00:00-04:00,174.96648860625493,174.9863213204115,172.329312484714,173.50909423828125,109259500
2023-09-18 00:00:00-04:00,174.9664984209427,177.84163701778533,174.65915940995401,176.4437255859375,67257600
2023-09-19 00:00:00-04:00,175.99757641576028,178.08948146713516,175.6109216966876,177.53428649902344,51826900
2023-09-20 00:00:00-04:00,177.72265814247962,178.1588871164402,173.89576095445636,173.98500061035156,58436200
2023-09-21 00:00:00-04:00,173.0530629204369,174.78805492740332,172.3689779372214,172.43836975097656,63149100
2023-09-22 00:00:00-04:00,173.17200382635897,175.56133895987557,172.5573258740407,173.2909698486328,56725400
2023-09-25 00:00:00-04:00,172.70604916227998,175.4522977411563,172.65647493916612,174.56993103027344,46172700
2023-09-26 00:00:00-04:00,173.3207639858642,173.6974948472255,170.18786027937264,170.48529052734375,64588900
2023-09-27 00:00:00-04:00,171.13960475321795,171.5560010147378,167.6002289663342,168.9683837890625,66921800
2023-09-28 00:00:00-04:00,167.88770703784505,170.5546395498357,166.18245684715794,169.22613525390625,56294400
2023-09-29 00:00:00-04:00,170.54475018871184,171.58574835004075,168.87915010499984,169.74169921875,51861100
2023-10-02 00:00:00-04:00,169.75163176575097,172.80521973991003,169.46411031162458,172.2599334716797,52164500
2023-10-03 00:00:00-04:00,170.78269477378157,172.14095595651972,169.3550569046923,170.92149353027344,49594600
2023-10-04 00:00:00-04:00,169.62273306372262,172.71598631340495,169.5037670214799,172.1707000732422,53020300
2023-10-05 00:00:00-04:00,172.29956799243436,173.94533544106068,171.19908676207933,173.40997314453125,48527900
2023-10-06 00:00:00-04:00,172.30947784007347,176.46354642551725,171.69478473153458,175.96783447265625,57266700
2023-10-09 00:00:00-04:00,175.29367439346143,177.51446959158443,174.2923416030924,177.45498657226562,42390800
2023-10-10 00:00:00-04:00,176.57261638357625,178.17871838563994,176.42389371024447,176.86012268066406,43698000
2023-10-11 00:00:00-04:00,176.6717569025772,178.30761560829964,176.07691156880261,178.25804138183594,47551100
2023-10-12 00:00:00-04:00,178.52572180730996,180.77624333047942,177.50454119898205,179.1602325439453,56743100
2023-10-13 00:00:00-04:00,179.86414450043375,180.36976530628638,176.61227491408687,177.31619262695312,51427100
2023-10-16 00:00:00-04:00,175.2341951108354,177.54421488719547,174.99624790055657,177.1873016357422,52517000
2023-10-17 00:00:00-04:00,175.135025356181,176.88984988971393,173.30090022346374,175.6307373046875,57549400
2023-10-18 00:00:00-04:00,174.07422069011992,176.05706860986896,173.60825021874456,174.3319854736328,54764400
2023-10-19 00:00:00-04:00,174.53025852712355,176.31482459139443,173.68755728005698,173.9552459716797,59302900
2023-10-20 00:00:00-04:00,173.80655315689722,173.91561041088508,171.1594526769345,171.39739990234375,64244000
2023-10-23 00:00:00-04:00,169.4442697526279,172.51767489960218,168.4726633962427,171.51634216308594,55980100
2023-10-24 00:00:00-04:00,171.5659057161436,172.18058368172586,169.97962145460033,171.9525604248047,43816600
2023-10-25 00:00:00-04:00,170.40595412753765,171.57582713235345,169.1864917714858,169.6326446533203,57157000
2023-10-26 00:00:00-04:00,168.9088912991807,169.91023915738614,164.24920182104776,165.458740234375,70625300
2023-10-27 00:00:00-04:00,165.47859589177074,167.5110182699133,165.39928015046561,166.77735900878906,58499100
2023-10-30 00:00:00-04:00,167.57049222945847,169.7020478229813,167.42176954958222,168.82958984375,51131000
2023-10-31 00:00:00-04:00,167.89764555846892,169.43434051981868,166.4600687836398,169.3054656982422,44846000
2023-11-01 00:00:00-04:00,169.5334969755198,172.73579212701503,168.66103905073186,172.47802734375,56934900
2023-11-02 00:00:00-04:00,174.01474271477764,176.25535548295753,173.95525969593038,176.0471649169922,77334800
2023-11-03 00:00:00-04:00,172.74570493436423,175.3035803991637,171.86333827281126,175.13502502441406,79829200
2023-11-06 00:00:00-05:00,174.86738260141615,177.89121391765332,174.6988423245846,177.69293212890625,63841300
2023-11-07 00:00:00-05:00,177.64332285545842,180.87537437336846,177.4351323131202,180.2606964111328,70530000
2023-11-08 00:00:00-05:00,180.78617090399572,181.87672821790486,180.03267898856913,181.321533203125,49340300
2023-11-09 00:00:00-05:00,181.3909588846785,182.54099933642837,180.25081209988173,180.84567260742188,53763500
2023-11-10 00:00:00-05:00,182.63256439705196,185.2136688107188,182.19576071339824,185.04489135742188,66133400
2023-11-13 00:00:00-05:00,184.46910132249658,184.67756614585693,182.8708053693486,183.45651245117188,43627500
2023-11-14 00:00:00-05:00,186.33543591459554,186.74245888927783,184.94561983989882,186.07733154296875,60108400
2023-11-15 00:00:00-05:00,186.4843631662735,188.12236184083608,186.414864785386,186.6431884765625,53790500
2023-11-16 00:00:00-05:00,188.191859451107,189.57175373642215,187.2785343944212,188.33084106445312,54412900
2023-11-17 00:00:00-05:00,188.86690055056806,188.99596031021713,187.19912126214516,188.31097412109375,50922700
2023-11-20 00:00:00-05:00,188.50951003765908,190.51482899547432,188.49958819031184,190.05816650390625,46505100
2023-11-21 00:00:00-05:00,190.01848054916417,190.12768147094766,188.36062302598555,189.2540740966797,38134500
2023-11-22 00:00:00-05:00,190.09788874466753,191.52740733771327,189.4426832554431,189.919189453125,39617700
2023-11-24 00:00:00-05:00,189.48239453680722,189.51217522879531,187.87417657801197,188.5889434814453,24048300
2023-11-27 00:00:00-05:00,188.5393228383108,189.2838705083405,187.5267337656693,188.41026306152344,40552600
2023-11-28 00:00:00-05:00,188.4003202806091,189.690872461515,188.02307798905798,189.01580810546875,38415400
2023-11-29 00:00:00-05:00,189.5121772909601,190.69352857887446,187.5962153955331,187.99330139160156,43014200
2023-11-30 00:00:00-05:00,188.45989087281944,188.93641225844013,186.82189215984647,188.569091796875,48794400
2023-12-01 00:00:00-05:00,188.94632812953898,190.16738195236098,187.85431892352926,189.84971618652344,45704800
2023-12-04 00:00:00-05:00,188.59886103241988,188.66835941071503,186.08725507958516,188.0528564453125,43389500
2023-12-05 00:00:00-05:00,188.82721483361496,192.98674157750665,188.79741899208386,192.0138702392578,66628400
2023-12-06 00:00:00-05:00,193.03636454966008,193.3441084564195,190.71337975554792,190.92185974121094,41089700
2023-12-07 00:00:00-05:00,192.22233461466143,193.5823700079149,192.18261692775607,192.85768127441406,47477700
2023-12-08 00:00:00-05:00,192.7881840281593,194.56517940505597,192.26203828251843,194.28721618652344,53406400
2023-12-11 00:00:00-05:00,191.70613626728084,192.0833786038581,190.02841974664355,191.77561950683594,60943700
2023-12-12 00:00:00-05:00,191.67632450221151,193.30440121762786,190.32621099568146,193.2944793701172,52696900
2023-12-13 00:00:00-05:00,193.67171305530522,196.56056130389416,193.43346752411227,196.52085876464844,70404200
2023-12-14 00:00:00-05:00,196.58041195784497,198.16877097511053,194.733933428728,196.6697540283203,66831600
2023-12-15 00:00:00-05:00,196.09397982207716,196.95765018105735,195.56783406915136,196.13369750976562,128538400
2023-12-18 00:00:00-05:00,194.6644701434888,195.2005529586929,192.97683175624098,194.46592712402344,55751900
2023-12-19 00:00:00-05:00,194.73394198979324,195.5181921115413,194.46590061872467,195.50827026367188,40714100
2023-12-20 00:00:00-05:00,195.46856356116558,196.24289187855894,193.4136199951172,193.4136199951172,52242800
2023-12-21 00:00:00-05:00,194.674384326953,195.64725561182692,192.09327993279487,193.2646942138672,46482500
2023-12-22 00:00:00-05:00,193.76106624785666,193.9894050921648,191.56714106698067,192.19256591796875,37149600
2023-12-26 00:00:00-05:00,192.20247183256527,192.48043504376977,191.42814358023,191.64654541015625,28919300
2023-12-27 00:00:00-05:00,191.09062871652011,192.09328069742187,189.7007974418798,191.74581909179688,48087700
2023-12-28 00:00:00-05:00,192.72862541967714,193.24484932489418,191.76567598880632,192.17269897460938,34049900
2023-12-29 00:00:00-05:00,192.4903607097449,192.98672576072192,190.33613820624774,191.1303253173828,42672100
2024-01-02 00:00:00-05:00,185.78942219080653,187.07005243391947,182.55312769161858,184.2904052734375,82488700
2024-01-03 00:00:00-05:00,182.88075702582086,184.52869277861944,182.09649169200898,182.91053771972656,58414500
2024-01-04 00:00:00-05:00,180.82580048582,181.7589693006513,179.56504403399205,180.58755493164062,71983600
2024-01-05 00:00:00-05:00,180.66696287937032,181.43135417752765,178.86018676112266,179.8628387451172,62379700
2024-01-08 00:00:00-05:00,180.76622380895435,184.2507162227342,180.18051667398524,184.21099853515625,59144500
2024-01-09 00:00:00-05:00,182.58292017691045,183.80397397190293,181.40156892129536,183.79405212402344,42841800
2024-01-10 00:00:00-05:00,183.00980597306068,185.0448906262594,182.58292413922769,184.83642578125,46792900
2024-01-11 00:00:00-05:00,185.18388963502795,185.6901917447606,182.28511919375845,184.2407989501953,49128400
2024-01-12 00:00:00-05:00,184.7073562390581,185.382420570264,183.84368591687618,184.56837463378906,40477800
2024-01-16 00:00:00-05:00,180.83571426310817,182.92043833380222,179.61464536328148,182.29502868652344,65603000
2024-01-17 00:00:00-05:00,179.9521756311529,181.60009595806468,178.98922629636922,181.35191345214844,47317400
2024-01-18 00:00:00-05:00,184.73713933247967,187.76496914507203,184.47903496158258,187.25868225097656,78005800
2024-01-19 00:00:00-05:00,187.9535897974558,190.55453778649462,187.4473029046773,190.16737365722656,68903000
2024-01-22 00:00:00-05:00,190.90200101096366,193.90997199821769,190.86228332421425,192.48043823242188,60133900
2024-01-23 00:00:00-05:00,193.60223731108647,194.3269260762536,192.42088601370864,193.7610626220703,42355600
2024-01-24 00:00:00-05:00,193.9993237123997,194.95235131957728,192.9271733347724,193.0860137939453,53631300
2024-01-25 00:00:00-05:00,193.80076191791213,194.84313150183985,191.70610090276801,192.75839233398438,54822100
2024-01-26 00:00:00-05:00,192.85767485186383,193.3441028913112,190.54461197208147,191.0211181640625,44594000
2024-01-29 00:00:00-05:00,190.614099077556,190.80272021826386,188.20177223046258,190.3361358642578,47145600
2024-01-30 00:00:00-05:00,189.55190020112778,190.40564874926815,186.10712531543376,186.6729736328125,55859400
2024-01-31 00:00:00-05:00,185.6802399646441,185.7398164976455,183.00980859435379,183.05943298339844,55467800
2024-02-01 00:00:00-05:00,182.6524106894615,185.5908832083414,182.48364839562151,185.5015411376953,64885400
2024-02-02 00:00:00-05:00,178.55242764739413,185.96812234304272,177.94686171013706,184.49888610839844,102551700
2024-02-05 00:00:00-05:00,186.7821513481828,187.8741604535555,184.48894737475842,186.31556701660156,69668800
2024-02-06 00:00:00-05:00,185.50156403608693,187.93374997367698,185.4122219544124,187.923828125,43490800
2024-02-07 00:00:00-05:00,189.2540738540102,189.66109684812312,187.23883287556598,188.03302001953125,53439000
2024-02-08 00:00:00-05:00,188.0131563419714,188.16205980044833,185.98799356738817,186.95094299316406,40962000
2024-02-09 00:00:00-05:00,187.5174970927484,188.8494643803939,186.8714052160575,187.71630859375,45155200
2024-02-12 00:00:00-05:00,187.288900125969,187.53739935899367,185.66868027314752,186.02651977539062,41781900
2024-02-13 00:00:00-05:00,184.6547973151463,185.09215835173688,182.4083547485107,183.92916870117188,56529500
2024-02-14 00:00:00-05:00,184.20749952407863,184.41623036442274,181.34478380471282,183.0445098876953,54630500
2024-02-15 00:00:00-05:00,182.4481195157763,183.3824789542038,180.26132954316023,182.75625610351562,65434500
2024-02-16 00:00:00-05:00,182.31889800876044,183.7403213725013,180.57940354414131,181.21556091308594,49752500
2024-02-20 00:00:00-05:00,180.69869255835386,181.33484997745663,178.91944475353475,180.47007751464844,53665600
2024-02-21 00:00:00-05:00,180.84778599399235,181.7920799507102,179.57547126273693,181.2255096435547,41371400
2024-02-22 00:00:00-05:00,182.37854224114136,183.84966853541172,181.36467634977905,183.26319885253906,52292200
2024-02-23 00:00:00-05:00,183.8993744195286,183.92919311532802,181.1360640493915,181.42433166503906,45119700
2024-02-26 00:00:00-05:00,181.14598235368476,181.66284976948523,179.56551591408572,180.0724639892578,40867400
2024-02-27 00:00:00-05:00,180.01283169575817,182.81589486499632,178.48206808634893,181.5336456298828,54318900
2024-02-28 00:00:00-05:00,181.4143703487687,182.02070906977036,179.0486680197237,180.33091735839844,48953900
2024-02-29 00:00:00-05:00,180.1818301671186,181.47402922690614,178.45227002550848,179.66494750976562,136682600
2024-03-01 00:00:00-05:00,178.47214167082092,179.44625436004063,176.31517027538303,178.58148193359375,73563100
2024-03-04 00:00:00-05:00,175.0925585764457,175.8380562970389,172.74672514229152,174.0488739013672,81510100
2024-03-05 00:00:00-05:00,169.73491231886675,171.00722719097524,168.60175641192043,169.0987548828125,95132400
2024-03-06 00:00:00-05:00,170.03309257401145,170.21201988746688,167.6673753032203,168.104736328125,68587700
2024-03-07 00:00:00-05:00,168.13456709874717,169.70508399774383,167.47854068144582,167.9854736328125,71765100
2024-03-08 00:00:00-05:00,167.9854678195768,172.6572499858552,167.92583043526673,169.705078125,76267000
2024-03-11 00:00:00-04:00,171.90181348381185,173.33317133974063,171.01715691552084,171.71295166015625,60139500
2024-03-12 00:00:00-04:00,172.1105571632911,172.98527928876703,169.9834044040384,172.19007873535156,59825400
2024-03-13 00:00:00-04:00,171.7328305288075,172.15030736266894,169.73488726374302,170.10267639160156,52488700
2024-03-14 00:00:00-04:00,171.87200022180366,173.26358975503445,171.0171623179081,171.96145629882812,72913500
2024-03-15 00:00:00-04:00,170.14243263043366,171.58372497558594,169.2677105816515,171.58372497558594,121752700
2024-03-18 00:00:00-04:00,174.51603957790343,176.64319229534289,172.4783429395777,172.67713928222656,75604200
2024-03-19 00:00:00-04:00,173.29340452493878,175.54978158656556,171.99127109820583,175.02296447753906,55215200
2024-03-20 00:00:00-04:00,174.66513949599232,177.59742736816406,174.0389165846836,177.59742736816406,53423100
2024-03-21 00:00:00-04:00,175.98714219427453,176.42450322724187,169.81441519205438,170.3412322998047,106181300
2024-03-22 00:00:00-04:00,170.7289059277682,172.0111704512642,169.0391141931604,171.24578857421875,71160100
2024-03-25 00:00:00-04:00,169.54603819383198,170.90780893012868,168.43275148556643,169.82435607910156,54288300
2024-03-26 00:00:00-04:00,168.97946029150032,170.39093396328443,168.56198344496033,168.6912078857422,57388400
2024-03-27 00:00:00-04:00,169.3870074763491,172.55785986634996,169.08880538680637,172.26959228515625,60273300
2024-03-28 00:00:00-04:00,170.7189448975998,171.19605909940955,169.4863834451387,170.4505615234375,65672700
2024-04-01 00:00:00-04:00,170.16233265286536,170.22197004043582,168.46259127116116,169.00929260253906,46240500
2024-04-02 00:00:00-04:00,168.06498070773253,168.32341441545842,167.2200773611407,167.826416015625,49329500
2024-04-03 00:00:00-04:00,167.77670819133198,169.6553614805782,167.56797736318632,168.6315460205078,47691700
2024-04-04 00:00:00-04:00,169.2677258236611,170.88794562795422,167.8065643310547,167.8065643310547,53704400
2024-04-05 00:00:00-04:00,168.57191570910442,169.3671161921521,167.93575835610383,168.56198120117188,42104800
2024-04-08 00:00:00-04:00,168.01530178433154,168.1842794442996,167.23005087422234,167.43878173828125,37425500
2024-04-09 00:00:00-04:00,167.6872804964856,169.05900112515698,167.33939066831408,168.65145874023438,42373800
2024-04-10 00:00:00-04:00,167.78667770328389,168.0749301271986,166.1068205360595,166.77279663085938,49709300
2024-04-11 00:00:00-04:00,167.32942111379162,174.40668878905643,167.15050896636146,173.98919677734375,91070300
2024-04-12 00:00:00-04:00,173.21389665591335,177.28929006742356,173.16420894399843,175.4901580810547,101670900
2024-04-15 00:00:00-04:00,174.30729011068368,175.56967037066977,171.46445848220424,171.6533203125,73531800
2024-04-16 00:00:00-04:00,170.71895735574867,172.71688554496447,167.2598525976239,168.36318969726562,73711200
2024-04-17 00:00:00-04:00,168.59182127268286,169.62557141471189,166.99148559570312,166.99148559570312,50901200
2024-04-18 00:00:00-04:00,167.02129381245496,167.62763251332663,165.55018268321453,166.0372314453125,43122900
2024-04-19 00:00:00-04:00,165.21221853676252,165.40106519259456,163.0950004513954,164.0094757080078,68149400
2024-04-22 00:00:00-04:00,164.52636553527142,166.2559103754066,163.78086788564391,164.8444366455078,48116400
2024-04-23 00:00:00-04:00,164.3573882766078,166.0471799196536,163.92996173620628,165.8980712890625,49537800
2024-04-24 00:00:00-04:00,165.540232667877,168.2836737462142,165.21222704669103,168.00535583496094,48251800
2024-04-25 00:00:00-04:00,168.51229295621184,169.58581142644354,167.14057238305094,168.87013244628906,50558300
2024-04-26 00:00:00-04:00,168.86016554035234,170.3113922398221,168.16435571128443,168.2836456298828,44838400
2024-04-29 00:00:00-04:00,172.3292258757486,174.97326108846298,172.06085765153782,172.4584503173828,68169400
2024-04-30 00:00:00-04:00,172.28947031289857,173.9395086711804,168.9794590883409,169.30747985839844,65934800
2024-05-01 00:00:00-04:00,168.56196349463553,171.67317804291875,168.09478382868932,168.2836456298828,50383100
2024-05-02 00:00:00-04:00,171.4743893691613,172.37893013348045,169.8641193422282,171.99127197265625,94214900
2024-05-03 00:00:00-04:00,185.52951854505613,185.8774235329829,181.56348055207545,182.27915954589844,163224100
2024-05-06 00:00:00-04:00,181.25534382134734,183.0942290168702,179.33692188523904,180.6191864013672,78569700
2024-05-07 00:00:00-04:00,182.34870759466082,183.78999990279186,180.23150475142342,181.3050079345703,77305800
2024-05-08 00:00:00-04:00,181.75233037266264,181.97101089337855,180.36072568018065,181.6429901123047,45057100
2024-05-09 00:00:00-04:00,181.46406224266897,183.55146169147778,181.01676669426374,183.46200561523438,48983000
2024-05-10 00:00:00-04:00,184.039301056681,184.22841905381327,181.28220609270682,182.1979217529297,50759500
2024-05-13 00:00:00-04:00,184.57678612826817,186.22906253508128,183.76059590764,185.41287231445312,72044800
2024-05-14 00:00:00-04:00,186.63715506565202,187.42348620330452,185.42283282321628,186.55752563476562,52393600
2024-05-15 00:00:00-04:00,187.03531124896162,189.76254724660947,186.4978163614719,188.83688354492188,70400000
2024-05-16 00:00:00-04:00,189.58338637309936,190.21045865928463,188.7771592552961,188.95631408691406,52845200
2024-05-17 00:00:00-04:00,188.62785068172937,189.9218023921439,188.29938496531759,188.98617553710938,41282900
2024-05-20 00:00:00-04:00,188.44869465688268,191.02663488992152,188.1301769262196,190.15072631835938,44361300
2024-05-21 00:00:00-04:00,190.20049107683238,191.83285642957057,190.03128423275254,191.4546356201172,42309400
2024-05-22 00:00:00-04:00,191.37500087150013,191.92244369758092,189.38431073139583,190.01136779785156,34648500
2024-05-23 00:00:00-04:00,190.09099161364105,190.11090276702717,185.76124979940406,186.0100860595703,51005900
2024-05-24 00:00:00-04:00,187.94106857836448,189.6928704821682,187.16468542966413,189.0956573486328,36327000
2024-05-28 00:00:00-04:00,190.61851957640835,192.1015891258543,188.219749617586,189.10560607910156,52280100
2024-05-29 00:00:00-04:00,188.7273931739324,191.35510374397245,188.6278525845266,189.4042205810547,53068000
2024-05-30 00:00:00-04:00,189.8720349370489,191.2854232244703,189.7426503955058,190.39956665039062,49889100
2024-05-31 00:00:00-04:00,190.5488754083416,191.67362027294615,189.02599856414395,191.3551025390625,75158300
2024-06-03 00:00:00-04:00,192.0020557606219,194.0823384761381,191.62383496596826,193.12680053710938,50080500
2024-06-04 00:00:00-04:00,193.73397115741048,194.41081372828987,192.13146492648488,193.44532775878906,47471400
2024-06-05 00:00:00-04:00,194.49042328995185,195.9834409155792,193.96289161058436,194.95823669433594,54156800
2024-06-06 00:00:00-04:00,194.77908126144504,195.58530834672572,193.2661524862918,193.57470703125,41181800
2024-06-07 00:00:00-04:00,193.74393208436854,196.02328103845028,193.2363115131171,195.9735107421875,53103900
2024-06-10 00:00:00-04:00,195.98344204153506,196.3815891899795,191.25555286655262,192.22103881835938,97010200
2024-06-11 00:00:00-04:00,192.74855695795014,206.19567789204126,192.7286609927464,206.1857147216797,172373300
2024-06-12 00:00:00-04:00,206.40472171133436,219.1750019825869,205.9369082694312,212.0782012939453,198134300
2024-06-13 00:00:00-04:00,213.74040935969603,215.74104751612717,210.61502639534655,213.24273681640625,97862700
2024-06-14 00:00:00-04:00,212.8545395919822,214.16838712685717,210.31640674162668,211.50086975097656,70122700
2024-06-17 00:00:00-04:00,212.37678083551464,217.9308083607288,211.72981259041407,215.6614227294922,93728300
2024-06-18 00:00:00-04:00,216.5771221156608,217.61228945527094,212.008492058615,213.29248046875,79943300
2024-06-20 00:00:00-04:00,212.93416556238657,213.24273529474334,207.87782592387282,208.70394897460938,86172500
2024-06-21 00:00:00-04:00,209.41064929966387,210.90366690915465,206.14591867526494,206.52415466308594,241805100
2024-06-24 00:00:00-04:00,206.75306897426384,211.70988292620214,205.62832424046638,207.17111206054688,80727000
2024-06-25 00:00:00-04:00,208.17643126307132,210.39606187439708,207.63895156671146,208.09681701660156,55549700
2024-06-26 00:00:00-04:00,210.51548557795786,213.8598456726642,209.65948819693895,212.25733947753906,66213200
2024-06-27 00:00:00-04:00,213.69064352295018,214.73575892320002,211.36153961685812,213.1033935546875,49772700
2024-06-28 00:00:00-04:00,214.76560832661605,215.0642148828325,209.3210696212814,209.6395721435547,82542700
2024-07-01 00:00:00-04:00,211.1027165067048,216.49748456121918,210.9335096799559,215.74102783203125,60402900
2024-07-02 00:00:00-04:00,215.1438274713018,219.35414798734178,214.09872731420612,219.24465942382812,58046200
2024-07-03 00:00:00-04:00,218.97593450353426,220.5187225341797,218.0104484863841,220.5187225341797,37369800
2024-07-05 00:00:00-04:00,220.61823649717394,225.39589603978789,220.61823649717394,225.28640747070312,60412400
2024-07-08 00:00:00-04:00,226.03290864697604,226.78938062149984,222.21078721739227,226.759521484375,59085900
2024-07-09 00:00:00-04:00,226.86898500321237,228.33214340978847,225.3162491891544,227.61549377441406,48076100
2024-07-10 00:00:00-04:00,228.23264496613547,231.9950484021832,228.18287467129386,231.8955078125,62627700
2024-07-11 00:00:00-04:00,230.31290687462652,231.30825199534104,224.7190721562944,226.5106964111328,64710600
2024-07-12 00:00:00-04:00,227.8544036714271,231.55708874298097,227.6155153743793,229.46685791015625,53046500
2024-07-15 00:00:00-04:00,235.37920328245679,236.12571210202407,232.00498402552307,233.3088836669922,62631300
2024-07-16 00:00:00-04:00,233.90609879782943,235.17019132901206,231.2485291999769,233.72694396972656,43234300
2024-07-17 00:00:00-04:00,228.38192926123955,230.38258262455565,225.58501197125685,227.81459045410156,57345900
2024-07-18 00:00:00-04:00,229.20805491946456,229.3673137711516,221.2353466054131,223.13644409179688,66034600
2024-07-19 00:00:00-04:00,223.77348959602472,225.74426861436035,222.24064965794977,223.26585388183594,49151500
2024-07-22 00:00:00-04:00,225.9532706718539,226.71969060050867,222.051519961604,222.91748046875,48201800
2024-07-23 00:00:00-04:00,223.32558043665784,225.88362469345716,221.6434447483752,223.9626007080078,39960300
2024-07-24 00:00:00-04:00,222.9572958470105,223.75357494115906,216.1192800710717,217.522705078125,61777600
2024-07-25 00:00:00-04:00,217.91089956980477,219.8219755631398,213.62096453779796,216.4776153564453,51391200
2024-07-26 00:00:00-04:00,217.6819649471348,218.46829606182757,215.0044842643322,216.94541931152344,41601300
2024-07-29 00:00:00-04:00,215.95008057489312,218.27918447457574,214.74570631572197,217.22412109375,36311800
2024-07-30 00:00:00-04:00,218.16969337819762,219.30438617677734,215.11397665237357,217.78150939941406,41643800
2024-07-31 00:00:00-04:00,220.40921389598267,222.77814001369308,219.60298682237814,221.04623413085938,50036300
2024-08-01 00:00:00-04:00,223.3255700813178,223.43505864730554,216.0097928775357,217.3435516357422,62501000
2024-08-02 00:00:00-04:00,218.1298614428512,224.54984915998065,216.69657732981517,218.83656311035156,105568600
2024-08-05 00:00:00-04:00,198.16323265092018,212.5061577637865,195.08762024216466,208.2958526611328,119548600
2024-08-06 00:00:00-04:00,204.34434168651262,209.01251239840335,200.13403637997632,206.26535034179688,69660500
2024-08-07 00:00:00-04:00,205.93688655864335,212.64551772150753,205.42926604632788,208.8433074951172,63516400
2024-08-08 00:00:00-04:00,212.1179811495676,213.20290359333654,207.85790561211314,212.31704711914062,47161100
2024-08-09 00:00:00-04:00,211.11270086651854,215.77090862412464,210.98330114399806,215.23342895507812,42201600
2024-08-12 00:00:00-04:00,215.31314332730477,218.7410807003227,214.84478845727688,216.7680206298828,38028100
2024-08-13 00:00:00-04:00,218.2428558389481,221.11277276612057,218.2428558389481,220.4949493408203,44155300
2024-08-14 00:00:00-04:00,219.7973785028084,222.24875291914373,218.9304156630747,220.94334411621094,41960600
2024-08-15 00:00:00-04:00,223.81327127421198,224.56064415441705,221.97970491871703,223.93284606933594,46414000
2024-08-16 00:00:00-04:00,223.1356500786779,226.03546056539557,222.86659157853387,225.25819396972656,44340200
2024-08-19 00:00:00-04:00,224.92935218120843,225.19841068626937,222.25873174304007,225.0987548828125,40687800
2024-08-20 00:00:00-04:00,224.9791698204466,226.3742597731608,224.66028342820331,225.71656799316406,30299000
2024-08-21 00:00:00-04:00,225.7265541171402,227.18143154067607,224.26170199000447,225.60696411132812,34765500
2024-08-22 00:00:00-04:00,226.9920749311584,227.54015139464096,223.11570169720306,223.74349975585938,43695300
2024-08-23 00:00:00-04:00,224.86956599566977,227.42059644239848,223.5442228703079,226.04542541503906,38677300
2024-08-26 00:00:00-04:00,225.96568932825608,226.48387210620078,223.10574735994538,226.38421630859375,30602200
2024-08-27 00:00:00-04:00,225.20835892301574,228.04838192077386,224.1022464634546,227.2312469482422,35934600
2024-08-28 00:00:00-04:00,227.12163896438045,229.05484595642545,224.88947977262964,225.6966552734375,38052200
2024-08-29 00:00:00-04:00,229.29401907737392,232.10413336375854,228.07829123837303,228.98509216308594,51906300
2024-08-30 00:00:00-04:00,229.38367949051207,229.5929353752877,226.68316554604098,228.19784545898438,52990800
2024-09-03 00:00:00-04:00,227.74943764667495,228.1978583447122,220.39528345963856,221.98968505859375,50190600
2024-09-04 00:00:00-04:00,220.88357632692316,221.00315112701452,216.71821006143196,220.076416015625,43840200
2024-09-05 00:00:00-04:00,220.85368603716802,224.69019125096705,220.7440707336114,221.60105895996094,36615400
2024-09-06 00:00:00-04:00,223.16553454066073,224.4510243839852,219.00018373655976,220.0465087890625,48423000
2024-09-09 00:00:00-04:00,220.04653410508755,220.49495483479603,215.950929723779,220.13621520996094,67180000
2024-09-10 00:00:00-04:00,218.15315521125123,220.70418549359823,215.97082401031443,219.3389892578125,51591000
2024-09-11 00:00:00-04:00,220.6842723421212,222.3085524071335,217.126770108234,221.88006591796875,44587100
2024-09-12 00:00:00-04:00,221.7206265576352,222.76695165661573,219.0500213655269,221.98968505859375,37455600
2024-09-13 00:00:00-04:00,222.79683029802118,223.2552104631355,221.1326819144566,221.72061157226562,36766600
2024-09-16 00:00:00-04:00,215.78148650258865,216.45911247240775,213.17066883128115,215.56227111816406,59357400
2024-09-17 00:00:00-04:00,214.99427397716522,216.14023969143096,213.74865245933694,216.03062438964844,45519300
2024-09-18 00:00:00-04:00,216.78794613986932,221.92987480128497,216.77797143749862,219.9169464111328,59894900
2024-09-19 00:00:00-04:00,224.20191472936153,229.01499812075548,223.84317512238368,228.0683135986328,66781300
2024-09-20 00:00:00-04:00,229.16446964119802,232.27353613908102,226.82269506404828,227.40066528320312,318679900
2024-09-23 00:00:00-04:00,226.54365969576136,228.64626930220686,225.01902026418153,225.6767120361328,54146000
2024-09-24 00:00:00-04:00,227.8490778167103,228.5466380182851,224.93930782860403,226.5735626220703,43556100
2024-09-25 00:00:00-04:00,224.1420985437932,226.49383244586693,223.2352976856936,225.57705688476562,42308700
2024-09-26 00:00:00-04:00,226.50382237250227,227.6996160019036,224.62044322472642,226.72305297851562,36636700
2024-09-27 00:00:00-04:00,227.6597471643239,228.71603171782343,226.50380681299467,226.99208068847656,34026000
2024-09-30 00:00:00-04:00,229.234199611622,232.183837890625,228.84556632808733,232.183837890625,54541900
2024-10-01 00:00:00-04:00,228.71603627902877,228.84557057238277,222.9562838134916,225.41763305664062,63285000
2024-10-02 00:00:00-04:00,225.09874435066007,226.57355589970402,222.2388023482828,225.98562622070312,32880600
2024-10-03 00:00:00-04:00,224.35137431302277,226.01552277761738,222.53775735368686,224.8795166015625,34044200
2024-10-04 00:00:00-04:00,227.1017072618697,227.20136306464835,223.3449237414969,226.0055694580078,37245100
2024-10-07 00:00:00-04:00,223.71363756752507,224.89947175407843,220.5547430398763,220.91348266601562,39505400
2024-10-08 00:00:00-04:00,223.51431968732726,225.1884276449642,222.46799461113406,224.9791717529297,31855700
2024-10-09 00:00:00-04:00,224.4410763624789,228.9452482903661,224.04248353573135,228.73597717285156,33591100
2024-10-10 00:00:00-04:00,226.98212047614993,228.6960967971132,226.3742566041183,228.23770141601562,28183500
2024-10-11 00:00:00-04:00,228.4968150773993,228.60643037956845,226.54367384020586,226.75294494628906,31759200
2024-10-14 00:00:00-04:00,227.89890830734765,230.91829362955485,227.79926770980506,230.48980712890625,39882100
2024-10-15 00:00:00-04:00,232.79170373632726,236.65811760908664,231.5560417756155,233.03086853027344,64751400
2024-10-16 00:00:00-04:00,230.7887621886474,231.30692979509985,229.0349173503749,230.96812438964844,34082200
2024-10-17 00:00:00-04:00,232.6123377292532,233.0308799404877,229.71254238803704,231.33682250976562,32993800
2024-10-18 00:00:00-04:00,235.35270879965356,235.35270879965356,233.1903116322836,234.17684936523438,46431500
2024-10-21 00:00:00-04:00,233.62876897482323,236.02037141360947,233.62876897482323,235.6516571044922,36254500
2024-10-22 00:00:00-04:00,233.07072804715946,235.3925683333293,231.7852533575211,235.03382873535156,38846600
2024-10-23 00:00:00-04:00,233.26006870913344,234.31635331873264,226.96219904424217,229.95169067382812,52287000
2024-10-24 00:00:00-04:00,229.17441473320775,230.0114839114603,227.60992208421712,229.76235961914062,31109500
2024-10-25 00:00:00-04:00,228.935262581316,232.40306843409212,228.76585988907573,230.5994110107422,38802300
2024-10-28 00:00:00-04:00,232.50273684103132,233.9077863541258,231.73542973016842,232.5824432373047,36087100
2024-10-29 00:00:00-04:00,232.28350596136286,233.50919327337175,231.50623935322642,232.85150146484375,35417200
2024-10-30 00:00:00-04:00,231.79520878623467,232.65219696606212,228.74592985962587,229.29400634765625,47070900
2024-10-31 00:00:00-04:00,228.53666090957242,229.02495000446748,224.5805658660821,225.11868286132812,64370100
2024-11-01 00:00:00-04:00,220.1959891516409,224.56065178607977,219.49844414747824,222.1291961669922,65276700
2024-11-04 00:00:00-05:00,220.21591416091667,222.0095968952219,218.94039900502227,221.23233032226562,44944500
2024-11-05 00:00:00-05:00,221.02308305755813,223.1655459656629,220.36539125313263,222.66729736328125,28111300
2024-11-06 00:00:00-05:00,221.83023455712816,225.27812143912794,220.41521040716108,221.93984985351562,54561100
2024-11-07 00:00:00-05:00,223.8431738287627,227.081789771112,223.7833864288354,226.6831817626953,42137700
2024-11-08 00:00:00-05:00,226.6233197345054,228.10973956989392,225.8651541338214,226.41383361816406,38328800
2024-11-11 00:00:00-05:00,224.4585504714927,225.15686291743452,220.96697301971395,223.69039916992188,42005600
2024-11-12 00:00:00-05:00,224.00963641496367,225.04712701721013,222.82249764582772,223.69039916992188,40398300
2024-11-13 00:00:00-05:00,223.47093284409854,226.10457929193407,222.2239408664857,224.57826232910156,48566200
2024-11-14 00:00:00-05:00,224.47851048945301,228.3192366196321,224.45855435577516,227.67080688476562,44923900
2024-11-15 00:00:00-05:00,225.8551667084814,226.3739196007606,223.73030286311794,224.4585418701172,47923700
2024-11-18 00:00:00-05:00,224.70794459457642,229.18714506333228,224.62813528483125,227.47128295898438,44633700
2024-11-19 00:00:00-05:00,226.43377721041003,229.60613257977118,226.11455519341968,227.73065185546875,36211800
2024-11-20 00:00:00-05:00,227.51117324017346,229.37666823104936,225.34639715216647,228.44891357421875,35169600
2024-11-21 00:00:00-05:00,228.3292117939797,229.60613029336434,225.16684213362325,227.97007751464844,42108300
2024-11-22 00:00:00-05:00,227.51117639639193,230.16477882059493,227.51117639639193,229.3168182373047,38168300
2024-11-25 00:00:00-05:00,230.9030055193102,232.68869124314412,229.1871434272115,232.30960083007812,90152800
2024-11-26 00:00:00-05:00,232.76849125195545,235.00310615337486,232.76849125195545,234.49432373046875,45986200
2024-11-27 00:00:00-05:00,233.90577001446655,235.12283541072824,233.24735459247512,234.36465454101562,33498400
2024-11-29 00:00:00-05:00,234.24494059041535,237.2377212602243,233.40696565616557,236.75888061523438,28481400
2024-12-02 00:00:00-05:00,236.69901868412032,240.21053691361496,236.58928278806928,239.013427734375,48137100
2024-12-03 00:00:00-05:00,239.232908507596,242.1758064568113,238.32509471728144,242.06607055664062,38861000
2024-12-04 00:00:00-05:00,242.28553892887177,243.5225604021956,240.66944226019712,242.42520141601562,44383900
2024-12-05 00:00:00-05:00,243.40284992887905,243.95151419061432,241.54732536132988,242.4551239013672,40033900
2024-12-06 00:00:00-05:00,242.32543882662802,244.04130085085734,241.49743440151175,242.25559997558594,36870600
2024-12-09 00:00:00-05:00,241.24804586880077,246.64503053466012,241.16823655952678,246.1562042236328,44649200
2024-12-10 00:00:00-05:00,246.2958646584201,247.612695417372,244.7495916510093,247.1737518310547,36914800
2024-12-11 00:00:00-05:00,247.36328368802742,250.196445491468,245.6673626102133,245.89682006835938,45205800
2024-12-12 00:00:00-05:00,246.2958641332418,248.1414182384854,245.08876927344312,247.36329650878906,32777500
2024-12-13 00:00:00-05:00,247.223631137632,248.69007959411312,245.647431564018,247.5328826904297,33155300
2024-12-16 00:00:00-05:00,247.3932192907539,250.7750606707362,247.05402592958802,250.4358673095703,51694800
2024-12-17 00:00:00-05:00,249.47818331943677,253.21915892963332,249.1789022262073,252.8699951171875,51356400
2024-12-18 00:00:00-05:00,251.55318925842403,253.66808268004456,247.14382766353577,247.4530792236328,56774100
2024-12-19 00:00:00-05:00,246.90440599607692,251.3935770141874,246.49538898335234,249.1888885498047,60882300
2024-12-20 00:00:00-05:00,247.44310326755718,254.3863612366688,245.09876750312787,253.87759399414062,147495300
2024-12-23 00:00:00-05:00,254.15691915529422,255.03479114956258,252.8400883307868,254.6557159423828,40858800
2024-12-24 00:00:00-05:00,254.87518901917565,257.58862955018265,254.67565812568793,257.57867431640625,23234700
2024-12-26 00:00:00-05:00,257.56867823862046,259.47408555117545,257.0100282923795,258.39666748046875,27237100
2024-12-27 00:00:00-05:00,257.20952960207876,258.0774615569102,252.4510193654514,254.9749298095703,42355300
2024-12-30 00:00:00-05:00,251.62302046123375,252.8899685500744,250.14658624824915,251.5930938720703,35557500
2024-12-31 00:00:00-05:00,251.8325261089863,252.670501064015,248.82975968702823,249.8173828125,39480700
2025-01-02 00:00:00-05:00,248.3309608077005,248.5005651105234,241.23808511721737,243.26319885253906,55740700
2025-01-03 00:00:00-05:00,242.7743682861328,243.5923870862029,241.3079045417172,242.7743682861328,40244100
2025-01-06 00:00:00-05:00,243.72207367593157,246.73481040856498,242.61474424512696,244.41041564941406,45045600
2025-01-07 00:00:00-05:00,242.3952722906863,244.9590949760797,240.76920518354387,241.62713623046875,40856000
2025-01-08 00:00:00-05:00,241.33781457710975,243.12351544341067,239.47231962725974,242.11593627929688,37628900
2025-01-10 00:00:00-05:00,239.4324132245663,239.58206138453855,232.4392881886217,236.280029296875,61710900
2025-01-13 00:00:00-05:00,232.96802072299363,234.10527676213235,229.16719172961072,233.83592224121094,49630700
2025-01-14 00:00:00-05:00,234.1850763475817,235.55177458449063,231.9105643637605,232.71861267089844,39435300
2025-01-15 00:00:00-05:00,234.07533889356793,238.38495013235746,233.86583756026477,237.2975616455078,39832000
2025-01-16 00:00:00-05:00,236.77883010316478,237.4372302632713,227.4812511099753,227.710693359375,71759100
2025-01-17 00:00:00-05:00,231.5614090278119,231.73099810398455,227.93016912923343,229.4265594482422,68488300
2025-01-21 00:00:00-05:00,223.46094530610958,223.87993275191027,218.85206818023312,222.10421752929688,98070400
2025-01-22 00:00:00-05:00,219.26106511921876,223.58064673096774,219.26106511921876,223.29135131835938,64126500
2025-01-23 00:00:00-05:00,224.19918327232872,226.4836658384098,221.76505253825962,223.1217803955078,60234800
2025-01-24 00:00:00-05:00,224.23906824814947,225.08702882156655,220.877182986192,222.24388122558594,54697900
2025-01-27 00:00:00-05:00,223.48089669223063,231.59132137138346,223.44098442848647,229.3068389892578,94863400
2025-01-28 00:00:00-05:00,230.2944737209622,239.61199368769647,230.25456145518996,237.68663024902344,75707600
2025-01-29 00:00:00-05:00,233.55660081590926,239.2827933650634,233.4468649147594,238.78399658203125,45486100
2025-01-30 00:00:00-05:00,238.09563705158317,240.21053038482776,236.63915907674937,237.0182342529297,55658300
2025-01-31 00:00:00-05:00,246.59515764263173,246.59515764263173,232.87824601959832,235.4320831298828,100959800
2025-02-03 00:00:00-05:00,229.43654993330725,231.27211844312274,225.15686500690927,227.4613037109375,73063300
2025-02-04 00:00:00-05:00,226.70312948058964,232.5689843025687,226.10456727432145,232.23977661132812,45067300
2025-02-05 00:00:00-05:00,227.98004730881974,232.11008389811693,227.72067847197073,231.9105682373047,39620300
2025-02-06 00:00:00-05:00,230.7334042435517,233.23737378273856,229.875473186273,232.6587677001953,29925300
2025-02-07 00:00:00-05:00,232.04025529180169,233.43688010961284,226.71309440770742,227.08221435546875,39707200
2025-02-10 00:00:00-05:00,229.26935130196645,230.2880044885276,226.90244480659103,227.3518524169922,33115600
2025-02-11 00:00:00-05:00,227.90114370319637,234.92193591818142,227.83124330015124,232.3153533935547,53718400
2025-02-12 00:00:00-05:00,230.89721134547665,236.64967765066982,230.377888084301,236.55978393554688,45243300
2025-02-13 00:00:00-05:00,236.5997394445533,242.02262084431055,235.2614980047627,241.21368408203125,53614100
2025-02-14 00:00:00-05:00,240.93404435379279,245.22841586050225,240.67439035154717,244.2796630859375,40896200
2025-02-18 00:00:00-05:00,243.83025306858283,244.85890295305822,241.52328070167576,244.14984130859375,48822500
2025-02-19 00:00:00-05:00,244.33958470767533,245.68780753699892,242.84154918255663,244.54930114746094,32204200
2025-02-20 00:00:00-05:00,244.61922281669615,246.4568094488268,243.9700649298591,245.508056640625,32316900
2025-02-21 00:00:00-05:00,245.6278941258364,248.36431123309396,244.89885442060717,245.22842407226562,53197400
2025-02-24 00:00:00-05:00,244.609226181644,248.53408727873096,244.09989957647335,246.77639770507812,51326400
2025-02-25 00:00:00-05:00,247.67521063757022,249.67259136851834,244.58926106556868,246.71646118164062,48013300
2025-02-26 00:00:00-05:00,244.01001367840516,244.65915630674968,238.8168269352331,240.0452117919922,44433600
2025-02-27 00:00:00-05:00,239.09646458024955,242.14247324939222,236.74953612071198,236.98922729492188,41153600
2025-02-28 00:00:00-05:00,236.63967447024518,241.77294223985544,229.89851463379637,241.5232696533203,56833400
2025-03-03 00:00:00-05:00,241.47333193183624,243.71040379171194,235.80077808405883,237.71826171875,47184000
2025-03-04 00:00:00-05:00,237.39870037793833,239.75561031847352,234.3726544629493,235.6210174560547,53798100
2025-03-05 00:00:00-05:00,235.11168617953675,236.2402111793479,228.92979032203158,235.4312744140625,47227600
2025-03-06 00:00:00-05:00,234.13297099659667,237.54849020730907,232.8546485518437,235.0218048095703,45170400
2025-03-07 00:00:00-05:00,234.80209169163373,241.05388787370777,234.45254396930395,238.7569122314453,46273600
2025-03-10 00:00:00-04:00,235.23152514577004,235.85072354308846,223.92635798057333,227.1820831298828,72071200
2025-03-11 00:00:00-04:00,223.51689291637274,225.54423318142804,217.16522145004404,220.55078125,76137400
2025-03-12 00:00:00-04:00,219.85169651198805,221.4595886104368,214.6285501658544,216.69583129882812,62547500
2025-03-13 00:00:00-04:00,215.6671885752157,216.55602242060417,208.14705109128238,209.4053955078125,61368300
2025-03-14 00:00:00-04:00,210.97334672214788,213.66980775083542,209.30553558500114,213.21041870117188,60107600
2025-03-17 00:00:00-04:00,213.0306430192638,214.93814530685134,209.69502079955336,213.71974182128906,48073400
2025-03-18 00:00:00-04:00,213.87952928252258,214.8682229774316,211.21302787332291,212.4114532470703,42432400
2025-03-19 00:00:00-04:00,213.93944620866878,218.47349365471302,213.470060528986,214.95811462402344,54385400
2025-03-20 00:00:00-04:00,213.70975404736055,217.20517028159983,211.94206785632258,213.81961059570312,48862900
2025-03-21 00:00:00-04:00,211.2829271905112,218.5533916912833,211.0032951126973,217.98414611816406,94127800
2025-03-24 00:00:00-04:00,220.71056863168138,221.1899357355996,218.29373979930335,220.44091796875,44299500
2025-03-25 00:00:00-04:00,220.48087718007702,223.80651793975238,219.79177838679217,223.45697021484375,34493600
2025-03-26 00:00:00-04:00,223.21727075576553,224.7253029108424,220.18125884970436,221.2398681640625,34466100
2025-03-27 00:00:00-04:00,221.1000540446544,224.69534536875565,220.271139232742,223.5568389892578,37094800
2025-03-28 00:00:00-04:00,221.3796909591809,223.51688772665744,217.39491092445158,217.6146240234375,39818600
2025-03-31 00:00:00-04:00,216.72579102857173,225.32451569687797,215.9468137615173,221.83909606933594,65299300
2025-04-01 00:00:00-04:00,219.5221267668628,223.3870536043053,218.61331487709137,222.897705078125,36412700
2025-04-02 00:00:00-04:00,221.03016017035932,224.89508702876748,220.73055001137135,223.59678649902344,35905900
2025-04-03 00:00:00-04:00,205.27081771109022,207.2182761783418,200.9864426085102,202.9239044189453,103419000
2025-04-04 00:00:00-04:00,193.6360793511012,199.61824028069563,187.09465424061224,188.13330078125,125910900
2025-04-07 00:00:00-04:00,176.967935484531,193.89573468350994,174.39131242893686,181.2223663330078,160466300
2025-04-08 00:00:00-04:00,186.4554964395268,190.09072892121037,168.9884109270566,172.19419860839844,120859500
2025-04-09 00:00:00-04:00,171.72480450043201,200.3472738997123,171.6648855169899,198.58958435058594,184395900
2025-04-10 00:00:00-04:00,188.82240088513313,194.52491452460524,182.76034285398336,190.17062377929688,121880000
2025-04-11 00:00:00-04:00,185.856281088865,199.27866665425725,185.81632494094944,197.89048767089844,87435900
2025-04-14 00:00:00-04:00,211.1630921847052,212.6611277249045,200.8965565016436,202.25477600097656,101352900
2025-04-15 00:00:00-04:00,201.59564256833872,203.24347561495443,199.53834280484799,201.87527465820312,51343900
2025-04-16 00:00:00-04:00,198.10021911176236,200.4371508814261,192.11805840887246,194.0155792236328,59732400
2025-04-17 00:00:00-04:00,196.94174374665747,198.56961397436802,194.16538565496842,196.72203063964844,52164700
2025-04-21 00:00:00-04:00,193.01688474432112,193.54618940120912,189.56140949031536,192.9070281982422,46742500
2025-04-22 00:00:00-04:00,195.8631544964882,201.32599215129426,195.71335703344474,199.47842407226562,52976400
2025-04-23 00:00:00-04:00,205.7302222309065,207.7276030292648,202.5344160012944,204.33206176757812,52929200
2025-04-24 00:00:00-04:00,204.62166872266098,208.5565112075726,202.67422555441442,208.09710693359375,47311000
2025-04-25 00:00:00-04:00,206.0997277622984,209.47530610539675,205.92995222724628,209.00592041015625,38222300
2025-04-28 00:00:00-04:00,209.72497582911666,211.2230113707532,207.1883090170199,209.8647918701172,38743100
2025-04-29 00:00:00-04:00,208.41669143858087,211.96204522644123,208.09710321217068,210.9333953857422,36827600
2025-04-30 00:00:00-04:00,209.02590396975114,213.30029766677714,206.399343338795,212.22171020507812,52286500
2025-05-01 00:00:00-04:00,208.80618155790114,214.2790004444518,208.62640936955898,213.04063415527344,57365700
2025-05-02 00:00:00-04:00,205.82009105417706,206.71892151455646,201.89524528415058,205.08106994628906,101010600
2025-05-05 00:00:00-04:00,202.83402512431957,203.83271551835597,197.9504297070337,198.62953186035156,69018500
2025-05-06 00:00:00-04:00,197.9504203457911,200.38721199140494,196.7619763948813,198.25001525878906,51216500
2025-05-07 00:00:00-04:00,198.90915494694545,199.1788056079939,192.99690991055434,195.99298095703125,68536700
2025-05-08 00:00:00-04:00,197.46106353953903,199.78801395815432,194.42503624466005,197.2313690185547,50478900
2025-05-09 00:00:00-04:00,198.739389980464,200.2773664943336,197.28129528859796,198.27000427246094,36453900
2025-05-12 00:00:00-04:00,210.97000122070312,211.27000427246094,206.75,210.7899932861328,63775800
2025-05-13 00:00:00-04:00,210.42999267578125,213.39999389648438,209.0,212.92999267578125,51909300
2025-05-14 00:00:00-04:00,212.42999267578125,213.94000244140625,210.5800018310547,212.3300018310547,49325800
2025-05-15 00:00:00-04:00,210.9499969482422,212.9600067138672,209.5399932861328,211.4499969482422,45029500
2025-05-16 00:00:00-04:00,212.36000061035156,212.57000732421875,209.77000427246094,211.25999450683594,54737900
2025-05-19 00:00:00-04:00,207.91000366210938,209.47999572753906,204.25999450683594,208.77999877929688,46140500
2025-05-20 00:00:00-04:00,207.6699981689453,208.47000122070312,205.02999877929688,206.86000061035156,42496600
2025-05-21 00:00:00-04:00,205.1699981689453,207.0399932861328,200.7100067138672,202.08999633789062,59211800
2025-05-22 00:00:00-04:00,200.7100067138672,202.75,199.6999969482422,201.36000061035156,46742400
2025-05-23 00:00:00-04:00,193.6699981689453,197.6999969482422,193.4600067138672,195.27000427246094,78432900
2025-05-27 00:00:00-04:00,198.3000030517578,200.74000549316406,197.42999267578125,200.2100067138672,56288500
2025-05-28 00:00:00-04:00,200.58999633789062,202.72999572753906,199.89999389648438,200.4199981689453,45339700
2025-05-29 00:00:00-04:00,203.5800018310547,203.80999755859375,198.50999450683594,199.9499969482422,51396800
2025-05-30 00:00:00-04:00,199.3699951171875,201.9600067138672,196.77999877929688,200.85000610351562,70819900
2025-06-02 00:00:00-04:00,200.27999877929688,202.1300048828125,200.1199951171875,201.6999969482422,35423300
2025-06-03 00:00:00-04:00,201.35000610351562,203.77000427246094,200.9600067138672,203.27000427246094,46381600
2025-06-04 00:00:00-04:00,202.91000366210938,206.24000549316406,202.10000610351562,202.82000732421875,43604000
2025-06-05 00:00:00-04:00,203.5,204.75,200.14999389648438,200.6300048828125,55126100
2025-06-06 00:00:00-04:00,203.0,205.6999969482422,202.0500030517578,203.9199981689453,46607700
2025-06-09 00:00:00-04:00,204.38999938964844,206.0,200.02000427246094,201.4499969482422,72862600
2025-06-10 00:00:00-04:00,200.60000610351562,204.35000610351562,200.57000732421875,202.6699981689453,54672600
2025-06-11 00:00:00-04:00,203.5,204.5,198.41000366210938,198.77999877929688,60989900
2025-06-12 00:00:00-04:00,199.0800018310547,199.67999267578125,197.36000061035156,199.1999969482422,43904600
2025-06-13 00:00:00-04:00,199.72999572753906,200.3699951171875,195.6999969482422,196.4499969482422,51447300
2025-06-16 00:00:00-04:00,197.3000030517578,198.69000244140625,196.55999755859375,198.4199981689453,43020700
2025-06-17 00:00:00-04:00,197.1999969482422,198.38999938964844,195.2100067138672,195.63999938964844,38856200
2025-06-18 00:00:00-04:00,195.94000244140625,197.57000732421875,195.07000732421875,196.5800018310547,45394700
2025-06-20 00:00:00-04:00,198.24000549316406,201.6999969482422,196.86000061035156,201.0,96813500
2025-06-23 00:00:00-04:00,201.6300048828125,202.3000030517578,198.9600067138672,201.5,55814300
2025-06-24 00:00:00-04:00,202.58999633789062,203.44000244140625,200.1999969482422,200.3000030517578,54064000
2025-06-25 00:00:00-04:00,201.4499969482422,203.6699981689453,200.6199951171875,201.55999755859375,39525700
2025-06-26 00:00:00-04:00,201.42999267578125,202.63999938964844,199.4600067138672,201.0,50799100
2025-06-27 00:00:00-04:00,201.88999938964844,203.22000122070312,200.0,201.0800018310547,73188600
2025-06-30 00:00:00-04:00,202.00999450683594,207.38999938964844,199.25999450683594,205.1699981689453,91912800
2025-07-01 00:00:00-04:00,206.6699981689453,210.19000244140625,206.13999938964844,207.82000732421875,78788900
2025-07-02 00:00:00-04:00,208.91000366210938,213.33999633789062,208.13999938964844,212.44000244140625,67941800
2025-07-03 00:00:00-04:00,212.14999389648438,214.64999389648438,211.80999755859375,213.5500030517578,34955800
2025-07-07 00:00:00-04:00,212.67999267578125,216.22999572753906,208.8000030517578,209.9499969482422,50229000
2025-07-08 00:00:00-04:00,210.10000610351562,211.42999267578125,208.4499969482422,210.00999450683594,42848900
2025-07-09 00:00:00-04:00,209.52999877929688,211.3300018310547,207.22000122070312,211.13999938964844,48749400
2025-07-10 00:00:00-04:00,210.50999450683594,213.47999572753906,210.02999877929688,212.41000366210938,44443600
2025-07-11 00:00:00-04:00,210.57000732421875,212.1300048828125,209.86000061035156,211.16000366210938,39765800
2025-07-14 00:00:00-04:00,209.92999267578125,210.91000366210938,207.5399932861328,208.6199951171875,38840100
2025-07-15 00:00:00-04:00,209.22000122070312,211.88999938964844,208.9199981689453,209.11000061035156,42296300
2025-07-16 00:00:00-04:00,210.3000030517578,212.39999389648438,208.63999938964844,210.16000366210938,47490500
2025-07-17 00:00:00-04:00,210.57000732421875,211.8000030517578,209.58999633789062,210.02000427246094,48068100
2025-07-18 00:00:00-04:00,210.8699951171875,211.7899932861328,209.6999969482422,211.17999267578125,48974600
2025-07-21 00:00:00-04:00,212.10000610351562,215.77999877929688,211.6300048828125,212.47999572753906,51377400
2025-07-22 00:00:00-04:00,213.13999938964844,214.9499969482422,212.22999572753906,214.39999389648438,46404100
2025-07-23 00:00:00-04:00,215.0,215.14999389648438,212.41000366210938,214.14999389648438,46989300
2025-07-24 00:00:00-04:00,213.89999389648438,215.69000244140625,213.52999877929688,213.75999450683594,46022600
2025-07-25 00:00:00-04:00,214.6999969482422,215.24000549316406,213.39999389648438,213.8800048828125,40268800
2025-07-28 00:00:00-04:00,214.02999877929688,214.85000610351562,213.05999755859375,214.0500030517578,37858000
2025-07-29 00:00:00-04:00,214.17999267578125,214.80999755859375,210.82000732421875,211.27000427246094,51411700
2025-07-30 00:00:00-04:00,211.89999389648438,212.38999938964844,207.72000122070312,209.0500030517578,45512500
2025-07-31 00:00:00-04:00,208.49000549316406,209.83999633789062,207.16000366210938,207.57000732421875,80698400
2025-08-01 00:00:00-04:00,210.8699951171875,213.5800018310547,201.5,202.3800048828125,104301700
