Date,Open,High,Low,Close,Volume
2018-01-02 00:00:00-05:00,79.49467033662245,79.66080368594021,78.91320713482894,79.32853698730469,22483800
2018-01-03 00:00:00-05:00,79.43006371112033,79.84540060730887,79.34700055686504,79.69772338867188,26061400
2018-01-04 00:00:00-05:00,79.91921845593546,80.90679384235766,79.90076232759272,80.39916229248047,21912000
2018-01-05 00:00:00-05:00,80.90679717611741,81.59901820448952,80.69451296242993,81.39596557617188,23407100
2018-01-08 00:00:00-05:00,81.40518819649246,81.75591801589472,80.85141279520647,81.4790267944336,22113000
2018-01-09 00:00:00-05:00,81.82051098390022,81.8943495691667,81.09137079807263,81.42363739013672,19484300
2018-01-10 00:00:00-05:00,81.09137791403707,81.39595682376253,80.67604815832829,81.05445861816406,18652200
2018-01-11 00:00:00-05:00,81.3405774341089,81.3405774341089,80.51914243437955,81.29443359375,17808900
2018-01-12 00:00:00-05:00,81.83897996548548,82.86346761168072,81.63592734492266,82.69733428955078,24271500
2018-01-16 00:00:00-05:00,83.15879928191953,83.79564473697708,81.22981383346234,81.54361724853516,36599700
2018-01-17 00:00:00-05:00,82.21739537911046,83.32494613707372,81.91281645609797,83.19573211669922,25621200
2018-01-18 00:00:00-05:00,82.881929305701,83.68490114699902,82.75271528430507,83.1588134765625,24159700
2018-01-19 00:00:00-05:00,83.19571943280364,83.62951231005525,82.75270201381451,83.0665054321289,36875000
2018-01-22 00:00:00-05:00,83.0665068999341,84.56170655912152,82.82653501945425,84.55247497558594,23601600
2018-01-23 00:00:00-05:00,84.82014465332031,85.18933058066813,84.48787802287086,84.82014465332031,23412800
2018-01-24 00:00:00-05:00,85.42007991907342,86.23228341163829,84.52480623931218,84.7463150024414,33277500
2018-01-25 00:00:00-05:00,85.34623214551682,86.05690924493165,84.84783220081054,85.2170181274414,26383200
2018-01-26 00:00:00-05:00,85.94617225114274,86.81375122070312,85.44777222609129,86.81375122070312,29172200
2018-01-29 00:00:00-05:00,87.8105384608767,88.09665421362322,86.49993509080653,86.68452453613281,31569900
2018-01-30 00:00:00-05:00,86.1122915799479,86.44455820924645,85.00473380174074,85.59542846679688,38635100
2018-01-31 00:00:00-05:00,86.52761859227435,88.05050608782551,86.30610986033611,87.6905517578125,48756300
2018-02-01 00:00:00-05:00,87.48748982482734,88.66887899138429,86.37070765826539,86.99832153320312,47227900
2018-02-02 00:00:00-05:00,86.42609734961654,86.7306762748855,84.45096069024657,84.70938873291016,47867800
2018-02-05 00:00:00-05:00,83.58335934113711,86.05689550037707,81.2205810546875,81.2205810546875,51031500
2018-02-06 00:00:00-05:00,80.19612372186752,84.432520644758,78.68246743368826,84.29407501220703,67998600
2018-02-07 00:00:00-05:00,83.51876159305807,84.700150867135,82.32814073481742,82.70655822753906,41107600
2018-02-08 00:00:00-05:00,82.79886059107628,82.95576232817236,78.23020479544049,78.46094512939453,55628700
2018-02-09 00:00:00-05:00,79.65156169887275,82.07894734302911,77.37184619864115,81.38672637939453,63499100
2018-02-12 00:00:00-05:00,81.9035878139407,82.86346845809214,81.15599137753775,82.26354217529297,35720300
2018-02-13 00:00:00-05:00,82.07896309764666,83.06653158032505,81.03601918057196,82.90962982177734,26407700
2018-02-14 00:00:00-05:00,82.07504619629103,84.37473842306427,81.98231792620902,84.20782470703125,34960900
2018-02-15 00:00:00-05:00,84.57873998481045,85.9789601288592,84.03163827057597,85.92332458496094,27823900
2018-02-16 00:00:00-05:00,85.72859823189387,86.70226283695386,85.12586088798581,85.31131744384766,30596900
2018-02-20 00:00:00-05:00,84.82912716426043,86.29425095233542,84.39329647060795,85.97897338867188,30911700
2018-02-21 00:00:00-05:00,86.22006393121637,86.57243418611527,84.83838653564453,84.83838653564453,26922500
2018-02-22 00:00:00-05:00,85.35768597007215,85.98824817088068,84.71784881896396,85.06095123291016,24392800
2018-02-23 00:00:00-05:00,86.79500182629253,87.23083256853945,85.64515547367499,87.2215576171875,26329200
2018-02-26 00:00:00-05:00,87.5368263170567,88.5104837898897,87.39773037101949,88.482666015625,30199800
2018-02-27 00:00:00-05:00,88.7793866858818,88.87211494366417,87.35134887695312,87.35134887695312,25869100
2018-02-28 00:00:00-05:00,87.94483651092472,88.75158737835008,86.82280808651194,86.95262908935547,31167300
2018-03-01 00:00:00-05:00,87.15664347079799,87.69447743133188,85.16295349620833,86.09952545166016,37135600
2018-03-02 00:00:00-05:00,84.92186068573514,86.37771668808016,84.2542057159208,86.28498840332031,32830400
2018-03-05 00:00:00-05:00,85.62659580720603,87.41627917945085,85.55241742899373,86.83208465576172,23901600
2018-03-06 00:00:00-05:00,87.4811867161084,87.62028266695108,86.18297670748058,86.53534698486328,22175800
2018-03-07 00:00:00-05:00,86.38698961271885,87.11028012148101,85.71005970789187,87.03609466552734,26716100
2018-03-08 00:00:00-05:00,87.41626534809164,88.18592338231853,86.95261695273274,87.56463623046875,25887800
2018-03-09 00:00:00-05:00,88.36212668323809,89.52124786376953,88.09320972038908,89.52124786376953,36937300
2018-03-12 00:00:00-04:00,89.48416051073504,90.14254053184827,89.05760473964963,89.73452758789062,26073700
2018-03-13 00:00:00-04:00,89.94780002566567,90.17034930254123,87.1380915279522,87.54610443115234,35387800
2018-03-14 00:00:00-04:00,88.20448840983615,88.47340537423764,86.7022648042977,87.02681732177734,32132000
2018-03-15 00:00:00-04:00,86.73007271390955,87.70373723029293,86.08096775279628,87.33281707763672,27611000
2018-03-16 00:00:00-04:00,87.79647549298039,88.44558052797633,87.0917278301889,87.7222900390625,49081300
2018-03-19 00:00:00-04:00,86.92479752181042,87.07316840135555,85.41330632868734,86.1365966796875,33344100
2018-03-20 00:00:00-04:00,86.28498299862039,86.95263085190011,86.23861532178752,86.35916137695312,23075200
2018-03-21 00:00:00-04:00,86.17369707594527,87.21227210113885,85.50604220794324,85.75641632080078,24457100
2018-03-22 00:00:00-04:00,84.63440443307977,85.07951016041781,83.14146258913932,83.26200866699219,38604700
2018-03-23 00:00:00-04:00,82.99307197946031,83.8832761483749,80.74901519481853,80.84174346923828,44068900
2018-03-26 00:00:00-04:00,84.02237681325869,87.16591289310745,83.82764530363342,86.96190643310547,56396800
2018-03-27 00:00:00-04:00,88.03757097109492,88.22302752336056,82.07505155194448,82.96525573730469,56569000
2018-03-28 00:00:00-04:00,83.2898207783055,84.59731301514428,82.40889141037111,82.89108276367188,52501100
2018-03-29 00:00:00-04:00,83.62363393962868,85.5802309462302,81.97304660508456,84.63438415527344,45867500
2018-04-02 00:00:00-04:00,83.89255330328501,84.27274136081313,81.14775527497493,82.08432006835938,48515400
2018-04-03 00:00:00-04:00,83.06726674238585,83.5030974632093,81.50013255254362,83.18781280517578,37213800
2018-04-04 00:00:00-04:00,81.46303158704252,86.01606278073956,81.35176048639913,85.61732482910156,35560000
2018-04-05 00:00:00-04:00,85.71934655550214,86.3035411841098,84.75495671840066,85.66370391845703,29771900
2018-04-06 00:00:00-04:00,84.83837937413622,85.7378583715882,82.97451796313487,83.66999053955078,38026000
2018-04-09 00:00:00-04:00,84.42112000226011,86.3962600717569,84.03165695893082,84.17074584960938,31533900
2018-04-10 00:00:00-04:00,85.67294591071378,86.49823944977253,84.97747335029038,86.1273193359375,26812000
2018-04-11 00:00:00-04:00,85.32058397764176,86.50752279738639,84.82911778584564,85.18148803710938,24872100
2018-04-12 00:00:00-04:00,85.71005065753654,87.31427736824644,85.71005065753654,86.77644348144531,26758900
2018-04-13 00:00:00-04:00,87.2122843843741,87.33283044568616,85.71933567057422,86.31280517578125,23346100
2018-04-16 00:00:00-04:00,87.2308343308224,87.77794327620079,86.62808982563831,87.32356262207031,20288100
2018-04-17 00:00:00-04:00,88.09319614770769,89.52123407106768,87.98191798462437,89.08540344238281,26771000
2018-04-18 00:00:00-04:00,89.2245061295081,89.6881545653715,88.57539407447112,89.42851257324219,21043300
2018-04-19 00:00:00-04:00,89.42851486141919,90.01270935865773,88.40848261664952,89.12250518798828,23552500
2018-04-20 00:00:00-04:00,88.93705961727292,89.122516189371,87.21228661284488,88.09321594238281,31154400
2018-04-23 00:00:00-04:00,88.77940034022447,89.28941644853724,87.75010024869411,88.41775512695312,22331800
2018-04-24 00:00:00-04:00,89.24304563765969,89.456327023105,85.69150412770914,86.34988403320312,34524800
2018-04-25 00:00:00-04:00,86.5167991188473,86.5167991188473,83.71635866405312,85.59877014160156,33729300
2018-04-26 00:00:00-04:00,86.74861023473589,88.23228355894638,86.33132246952164,87.40699005126953,42529000
2018-04-27 00:00:00-04:00,90.50416378700825,90.78235564927647,87.0824434995016,88.85357666015625,48272800
2018-04-30 00:00:00-04:00,89.32651138686298,89.39142188637443,86.37770698458861,86.7208023071289,41523600
2018-05-01 00:00:00-04:00,86.43335344566057,88.36213292422534,86.04389039942578,88.09321594238281,31408900
2018-05-02 00:00:00-04:00,88.08392025310668,88.2508339585831,86.41479027305562,86.7115249633789,27471000
2018-05-03 00:00:00-04:00,86.20151957006628,88.02829560763037,85.72859616688189,87.23081970214844,31142500
2018-05-04 00:00:00-04:00,86.53535464098526,88.43631629635487,86.164434430826,88.24158477783203,22531300
2018-05-07 00:00:00-04:00,88.25084560333093,89.67888369978998,88.18593510234251,89.2245101928711,24242000
2018-05-08 00:00:00-04:00,88.8814073005159,89.16887415307197,88.1488418935407,88.84431457519531,23484600
2018-05-09 00:00:00-04:00,89.02979482720222,89.91999917699101,88.13959047741345,89.89218139648438,27327400
2018-05-10 00:00:00-04:00,90.37433061007147,90.82870398740091,89.99414266263189,90.79161834716797,22388100
2018-05-11 00:00:00-04:00,90.68965156068106,90.75456206921757,89.98490384320259,90.59691619873047,16778300
2018-05-14 00:00:00-04:00,90.80088986489096,91.51491227549795,90.23523832001977,90.90289306640625,19454100
2018-05-15 00:00:00-04:00,90.17035952397089,90.73601126763198,89.33579079769102,90.24454498291016,24594000
2018-05-16 00:00:00-04:00,90.67294676726026,90.71020026830293,89.98377476141778,90.47737121582031,17384700
2018-05-17 00:00:00-04:00,90.11416262958839,90.84058817006614,89.24803823008513,89.5739974975586,17246700
2018-05-18 00:00:00-04:00,89.41568650517682,90.2724958586755,89.41568650517682,89.74164581298828,17865800
2018-05-21 00:00:00-04:00,90.3376655944084,91.27829688546434,90.15140520853001,90.89645385742188,19422500
2018-05-22 00:00:00-04:00,90.97098195488827,91.42732497990512,90.52394697755956,90.8033447265625,15441200
2018-05-23 00:00:00-04:00,90.06759599488198,91.94885884714436,89.70438321649674,91.8836669921875,21251200
2018-05-24 00:00:00-04:00,91.94884402411277,92.14441955745471,90.16071166642716,91.55768585205078,26649300
2018-05-25 00:00:00-04:00,91.54837135710757,92.18166656085646,91.13859001780605,91.604248046875,18363900
2018-05-29 00:00:00-04:00,91.1199911279513,92.08856101493946,90.5518946736039,91.2783203125,28671000
2018-05-30 00:00:00-04:00,91.55768293860756,92.43312234079546,91.18516218526436,92.15372467041016,22158500
2018-05-31 00:00:00-04:00,92.47037365633831,93.12229206469165,91.83707844306176,92.05127716064453,34140900
2018-06-01 00:00:00-04:00,92.4610584595424,93.93253955808765,92.35861312322737,93.86734771728516,28655600
2018-06-04 00:00:00-04:00,94.30509180204695,94.86388016852312,93.92324870330415,94.68692779541016,27281600
2018-06-05 00:00:00-04:00,94.99428933972254,95.30162551052497,94.55656941864906,95.1712417602539,23514400
2018-06-06 00:00:00-04:00,95.44129162386137,95.55304502547908,94.90112649811229,95.45059967041016,21122900
2018-06-07 00:00:00-04:00,95.59959769767683,95.63685119378114,93.48550620236824,93.95116424560547,28232200
2018-06-08 00:00:00-04:00,94.14675421601648,94.94768674170146,93.63453455309259,94.64966583251953,22165100
2018-06-11 00:00:00-04:00,94.07225119912192,94.61240919415911,93.75559999683793,94.10950469970703,23490900
2018-06-12 00:00:00-04:00,94.15607086470922,94.4820301290936,93.83011160032486,94.35164642333984,18325200
2018-06-13 00:00:00-04:00,94.73348064692405,95.00356318515654,93.65315049399408,93.92323303222656,29492900
2018-06-14 00:00:00-04:00,94.6682998005178,95.022197423439,94.06294280692215,94.45409393310547,25691800
2018-06-15 00:00:00-04:00,94.53792187804231,94.5565450781236,93.19682410004054,93.25270080566406,65738600
2018-06-18 00:00:00-04:00,93.14092364244748,94.16536991478492,92.59144345754764,93.93254089355469,23586000
2018-06-19 00:00:00-04:00,92.80564928344572,94.06292457701339,92.665950449632,93.93254089355469,28653100
2018-06-20 00:00:00-04:00,94.40753369432086,95.47854173012041,94.17470462473325,94.8731918334961,26180800
2018-06-21 00:00:00-04:00,95.068768442398,95.42266607411756,93.95118463288775,94.19332885742188,23198200
2018-06-22 00:00:00-04:00,93.51345825195312,93.84872552979334,92.78702568472731,93.51345825195312,38923100
2018-06-25 00:00:00-04:00,93.13161407406568,93.23405941797742,90.61706333621721,91.63219451904297,35433300
2018-06-26 00:00:00-04:00,92.0326589801628,93.20611928451501,91.96746713577534,92.2748031616211,26897200
2018-06-27 00:00:00-04:00,92.74047750761918,93.15025184198876,90.71020771899474,90.84059143066406,31298400
2018-06-28 00:00:00-04:00,90.69156765782868,92.30274778638538,90.57981426292255,91.855712890625,26650700
2018-06-29 00:00:00-04:00,92.13511043345294,93.0478034207945,91.57632214372767,91.83708953857422,28053200
2018-07-02 00:00:00-04:00,91.3621054345391,93.18748408685813,91.26897524821851,93.14092254638672,19564500
2018-07-03 00:00:00-04:00,93.5786621307236,93.71835388721092,92.14443421929317,92.24687957763672,14670300
2018-07-05 00:00:00-04:00,92.66595213748083,93.0571031949815,92.22823243273476,92.90809631347656,18977400
2018-07-06 00:00:00-04:00,93.02917663126523,94.46340446246242,92.82428592604009,94.21195220947266,19234600
2018-07-09 00:00:00-04:00,94.66830805427468,95.22709644116644,94.29578009455356,94.85456848144531,18212000
2018-07-10 00:00:00-04:00,94.99426517883018,95.46923849423064,94.863881461721,95.10602569580078,19293100
2018-07-11 00:00:00-04:00,94.20263754213552,95.31089901778445,94.15606888875259,94.97563171386719,19644600
2018-07-12 00:00:00-04:00,95.71133186972997,97.23869648192779,95.6740854864795,97.03380584716797,24335900
2018-07-13 00:00:00-04:00,97.20145929323387,98.34697406275566,96.9406848291156,98.18865203857422,24635200
2018-07-16 00:00:00-04:00,98.1607344538004,98.55188557463602,97.34117160399725,97.70439147949219,21786900
2018-07-17 00:00:00-04:00,97.4249678207204,99.18515450118448,97.1548853267104,98.67292785644531,25901700
2018-07-18 00:00:00-04:00,98.6636423933326,98.76608774572702,97.52743547068827,97.89996337890625,29493900
2018-07-19 00:00:00-04:00,97.722997022649,98.07689457679345,96.75442744220445,97.22940063476562,40171600
2018-07-20 00:00:00-04:00,100.65664180081494,100.76839518094043,98.79400967469495,98.97095489501953,56004000
2018-07-23 00:00:00-04:00,98.99890305614446,100.71252124851462,98.84057392100198,100.55419921875,29707000
2018-07-24 00:00:00-04:00,101.11300464902516,101.34583371076698,99.8929826392193,100.26551055908203,26316600
2018-07-25 00:00:00-04:00,100.5448860240115,103.51578667802642,100.20961165717819,103.21776580810547,30702100
2018-07-26 00:00:00-04:00,103.13394320566348,103.37608738182946,101.97911322802096,102.09087371826172,31372100
2018-07-27 00:00:00-04:00,102.61241672558866,102.61241672558866,98.84989851568103,100.28412628173828,37005300
2018-07-30 00:00:00-04:00,99.82778479536306,100.1444288897478,97.56468616682858,98.1327896118164,34668300
2018-07-31 00:00:00-04:00,99.17585754361937,99.39006339035986,98.14209602034104,98.79402160644531,27655200
2018-08-01 00:00:00-04:00,98.74746420352028,99.13861533651048,98.17936070330052,98.98029327392578,23628700
2018-08-02 00:00:00-04:00,98.16072441561127,100.66596004747673,97.63918253578565,100.18167877197266,26104300
2018-08-03 00:00:00-04:00,100.39589374520033,100.62872280573616,99.48320070153311,100.6194076538086,18659600
2018-08-06 00:00:00-04:00,100.69390850675451,100.97329909910121,100.1723666113592,100.70321655273438,20265900
2018-08-07 00:00:00-04:00,101.10368959515036,101.60660122164617,100.74047682691102,101.4017105102539,16080200
2018-08-08 00:00:00-04:00,101.82080358609802,102.2119546914715,101.28995362726863,101.96981048583984,15487500
2018-08-09 00:00:00-04:00,102.17468941007101,102.59378592211947,102.07224406970658,102.13743591308594,13677200
2018-08-10 00:00:00-04:00,101.90462463916228,102.15608401127467,100.93605486494639,101.51347351074219,18183700
2018-08-13 00:00:00-04:00,101.73697976953581,102.05363097255386,100.67527986922472,100.77772521972656,18472500
2018-08-14 00:00:00-04:00,101.10367231462881,102.21194073389262,100.6193910748755,102.03498840332031,16788300
2018-08-15 00:00:00-04:00,101.42732130788052,101.89477141067822,99.86603967638963,100.65135955810547,29982800
2018-08-16 00:00:00-04:00,101.24970516210813,101.77324704670087,100.31480486377923,100.6326675415039,21384300
2018-08-17 00:00:00-04:00,100.37088179758439,100.87572874015936,99.74450040192963,100.5765609741211,18061500
2018-08-20 00:00:00-04:00,100.51110093192365,100.87571136106932,99.54815507378402,99.91276550292969,17914200
2018-08-21 00:00:00-04:00,99.95952026678457,100.36152760831132,98.95917741220248,99.08071899414062,22881900
2018-08-22 00:00:00-04:00,98.95920262292076,100.35220217543882,98.89375988240577,100.0904312133789,18000600
2018-08-23 00:00:00-04:00,100.17454836207556,101.13749433557265,99.91277747212159,100.55785369873047,18167700
2018-08-24 00:00:00-04:00,100.66070512479483,101.4927657512107,100.55786552982454,101.34318542480469,17234000
2018-08-27 00:00:00-04:00,102.15652339174355,102.50243897147662,101.4460045027498,102.46504211425781,19662300
2018-08-28 00:00:00-04:00,102.78292452319361,103.30646632344771,102.64268807449066,103.08209228515625,19151500
2018-08-29 00:00:00-04:00,103.25972316092006,104.73686717338126,103.0914408413647,104.7275161743164,20818000
2018-08-30 00:00:00-04:00,104.4002927112262,105.27910108985273,104.18526968202293,104.66206359863281,22798700
2018-08-31 00:00:00-04:00,104.4190060539037,105.43804385242683,104.26006759837489,105.01734161376953,23222700
2018-09-04 00:00:00-04:00,103.63368363797484,104.67142340950932,103.04469909172107,104.43769836425781,22634600
2018-09-05 00:00:00-04:00,103.78329053842222,104.16659597544607,101.06272707818604,101.42733764648438,32872400
2018-09-06 00:00:00-04:00,101.20296496421152,101.89478924024532,100.51114068817772,101.66106414794922,23477600
2018-09-07 00:00:00-04:00,101.18424459953566,101.6423436678448,100.24934446592079,101.16554260253906,22498600
2018-09-10 00:00:00-04:00,101.75454476901983,102.50246785873334,101.30579662137029,102.25939178466797,20727900
2018-09-11 00:00:00-04:00,101.81062808145745,104.32550464260876,101.80127708276588,103.998291015625,24301800
2018-09-12 00:00:00-04:00,104.1759274548117,104.56858381898087,103.3158210001395,104.43769836425781,18891100
2018-09-13 00:00:00-04:00,104.82101355340514,106.32620345408766,104.82101355340514,105.55958557128906,26055600
2018-09-14 00:00:00-04:00,105.98028065425106,106.32619627452696,105.1201742355738,105.98963165283203,19122300
2018-09-17 00:00:00-04:00,106.28878909443571,106.29813295938756,104.57792028903087,104.83969116210938,20736500
2018-09-18 00:00:00-04:00,104.8864471267868,106.29814117756199,104.44704292755301,105.84004211425781,22170900
2018-09-19 00:00:00-04:00,105.69045020200014,105.9428700692128,103.81129916307518,104.42832946777344,21728400
2018-09-20 00:00:00-04:00,104.97058322658718,106.39163538834184,104.64336961457848,106.17660522460938,23714500
2018-09-21 00:00:00-04:00,106.57860977156754,107.78463173806713,106.120510726729,106.82168579101562,71229700
2018-09-24 00:00:00-04:00,105.67175106731034,107.42001672126165,104.91448431245547,107.20498657226562,27334500
2018-09-25 00:00:00-04:00,107.32654174766992,107.60700751741268,106.34489372176475,106.99932098388672,22668000
2018-09-26 00:00:00-04:00,107.01802799900616,107.5696156982668,106.33554770846207,106.55992889404297,19352000
2018-09-27 00:00:00-04:00,107.30783781099342,107.42937939513567,106.76559401347805,106.96192932128906,19091300
2018-09-28 00:00:00-04:00,106.75626295600203,107.11152248696897,106.2794618263105,106.92454528808594,21647800
2018-10-01 00:00:00-04:00,107.27979418452853,108.14925162531986,107.2610993195826,108.08380889892578,18883100
2018-10-02 00:00:00-04:00,107.79397636030617,108.29881609993737,106.98996176352884,107.65373992919922,20787200
2018-10-03 00:00:00-04:00,107.90617223913974,108.61669834133356,107.44807316858412,107.67244720458984,16648000
2018-10-04 00:00:00-04:00,107.14893667560608,107.28917316380125,104.36293031242025,105.44741821289062,34821700
2018-10-05 00:00:00-04:00,105.2977875382025,105.80263440902054,103.43733848048646,104.83033752441406,29068900
2018-10-08 00:00:00-04:00,104.39095623770754,104.73686473510796,102.22198099938893,103.63368225097656,29640600
2018-10-09 00:00:00-04:00,103.90479078692177,105.71849916291092,103.5869281942382,104.9518814086914,26198600
2018-10-10 00:00:00-04:00,103.9983037454947,104.24137981217432,98.90310014139689,99.24901580810547,61376300
2018-10-11 00:00:00-04:00,98.49170995803064,101.83865354702435,97.41657357095247,99.0152587890625,63904300
2018-10-12 00:00:00-04:00,101.91347749449523,103.99830104222212,100.14651660570604,102.43701934814453,47742100
2018-10-15 00:00:00-04:00,101.81996157193849,102.35285428217178,99.98755131047295,100.5952377319336,32068100
2018-10-16 00:00:00-04:00,102.40896476902799,104.15723064260952,101.85736996352962,103.77391815185547,31610200
2018-10-17 00:00:00-04:00,104.40965432041513,104.5311887782848,102.41831946793397,103.50279998779297,26548200
2018-10-18 00:00:00-04:00,102.93249949882738,103.33450682680572,100.81027941196976,101.43666076660156,32506200
2018-10-19 00:00:00-04:00,101.83867019878623,103.64302771289353,101.16554097219588,101.58625030517578,32785500
2018-10-22 00:00:00-04:00,102.20329386505468,103.3438732981257,101.19359989485514,102.49311065673828,26545600
2018-10-23 00:00:00-04:00,100.75418722861988,101.87607170163187,98.26735650897932,101.06270599365234,43770400
2018-10-24 00:00:00-04:00,101.35253492571702,101.42732152145302,94.97650866271711,95.65898895263672,63897800
2018-10-25 00:00:00-04:00,99.61361196307872,102.156534331791,99.23965048356393,101.24968719482422,61646800
2018-10-26 00:00:00-04:00,98.80959768988363,101.67038982454461,97.94014027779933,99.99691772460938,55523100
2018-10-29 00:00:00-04:00,101.07207084524006,101.62365859221121,95.01391383227383,97.08939361572266,55162000
2018-10-30 00:00:00-04:00,96.91175301452674,97.58487513133065,93.5928546275057,96.9771957397461,65350900
2018-10-31 00:00:00-04:00,98.57587319491266,101.10010072368644,98.52912533475231,99.85668182373047,51062400
2018-11-01 00:00:00-04:00,100.08106947876591,100.333489394912,98.66001717737893,99.02462768554688,33384200
2018-11-02 00:00:00-04:00,99.54818360835614,100.33349640924307,98.14583320729551,99.24901580810547,37680200
2018-11-05 00:00:00-05:00,99.44534553605968,100.72615435709548,99.00594126240796,100.5111312866211,27922100
2018-11-06 00:00:00-05:00,100.38958869442412,101.75454223636305,99.3611998212069,100.70745849609375,24340200
2018-11-07 00:00:00-05:00,102.3154645998647,104.93318048186109,102.27806774162914,104.6714096069336,37901700
2018-11-08 00:00:00-05:00,104.52185315228436,104.90515855438352,103.6897924817011,104.47510528564453,25644100
2018-11-09 00:00:00-05:00,103.63369051804167,104.19462923734062,101.6797524337271,102.43701934814453,32039200
2018-11-12 00:00:00-05:00,102.29675622174975,102.80160307734859,99.1928885090732,99.91276550292969,33621800
2018-11-13 00:00:00-05:00,100.54850770510951,101.66103396386767,99.69774519804339,99.97821807861328,35374600
2018-11-14 00:00:00-05:00,101.4993169150232,101.64955061194496,98.09097050590148,98.56044006347656,39495100
2018-11-15 00:00:00-05:00,98.57918411388938,101.21760705344515,97.56513563866669,100.72935485839844,38505200
2018-11-16 00:00:00-05:00,100.54156590927026,102.23165140889002,100.27866419800948,101.67768096923828,33502100
2018-11-19 00:00:00-05:00,101.65892562259425,101.93121880090911,97.2271394185195,98.23180389404297,44773900
2018-11-20 00:00:00-05:00,95.58400470529081,96.68256174982048,93.2835995770341,95.49949645996094,64052500
2018-11-21 00:00:00-05:00,97.27409643634516,98.05341766554889,95.9971385939387,96.81401824951172,28130600
2018-11-23 00:00:00-05:00,95.93139693967446,97.4712563431075,95.77177902721111,96.77644348144531,13823100
2018-11-26 00:00:00-05:00,98.3914086480701,100.11905279360539,98.1942323377776,99.96882629394531,32336200
2018-11-27 00:00:00-05:00,99.78105890975759,100.77633926591076,98.92662802036045,100.59793853759766,29124500
2018-11-28 00:00:00-05:00,101.30213872227327,104.53209151211202,101.27397169549579,104.33491516113281,46788500
2018-11-29 00:00:00-05:00,103.59313606056575,104.3348986906028,102.37251256029502,103.46168518066406,28123200
2018-11-30 00:00:00-05:00,103.94055679598294,104.19407436771337,102.68238182484856,104.11895751953125,33665600
2018-12-03 00:00:00-05:00,106.1001044115585,106.49445706268914,103.9687160855122,105.24566650390625,34732800
2018-12-04 00:00:00-05:00,105.10483059122743,105.76208500479493,101.60258508126842,101.8936538696289,45197000
2018-12-06 00:00:00-05:00,99.3585164778631,102.5696858730945,98.58858684806724,102.52274322509766,49107400
2018-12-07 00:00:00-05:00,101.76219096886648,102.76685526154708,97.93132586808225,98.41957092285156,45044900
2018-12-10 00:00:00-05:00,98.40081318812253,101.38663958941791,97.54637523250999,101.02044677734375,40801500
2018-12-11 00:00:00-05:00,103.09548815225362,104.17526209428424,100.87959190269595,101.95936584472656,42381900
2018-12-12 00:00:00-05:00,104.1189258351553,104.47572001013913,102.38189043987738,102.41944885253906,36183000
2018-12-13 00:00:00-05:00,102.88892760502854,104.1001596600594,101.99693134129778,102.76686096191406,31333400
2018-12-14 00:00:00-05:00,101.64014017132787,102.58847050573716,99.05805808845349,99.55569458007812,47043100
2018-12-17 00:00:00-05:00,98.97357533951684,99.33976102050273,95.49949632330559,96.6074447631836,56957300
2018-12-18 00:00:00-05:00,97.41492274917087,98.12851840594288,96.26002460944164,97.62149047851562,49319200
2018-12-19 00:00:00-05:00,97.32103075197897,100.35379977176625,95.16146814286621,97.35858917236328,68198200
2018-12-20 00:00:00-05:00,96.75766581829743,97.94072378835968,92.748392318034,95.31169891357422,70334200
2018-12-21 00:00:00-05:00,95.42436617865268,96.71071516309296,91.50899234226928,92.23197937011719,111242100
2018-12-24 00:00:00-05:00,91.71555256904996,91.98784571124922,88.24148148436909,88.38231658935547,43935200
2018-12-26 00:00:00-05:00,89.33064590128102,94.5417596341822,88.2226977185892,94.41969299316406,51634800
2018-12-27 00:00:00-05:00,93.23664360938213,95.01123770906963,90.51371913379975,95.00184631347656,49498500
2018-12-28 00:00:00-05:00,95.85627950131307,96.15674685965496,93.44320654703452,94.26008605957031,38196300
2018-12-31 00:00:00-05:00,95.10513258780276,96.14735545546831,94.30703586700074,95.36803436279297,33173800
2019-01-02 00:00:00-05:00,93.47139199538391,95.53705518809,92.89863856073109,94.94552612304688,35329300
2019-01-03 00:00:00-05:00,93.98778418882968,94.07229241642493,91.26485989595818,91.45265197753906,42579100
2019-01-04 00:00:00-05:00,93.63100031092188,96.25064103887424,92.8892376247817,95.7060546875,44060600
2019-01-07 00:00:00-05:00,95.43375708995116,96.9642250442418,94.81406108990518,95.82810974121094,35656100
2019-01-08 00:00:00-05:00,96.74826967138767,97.62148317604769,95.49947915633511,96.5229263305664,31514400
2019-01-09 00:00:00-05:00,97.51818365616751,98.47589807348584,96.93603902538375,97.90314483642578,32280800
2019-01-10 00:00:00-05:00,96.91728413020759,97.41492065098178,96.12857165001874,97.27407836914062,30067600
2019-01-11 00:00:00-05:00,96.88911194572684,97.12384668178022,95.43375371678158,96.5229263305664,28314200
2019-01-14 00:00:00-05:00,95.67789092468757,96.5886629521804,95.07697050390526,95.81873321533203,28437100
2019-01-15 00:00:00-05:00,96.25063686352739,98.63554273279615,95.65910072135416,98.59798431396484,31587600
2019-01-16 00:00:00-05:00,98.83272831982462,99.77166738797999,98.55104373396337,98.94539642333984,29853900
2019-01-17 00:00:00-05:00,98.58859871420405,100.11906676298958,98.36325535150462,99.64021301269531,28393000
2019-01-18 00:00:00-05:00,100.89839054014746,101.311526018929,99.44303929509383,101.13312530517578,37427600
2019-01-22 00:00:00-05:00,100.23175352478677,100.5603807921606,98.45715911743089,99.22708892822266,32371300
2019-01-23 00:00:00-05:00,99.64021275864896,100.5040349497413,98.9078342955545,100.19418334960938,25874300
2019-01-24 00:00:00-05:00,100.33502761433036,100.46647850845476,98.907836244499,99.71532440185547,23164800
2019-01-25 00:00:00-05:00,100.69182408131483,101.29274451434667,99.71532658675395,100.6260986328125,31225600
2019-01-28 00:00:00-05:00,99.77168299632817,99.97825076980381,98.26938168496588,98.66373443603516,29476700
2019-01-29 00:00:00-05:00,98.47592531971863,98.56043355954472,95.93140134519747,96.65438842773438,31490500
2019-01-30 00:00:00-05:00,98.23178821941657,99.88431549072266,97.95949508455094,99.88431549072266,49471900
2019-01-31 00:00:00-05:00,97.46186156943696,98.79515310028205,96.87971686728395,98.05339050292969,55636400
2019-02-01 00:00:00-05:00,97.44308940149084,97.74354959842645,96.10040632941124,96.504150390625,35535700
2019-02-04 00:00:00-05:00,96.58865131667844,99.33974269685038,96.49475169186938,99.28340148925781,31315100
2019-02-05 00:00:00-05:00,99.58385450816175,100.71996968407022,99.48996205363466,100.67302703857422,27325400
2019-02-06 00:00:00-05:00,100.46646649729406,100.46646649729406,99.08622511046461,99.55569458007812,20609800
2019-02-07 00:00:00-05:00,98.76699237759703,99.14256223412559,97.92194587333613,98.84210205078125,29760700
2019-02-08 00:00:00-05:00,98.01583358032438,99.32095810996438,97.89377409923027,99.2176742553711,21461100
2019-02-11 00:00:00-05:00,99.7153306590944,100.07213210571014,98.56043956488274,98.8233413696289,18914100
2019-02-12 00:00:00-05:00,99.65897029160904,100.59790915409907,99.03927436740383,100.36317443847656,25056600
2019-02-13 00:00:00-05:00,100.93595622794611,101.1988580375367,100.19419345743722,100.2880859375,18394900
2019-02-14 00:00:00-05:00,99.81861132894213,100.73877477954231,99.20830665760961,100.37258911132812,21784700
2019-02-15 00:00:00-05:00,101.32093065737433,101.68711636559392,100.80451124140443,101.61199951171875,26606900
2019-02-19 00:00:00-05:00,101.20823110455629,102.02511057658334,101.19883970918978,101.56502532958984,18038500
2019-02-20 00:00:00-05:00,101.70647255486158,101.78191019614155,100.22604301685676,101.03697967529297,21607700
2019-02-21 00:00:00-05:00,100.80125614330542,103.23406644929388,100.77296882251284,103.16806030273438,29063200
2019-02-22 00:00:00-05:00,103.77152684523924,104.85591229904757,103.55464543800015,104.6390380859375,27763200
2019-02-25 00:00:00-05:00,105.38397775015977,105.78001458664166,104.91250327031098,105.22367095947266,23750600
2019-02-26 00:00:00-05:00,104.91250276636362,106.77953766888396,104.82763361945109,105.94974517822266,21536700
2019-02-27 00:00:00-05:00,105.31796503337526,105.94973907032566,104.55417153171287,105.77057647705078,21487100
2019-02-28 00:00:00-05:00,105.64798893684164,106.44006250955934,105.3556770984523,105.63855743408203,29083900
2019-03-01 00:00:00-05:00,106.44950093746682,106.57208170480142,105.29910212633125,106.11003875732422,23501200
2019-03-04 00:00:00-05:00,106.57208184830091,106.78896326140095,104.4787413267751,105.8554458618164,26608000
2019-03-05 00:00:00-05:00,105.84600970019142,105.97802196526713,104.88420502690705,105.32738494873047,19538300
2019-03-06 00:00:00-05:00,105.48769105948513,106.23262151865958,105.07279126092497,105.3745346069336,17687000
2019-03-07 00:00:00-05:00,105.04450530978113,105.18594907877427,103.60179469313475,104.09212493896484,25339000
2019-03-08 00:00:00-05:00,102.93231208886826,104.39387866269199,102.59284988720334,104.20529174804688,22818400
2019-03-11 00:00:00-04:00,104.6578993118723,106.50607834405751,104.6484750023828,106.39292907714844,26491600
2019-03-12 00:00:00-04:00,106.38348596404877,107.48673436079262,106.22318639066793,107.13784790039062,26132700
2019-03-13 00:00:00-04:00,107.61875767681308,108.43912582730621,107.28872699355584,107.9676513671875,35513800
2019-03-14 00:00:00-04:00,108.00538524524076,108.6277278784163,107.80736680767897,108.05252838134766,30763400
2019-03-15 00:00:00-04:00,108.75973809656068,110.5607742041563,108.05252632126756,109.29722595214844,54681100
2019-03-18 00:00:00-04:00,109.54236560049611,110.90021423945993,109.42921634333497,110.86249542236328,31207600
2019-03-19 00:00:00-04:00,111.35283514002371,111.68287301919564,110.3155927609774,110.93794250488281,37588700
2019-03-20 00:00:00-04:00,110.69278024537094,111.97519143438139,110.0515746508657,110.81536102294922,28113300
2019-03-21 00:00:00-04:00,110.45703609074793,113.92708840968866,110.40988576702044,113.36132049560547,29854400
2019-03-22 00:00:00-04:00,112.68238358834826,112.76724552866405,110.36273036271199,110.37216186523438,33624500
2019-03-25 00:00:00-04:00,109.91012287804412,111.27740311688991,109.68381715352558,110.94737243652344,27067100
2019-03-26 00:00:00-04:00,111.85260598302916,111.9374679345459,110.18358232857172,111.18311309814453,26097700
2019-03-27 00:00:00-04:00,111.15482828837821,111.46600319269109,108.92946801762635,110.108154296875,22733400
2019-03-28 00:00:00-04:00,110.73991624714458,110.8719285118076,109.5046483504709,110.2590103149414,18334800
2019-03-29 00:00:00-04:00,111.33396075484201,111.56969794685227,110.28728704678619,111.21138000488281,25399800
2019-04-01 00:00:00-04:00,112.16377596502755,112.31465125187795,111.36227078749133,112.22978210449219,22789100
2019-04-02 00:00:00-04:00,112.26749534997874,112.66353936122508,111.7583020733443,112.39008331298828,18142300
2019-04-03 00:00:00-04:00,113.02185488023348,113.55933546142944,112.35236202955986,113.12557983398438,22860700
2019-04-04 00:00:00-04:00,113.24815703653279,113.37074499299675,111.626283840696,112.55037689208984,20112800
2019-04-05 00:00:00-04:00,112.57867353954833,113.37075439128104,112.55981772613708,113.0501480102539,15826200
2019-04-08 00:00:00-04:00,112.97470365129378,113.17272205392115,111.87145518202885,113.08786010742188,15116200
2019-04-09 00:00:00-04:00,111.86203442457408,112.72012144585179,111.81489129225548,112.4749526977539,17612000
2019-04-10 00:00:00-04:00,112.92757758973173,113.48391406298104,112.7201276525438,113.33304595947266,16477200
2019-04-11 00:00:00-04:00,113.66308344678248,113.95539536069587,113.0784524248251,113.4650650024414,14209100
2019-04-12 00:00:00-04:00,113.75734027983748,114.0779466060861,113.50274727457297,114.04965209960938,19745100
2019-04-15 00:00:00-04:00,114.04024934323374,114.64373610114401,113.6913556387017,114.14397430419922,15792600
2019-04-16 00:00:00-04:00,114.70028130334643,114.70971280486752,113.24813941659276,113.87991333007812,14071800
2019-04-17 00:00:00-04:00,114.32313703579551,114.89833651284846,113.66307560022497,114.8228988647461,19300900
2019-04-18 00:00:00-04:00,115.21892405602482,116.47304057827891,114.37970014214541,116.33160400390625,27991000
2019-04-22 00:00:00-04:00,115.62439492520551,116.92566179725625,115.57724460328079,116.69935607910156,15648700
2019-04-23 00:00:00-04:00,117.01996062464309,118.41552820467673,116.76536757928535,118.28351593017578,24025500
2019-04-24 00:00:00-04:00,118.61355847413377,118.67013311339579,117.41600918613348,117.87805938720703,31257000
2019-04-25 00:00:00-04:00,122.63992436471402,123.87518504839595,121.48010131515296,121.7818374633789,38033900
2019-04-26 00:00:00-04:00,122.30048216364801,123.07370724837718,121.65928375136907,122.47964477539062,23654900
2019-04-29 00:00:00-04:00,122.48907444557987,122.75309902551402,121.97046398459099,122.36650085449219,16324200
2019-04-30 00:00:00-04:00,122.40420167165959,123.24342566693782,122.00816483674551,123.14913940429688,24166500
2019-05-01 00:00:00-04:00,123.083113088744,123.19626234728233,120.41456609823943,120.58429718017578,26821700
2019-05-02 00:00:00-04:00,120.67859066652048,120.69744647711602,118.35893028620539,119.00956726074219,27350200
2019-05-03 00:00:00-04:00,120.09397703035357,122.0458738454241,119.9902520718927,121.54611206054688,24911100
2019-05-06 00:00:00-04:00,119.17928269595434,121.225479598204,118.91525821748695,120.8388671875,24239800
2019-05-07 00:00:00-04:00,119.24533743246704,119.92426190768533,117.13313354944486,118.35896301269531,36017700
2019-05-08 00:00:00-04:00,118.28351931252222,119.1604621291432,117.63288223092707,118.34952545166016,28419000
2019-05-09 00:00:00-04:00,117.19912057585154,118.61354393709406,116.52019621139443,118.340087890625,27235800
2019-05-10 00:00:00-04:00,117.78376494220886,120.63146780270517,116.75594677468979,119.87710571289062,30915100
2019-05-13 00:00:00-04:00,117.0293949877704,118.38724378053425,116.02043989707215,116.31275177001953,33944900
2019-05-14 00:00:00-04:00,116.80309223585112,118.69841449765669,116.64278544240783,117.61402893066406,25266300
2019-05-15 00:00:00-04:00,117.60454341751453,119.92331669547117,117.07453252653936,119.27027130126953,24722700
2019-05-16 00:00:00-04:00,119.96119078623776,122.45033096387726,119.68672250098523,122.02442169189453,30112200
2019-05-17 00:00:00-04:00,121.43763884118988,123.47249224522115,121.06852804756849,121.21050262451172,25770500
2019-05-20 00:00:00-04:00,119.74349165371277,120.75618137017017,119.02420301712739,119.45956420898438,23706900
2019-05-21 00:00:00-04:00,120.60477641359942,120.69941891210208,119.8003043451872,120.10316467285156,15293300
2019-05-22 00:00:00-04:00,119.83815220205993,121.37138653708993,119.74350249115899,120.8319091796875,15396500
2019-05-23 00:00:00-04:00,119.44065565336186,119.52583895862257,118.05885492341223,119.4217300415039,23603800
2019-05-24 00:00:00-04:00,120.11263555212622,120.59531447865328,119.22298014747156,119.478515625,14123400
2019-05-28 00:00:00-04:00,120.1788661966082,121.14423111114121,119.29867735361097,119.40278625488281,23128400
2019-05-29 00:00:00-04:00,118.66456684474714,118.67403326035817,117.39634154172734,118.24813842773438,22763100
2019-05-30 00:00:00-04:00,118.55099145528645,119.0242111161258,118.09669740374673,118.99581909179688,16829600
2019-05-31 00:00:00-04:00,117.57614748668666,117.94525820485411,116.71488433045714,117.05560302734375,26646800
2019-06-03 00:00:00-04:00,117.21650344377943,117.70865591325592,112.63574079220152,113.42127990722656,37983600
2019-06-04 00:00:00-04:00,114.78417343416176,116.67705230272183,114.18791919003887,116.56348419189453,29382600
2019-06-05 00:00:00-04:00,118.25759808157457,119.12832780218321,117.55723495958803,119.09046936035156,24926100
2019-06-06 00:00:00-04:00,119.6677781606782,121.11582902252354,118.87276545528259,120.97386169433594,21459000
2019-06-07 00:00:00-04:00,122.27048375797482,125.16658542773965,121.39028778375273,124.36210632324219,33885600
2019-06-10 00:00:00-04:00,125.3085491102677,126.89857453684995,124.92997919235209,125.49784851074219,26477100
2019-06-11 00:00:00-04:00,126.70931155117864,127.05003031299509,124.24856333344668,125.02465057373047,23913700
2019-06-12 00:00:00-04:00,124.3621361353465,124.90161354588948,123.70910505526989,124.44732666015625,17092500
2019-06-13 00:00:00-04:00,124.91107162829395,125.87644388820492,124.51356880162935,125.23287200927734,17200800
2019-06-14 00:00:00-04:00,125.1760778173923,126.6241290362957,124.58928997330649,125.35590362548828,17821700
2019-06-17 00:00:00-04:00,125.52624875179198,126.56732331498634,125.43159904535722,125.73446655273438,14517800
2019-06-18 00:00:00-04:00,127.00272882451605,127.99649326613711,126.4159409095589,127.9207763671875,25934500
2019-06-19 00:00:00-04:00,127.76931779078737,128.64949949252812,126.64305260480332,128.42236328125,23744400
2019-06-20 00:00:00-04:00,130.0881184756163,130.2868771433558,128.45078203208655,129.61489868164062,33042600
2019-06-21 00:00:00-04:00,129.26466310639987,130.3530623713768,129.15109502769357,129.63377380371094,36727900
2019-06-24 00:00:00-04:00,129.6621540386841,130.98716297488244,129.6621540386841,130.40037536621094,20628800
2019-06-25 00:00:00-04:00,129.89880690855065,130.22059283674932,125.62089680134316,126.28340148925781,33327400
2019-06-26 00:00:00-04:00,127.1541166122957,128.46966656728563,126.44428718820365,126.75659942626953,23657700
2019-06-27 00:00:00-04:00,126.95539218347378,127.49486962288718,126.35913068549485,126.96485137939453,16557500
2019-06-28 00:00:00-04:00,127.36233216122258,127.39072418236614,126.02784940140931,126.78500366210938,30043000
2019-07-01 00:00:00-04:00,129.3120472647015,129.37829052715884,127.74095406157694,128.4129180908203,22613500
2019-07-02 00:00:00-04:00,128.82934094559278,129.2741686687695,128.09111928617622,129.26470947265625,15237800
2019-07-03 00:00:00-04:00,129.47289604936694,130.36255128085327,128.99020277527435,130.09754943847656,13629300
2019-07-05 00:00:00-04:00,128.65897139940404,129.9745215576075,128.45075358085225,129.71897888183594,18141100
2019-07-08 00:00:00-04:00,129.09434088465724,129.75686008202976,128.11950936357783,129.62435913085938,16779700
2019-07-09 00:00:00-04:00,128.71572416681883,129.63377129597694,128.52643922546483,129.15109252929688,19953100
2019-07-10 00:00:00-04:00,129.78523729318016,131.15757151108397,129.68112838332434,130.4666748046875,24204400
2019-07-11 00:00:00-04:00,130.79794337120848,131.76331575915216,130.48561658565254,130.9872283935547,22327900
2019-07-12 00:00:00-04:00,131.41310828733185,131.67811014751635,130.61808826526007,131.46041870117188,18936800
2019-07-15 00:00:00-04:00,131.97150403261216,132.0661393018105,131.04399752196642,131.46041870117188,16651500
2019-07-16 00:00:00-04:00,131.5172257372047,131.60240181747258,129.20791128425907,129.7379150390625,22726100
2019-07-17 00:00:00-04:00,130.3246995977915,130.54237661133254,128.92397336052048,128.97129821777344,20211000
2019-07-18 00:00:00-04:00,128.28982281960145,129.30250514643208,127.45695179079526,129.11322021484375,30381800
2019-07-19 00:00:00-04:00,132.7097546804126,133.1356495890438,129.14167353801616,129.3025665283203,48992400
2019-07-22 00:00:00-04:00,130.050221580792,131.73488230047533,129.97450470736032,131.0155792236328,25074900
2019-07-23 00:00:00-04:00,132.27434114173246,132.49203256179348,130.6370053229546,131.8295135498047,18034600
2019-07-24 00:00:00-04:00,131.46042624923948,133.20188571239342,131.41311583268305,133.18295288085938,20738300
2019-07-25 00:00:00-04:00,132.9084716517804,133.07883824522008,131.85793783189592,132.68133544921875,18356900
2019-07-26 00:00:00-04:00,132.85169747541002,134.09153081160505,132.78545422524547,133.76974487304688,19037600
2019-07-29 00:00:00-04:00,133.9211765551079,133.93063575026378,131.90525598991798,133.47634887695312,16605900
2019-07-30 00:00:00-04:00,132.63398982544751,133.6561459014818,132.31220396119122,132.83274841308594,16846500
2019-07-31 00:00:00-04:00,132.8138397858054,132.96527355240738,127.84503304613948,128.97129821777344,38598800
2019-08-01 00:00:00-04:00,129.66216680113618,133.39113945627852,129.59590912704746,130.66539001464844,40557500
2019-08-02 00:00:00-04:00,130.69380048678676,130.91149192537137,128.01537551398795,129.56753540039062,30791600
2019-08-05 00:00:00-04:00,126.16036909460607,126.75661606889689,123.77533787288725,125.12875366210938,42749600
2019-08-06 00:00:00-04:00,126.6335835864399,128.4128796833415,126.07518785500584,127.47591400146484,32696700
2019-08-07 00:00:00-04:00,126.62411715417045,128.384494962758,124.76910407334755,128.03431701660156,33414500
2019-08-08 00:00:00-04:00,129.28358852139718,131.54557742221428,128.64946160760059,131.450927734375,27496500
2019-08-09 00:00:00-04:00,131.18595710734402,131.91471944061527,129.15111830896524,130.33416748046875,23466700
2019-08-12 00:00:00-04:00,129.7284385926305,130.4761192669757,127.99645298324161,128.51698303222656,20484300
2019-08-13 00:00:00-04:00,128.76307520571288,131.3657833929446,127.76931100955711,131.17649841308594,25154600
2019-08-14 00:00:00-04:00,129.48623523808325,130.01800390396957,126.93183301338493,127.22620391845703,32527300
2019-08-15 00:00:00-04:00,127.61552299563418,127.79594758854012,125.58339900902332,126.9413070678711,28074400
2019-08-16 00:00:00-04:00,128.08086380073667,129.58121961332768,127.92892573347417,129.26785278320312,24449100
2019-08-19 00:00:00-04:00,130.90110801484389,131.5658187299316,129.9894943987187,131.43287658691406,24355700
2019-08-20 00:00:00-04:00,131.243004568631,131.71780016299178,130.3218999564022,130.34088134765625,21170800
2019-08-21 00:00:00-04:00,131.5658238849087,132.45844166140373,131.0435459848736,131.79371643066406,14970300
2019-08-22 00:00:00-04:00,131.67030053549928,132.1830733351129,129.41975985876942,130.83465576171875,18697000
2019-08-23 00:00:00-04:00,130.27440362048807,131.37593275956235,126.10569932569065,126.66595458984375,38508600
2019-08-26 00:00:00-04:00,128.18528186785502,128.7265411507376,127.15021676618947,128.62208557128906,20312600
2019-08-27 00:00:00-04:00,129.5147044960481,129.82807123718356,127.87191626792048,128.89747619628906,23102100
2019-08-28 00:00:00-04:00,128.08080198383232,128.91643197124446,126.81784457728824,128.7265167236328,17393300
2019-08-29 00:00:00-04:00,130.33139203202182,131.46140787690328,130.00853450194475,131.15753173828125,20168700
2019-08-30 00:00:00-04:00,132.13559541272812,132.16408198648247,129.40078290504013,130.91062927246094,23940100
2019-09-03 00:00:00-04:00,129.7236163093283,130.28387147526402,128.85948509363297,129.18234252929688,18869300
2019-09-04 00:00:00-04:00,130.3788329724692,130.74917284247758,129.60016148241675,130.69219970703125,17995900
2019-09-05 00:00:00-04:00,132.09761643660917,133.303601171857,131.7652537609581,132.990234375,26101800
2019-09-06 00:00:00-04:00,132.97121685853156,133.11364970228468,131.23346371670507,132.08810424804688,20824500
2019-09-09 00:00:00-04:00,132.55339905481827,132.70533708641244,129.58118919340143,130.58775329589844,25773900
2019-09-10 00:00:00-04:00,129.90402821082563,129.98948790786812,127.72945709981468,129.22032165527344,28903400
2019-09-11 00:00:00-04:00,129.05891005385143,129.40076337692398,128.28023851644974,129.25831604003906,24726100
2019-09-12 00:00:00-04:00,130.90112005245834,131.44237936680128,129.9705104761502,130.58775329589844,27010000
2019-09-13 00:00:00-04:00,130.83466146071135,131.10054581129404,129.685664336324,130.39785766601562,23363100
2019-09-16 00:00:00-04:00,128.98299850086406,129.8091383623324,128.8215697054975,129.45779418945312,16731400
2019-09-17 00:00:00-04:00,130.05599250868823,130.58776116169005,129.55269593751606,130.4643096923828,17814200
2019-09-18 00:00:00-04:00,130.43582444346168,131.67978637426282,129.64766214991084,131.537353515625,23982100
2019-09-19 00:00:00-04:00,133.22761218641014,135.1932579036114,133.00921032663396,133.95880126953125,35772100
2019-09-20 00:00:00-04:00,133.9018152292487,134.5095528603241,131.28094941203764,132.4109649658203,39167300
2019-09-23 00:00:00-04:00,132.21154308148107,132.59138815286147,131.4613726111176,132.12608337402344,17139300
2019-09-24 00:00:00-04:00,133.28458031314085,133.59794705126728,129.98000801320057,130.45480346679688,29773200
2019-09-25 00:00:00-04:00,130.56876681590046,132.9047671285439,129.1728668405908,132.3350067138672,21382000
2019-09-26 00:00:00-04:00,132.41095475703705,133.11364273558647,131.461363876094,132.5059051513672,17456600
2019-09-27 00:00:00-04:00,133.08516347058614,133.28458394195326,129.76159520492433,130.7871551513672,22477700
2019-09-30 00:00:00-04:00,131.09102667893592,132.20204629348828,130.83463307877545,132.02162170410156,17280900
2019-10-01 00:00:00-04:00,132.61988339539565,133.1801386115137,130.09396784154995,130.1604461669922,21466600
2019-10-02 00:00:00-04:00,129.38177820598335,129.49572449323293,126.84637188741554,127.8624267578125,30521700
2019-10-03 00:00:00-04:00,128.1472901561496,129.8565566887308,126.50450194215004,129.41024780273438,24132900
2019-10-04 00:00:00-04:00,129.85659643263375,131.28098323079791,129.54322959828423,131.15753173828125,22897700
2019-10-07 00:00:00-04:00,130.22688161526,131.21444967094504,130.11293535603633,130.2078857421875,15303700
2019-10-08 00:00:00-04:00,130.16996653005603,130.81568160639677,128.7835569696595,128.83103942871094,25550500
2019-10-09 00:00:00-04:00,130.53078927247196,131.70827287553945,130.0654844518219,131.27146911621094,19749900
2019-10-10 00:00:00-04:00,131.50885320077137,132.6293635439164,131.28094616115868,132.08810424804688,17654600
2019-10-11 00:00:00-04:00,133.05670792434103,133.92083935239384,132.46796604525989,132.63888549804688,25446000
2019-10-14 00:00:00-04:00,132.64836879584465,133.21811470073717,132.486940064978,132.5154266357422,13304300
2019-10-15 00:00:00-04:00,132.99971728081456,134.64250570485018,132.7623195234264,134.43360900878906,19695700
2019-10-16 00:00:00-04:00,133.69294235695335,133.882872193877,132.49646262824038,133.3321075439453,20751600
2019-10-17 00:00:00-04:00,133.8448713713621,134.29118037662226,132.01216738391562,132.6483917236328,21460600
2019-10-18 00:00:00-04:00,132.71483711107183,132.94274417448742,129.67614871357682,130.48330688476562,32273500
2019-10-21 00:00:00-04:00,131.47085439519157,131.51833683709745,130.10344121010053,131.4518585205078,20078200
2019-10-22 00:00:00-04:00,131.9646856277195,132.95225406589987,129.39128718990457,129.49574279785156,27431000
2019-10-23 00:00:00-04:00,129.98006122672396,130.52132073081825,128.7740762237719,130.32191467285156,29844600
2019-10-24 00:00:00-04:00,132.36347953535926,133.3415570369152,131.67977290461621,132.88575744628906,37029300
2019-10-25 00:00:00-04:00,132.31600960994447,134.02527634852518,132.18306744636646,133.6359405517578,25959700
2019-10-28 00:00:00-04:00,137.1209453180402,138.32693003935975,136.27580984159027,136.92153930664062,35280100
2019-10-29 00:00:00-04:00,136.81708529202655,137.2159118090505,135.45916250561658,135.63009643554688,20589500
2019-10-30 00:00:00-04:00,136.28529239607684,137.69068289543674,135.59208059449966,137.32034301757812,18496600
2019-10-31 00:00:00-04:00,137.59574123030447,137.62422780343923,135.78203328574864,136.1428680419922,24605100
2019-11-01 00:00:00-04:00,136.9879771751924,137.13991519576365,135.7630112971538,136.47520446777344,33128400
2019-11-04 00:00:00-05:00,137.52926627885864,137.69069501011745,136.89304204756496,137.2633819580078,16912000
2019-11-05 00:00:00-05:00,137.66221897008086,137.70970142163839,136.6556547513448,137.1779327392578,18250200
2019-11-06 00:00:00-05:00,137.09245134310544,137.23489869030976,135.9814315850355,136.79808044433594,16575800
2019-11-07 00:00:00-05:00,136.58913442626533,137.57671695242934,136.5226706062073,136.9879608154297,17786700
2019-11-08 00:00:00-05:00,136.7221095485405,138.6307967517924,136.51319836719344,138.60231018066406,16732700
2019-11-11 00:00:00-05:00,138.01356180000238,139.0391218881412,137.43431067122796,138.7447509765625,14362600
2019-11-12 00:00:00-05:00,138.90614144570912,140.1311216952472,138.69723030996784,139.6563262939453,18641600
2019-11-13 00:00:00-05:00,139.34298749489116,140.02669416885212,138.90616926279054,139.88424682617188,16919200
2019-11-14 00:00:00-05:00,139.60888247321068,140.92881347435278,139.58988659481452,140.59645080566406,19729800
2019-11-15 00:00:00-05:00,141.42258869857778,142.42916738695723,140.79586961512362,142.41017150878906,23485700
2019-11-18 00:00:00-05:00,142.5051412250522,142.96094088922226,141.47007592925198,142.7615203857422,21534000
2019-11-19 00:00:00-05:00,143.27427997812003,143.7015929862408,142.62855062994933,142.80897521972656,23935700
2019-11-20 00:00:00-05:00,143.21871373362424,143.72370837592473,141.45600124939688,142.56126403808594,25696800
2019-11-21 00:00:00-05:00,142.35162892568113,142.732766523838,141.49409477292545,142.4278564453125,18576100
2019-11-22 00:00:00-05:00,142.99000357480077,143.2091485624594,141.7989760826627,142.5326385498047,15901800
2019-11-25 00:00:00-05:00,142.923354221553,144.20967022511317,142.84712668796502,144.09532165527344,22420900
2019-11-26 00:00:00-05:00,144.2192004521234,145.22918987974725,144.18109395287482,144.8575897216797,24620100
2019-11-27 00:00:00-05:00,145.14341886276222,145.3053969048061,144.37163514641213,145.13389587402344,15184400
2019-11-29 00:00:00-05:00,144.92426865016412,145.11483019055314,144.1429474339815,144.2382354736328,11977300
2019-12-02 00:00:00-05:00,144.64792539456,144.66698590807712,141.32258546195922,142.4945526123047,27418400
2019-12-03 00:00:00-05:00,140.53174043356512,142.38020314315963,139.73135879908722,142.265869140625,24066000
2019-12-04 00:00:00-05:00,143.0567380924715,143.09484458696343,142.1610828133107,142.78042602539062,17574700
2019-12-05 00:00:00-05:00,142.97096169978855,143.22822774251884,142.4278461139037,142.8566131591797,17869100
2019-12-06 00:00:00-05:00,143.8666196872942,144.7050932813221,143.1805865856001,144.59075927734375,16403500
2019-12-09 00:00:00-05:00,143.94286518898278,145.02908197923892,143.7904101386873,144.21917724609375,16687400
2019-12-10 00:00:00-05:00,144.15247102718075,144.72417018965996,143.64747640052002,144.00003051757812,16476100
2019-12-11 00:00:00-05:00,144.39066630023711,144.70509936330527,143.23775960789987,144.54312133789062,18856600
2019-12-12 00:00:00-05:00,144.49549950335262,146.20105960373948,143.89523132617526,146.010498046875,24612100
2019-12-13 00:00:00-05:00,145.78180711539665,147.58264062173618,145.61982907438258,147.2396240234375,23845400
2019-12-16 00:00:00-05:00,147.79229068122885,148.54501401899518,147.51597856807626,148.19247436523438,24144200
2019-12-17 00:00:00-05:00,148.1162142531218,148.36395734034772,147.16339201342475,147.39207458496094,25425600
2019-12-18 00:00:00-05:00,147.02046820943158,148.1447914255424,146.90611965909392,147.087158203125,24129200
2019-12-19 00:00:00-05:00,146.73463535258716,148.42113490773053,146.49642977571608,148.3639678955078,24958900
2019-12-20 00:00:00-05:00,149.92659763555233,151.0128144971148,148.9165937652269,149.9837646484375,53477500
2019-12-23 00:00:00-05:00,150.66026035279833,150.66026035279833,149.85037010540051,149.9837646484375,17718200
2019-12-24 00:00:00-05:00,150.0504279104706,150.26958747269435,149.70741135537276,149.9551544189453,8989200
2019-12-26 00:00:00-05:00,150.12666243826092,151.2414626596643,149.9742073980059,151.18429565429688,14520600
2019-12-27 00:00:00-05:00,151.92752123092717,152.02280928176373,150.75555380799707,151.4606475830078,18412800
2019-12-30 00:00:00-05:00,151.48918729259964,151.51777079180363,149.3358000931597,150.1552276611328,16348400
2019-12-31 00:00:00-05:00,149.37396822696488,150.32679060469064,149.0690580874131,150.2600860595703,18369400
2020-01-02 00:00:00-05:00,151.28906274976458,153.14706257929302,150.8602957950901,153.04225158691406,22622100
2020-01-03 00:00:00-05:00,150.85079221664952,152.40388225400224,150.60304918156822,151.13662719726562,21116200
2020-01-06 00:00:00-05:00,149.66934299444563,151.59404829608147,149.12622725263657,151.52734375,20813700
2020-01-07 00:00:00-05:00,151.8036372690105,152.13711630992105,149.89799290182077,150.14572143554688,21634100
2020-01-08 00:00:00-05:00,151.43203046001807,153.21381792157746,150.49826874289445,152.5373077392578,27746500
2020-01-09 00:00:00-05:00,154.2047723074657,154.56684946858653,153.43298849679525,154.44297790527344,21385000
2020-01-10 00:00:00-05:00,155.13855066181137,155.5196738075105,153.5759079632633,153.72836303710938,20725900
2020-01-13 00:00:00-05:00,154.1284735316232,155.6053504631855,153.65206255621015,155.57676696777344,21626500
2020-01-14 00:00:00-05:00,155.68162992630803,155.8817289998893,154.09041848199348,154.4810791015625,23477400
2020-01-15 00:00:00-05:00,154.94794349384517,156.20567579261396,154.9003140143662,155.4815216064453,21417900
2020-01-16 00:00:00-05:00,156.5963609741012,158.3971946563087,156.2914508396522,158.3304901123047,23865400
2020-01-17 00:00:00-05:00,159.52149406039632,159.56913807909913,157.62537261176516,159.2165985107422,34371700
2020-01-21 00:00:00-05:00,158.81639847951428,160.25516931694727,158.57819292777114,158.6448974609375,29517200
2020-01-22 00:00:00-05:00,159.50248582409884,159.58825090143978,157.8636299081764,157.8826904296875,24138800
2020-01-23 00:00:00-05:00,158.34952808833728,158.93075022783887,157.47293338495862,158.85452270507812,19680800
2020-01-24 00:00:00-05:00,159.60725639663437,159.62631691331043,156.69162251851603,157.2537841796875,24918100
2020-01-27 00:00:00-05:00,153.54731428201197,155.67211856832188,152.64213596675623,154.62400817871094,32078100
2020-01-28 00:00:00-05:00,156.05319728680965,157.93978091240282,155.376701759657,157.65394592285156,24899900
2020-01-29 00:00:00-05:00,159.92166687049843,160.78873852015346,157.87310505454732,160.1122283935547,34754500
2020-01-30 00:00:00-05:00,165.8387045815864,165.8387045815864,162.73249494656676,164.6286163330078,51597500
2020-01-31 00:00:00-05:00,164.08546562590857,164.26648957403776,161.57953937905737,162.19886779785156,36142700
2020-02-03 00:00:00-05:00,162.3894481203382,166.26744067815594,162.36086462316248,166.15310668945312,30107000
2020-02-04 00:00:00-05:00,168.782923631767,172.11780132594467,167.99207946247816,171.62232971191406,36433300
2020-02-05 00:00:00-05:00,175.3478803350405,175.50985837548566,169.99302385604904,171.4127197265625,39186300
2020-02-06 00:00:00-05:00,172.4322103968945,175.14775909976768,171.5651388277485,174.9667205810547,27751400
2020-02-07 00:00:00-05:00,174.22351848191923,176.87236263033205,173.87096443529285,175.21444702148438,33529100
2020-02-10 00:00:00-05:00,174.9190865262063,179.93092564316706,174.6046534819514,179.7975311279297,35844300
2020-02-11 00:00:00-05:00,181.65554299286944,181.7031870097022,174.8428702142551,175.738525390625,53159900
2020-02-12 00:00:00-05:00,176.8247545363522,177.08202061421943,173.2707316220504,175.9958038330078,47062900
2020-02-13 00:00:00-05:00,174.4426861252965,177.44407017098868,174.2425870707578,175.04296875,35295800
2020-02-14 00:00:00-05:00,174.60465849538713,176.6627578229254,174.03295939143354,176.6055908203125,23149500
2020-02-18 00:00:00-05:00,176.85332905138674,178.84472395923498,176.748518027873,178.3968963623047,27792200
2020-02-19 00:00:00-05:00,179.67716061626436,179.79180691119132,178.15803889398828,178.9319305419922,29997500
2020-02-20 00:00:00-05:00,178.61664037983618,178.90327069854922,173.0274147687379,176.1994171142578,36862400
2020-02-21 00:00:00-05:00,175.0051344424587,175.32042633189093,169.3490221652734,170.62928771972656,48572600
2020-02-24 00:00:00-05:00,160.29160165464475,166.76937977870733,155.95396547023205,163.27252197265625,68311100
2020-02-25 00:00:00-05:00,166.43499095969676,167.04646222546262,160.17695584027481,160.5782470703125,68073300
2020-02-26 00:00:00-05:00,162.14513803050656,165.53688417349048,160.71200092942902,162.58462524414062,56206100
2020-02-27 00:00:00-05:00,156.03995536210235,159.58457252523377,150.93797683031812,151.12905883789062,93174900
2020-02-28 00:00:00-05:00,145.61627726402705,156.41257893669868,145.2245496509673,154.78834533691406,97012700
2020-03-02 00:00:00-05:00,157.94127142356453,165.21205473784656,155.07499702232786,165.0878448486328,71030800
2020-03-03 00:00:00-05:00,166.05283004915677,167.19933687198244,155.02721989939704,157.1769256591797,71677000
2020-03-04 00:00:00-05:00,160.9795353071351,163.09101602333493,158.23745612386801,162.9477081298828,49814400
2020-03-05 00:00:00-05:00,158.6482648849077,163.25340408325562,158.30431143028486,158.85845947265625,47817300
2020-03-06 00:00:00-05:00,155.36161626378117,155.8393286298123,149.046258201705,154.36798095703125,72821100
2020-03-09 00:00:00-04:00,144.26911765659355,150.71823384322937,143.31369303635122,143.9060516357422,70419300
2020-03-10 00:00:00-04:00,151.10998119384263,153.8520455473004,145.77870936639837,153.7469482421875,65354400
2020-03-11 00:00:00-04:00,150.12587708090874,150.67046154022705,144.41242728533643,146.78189086914062,56371600
2020-03-12 00:00:00-04:00,138.82324600428177,146.62906597565518,132.40278927326275,132.86138916015625,93226400
2020-03-13 00:00:00-04:00,140.92519989513005,154.6928788549424,134.45696799419824,151.7501678466797,92727400
2020-03-16 00:00:00-04:00,133.759484207401,142.6927127341317,128.98235977142238,129.38363647460938,87905900
2020-03-17 00:00:00-04:00,133.7595168324517,140.92520523419017,128.9823912312927,140.0366668701172,81059800
2020-03-18 00:00:00-04:00,131.8486034620933,139.49200076424364,129.00144204905686,134.14161682128906,81593200
2020-03-19 00:00:00-04:00,136.40600174385253,143.4570268009298,132.8040461931456,136.3486785888672,85922700
2020-03-20 00:00:00-04:00,139.49200243962864,140.5429754127465,129.8039968259391,131.2275848388672,84866200
2020-03-23 00:00:00-04:00,130.90275711102777,134.30408191819546,126.61290874487847,129.91867065429688,78975200
2020-03-24 00:00:00-04:00,137.34231071293746,142.93155144992267,134.97286136491363,141.7277069091797,82516700
2020-03-25 00:00:00-04:00,142.2723026936915,147.45070307732973,138.00155290473782,140.37100219726562,75638200
2020-03-26 00:00:00-04:00,141.78502100656195,149.6768384344688,141.75635943157735,149.15135192871094,64568100
2020-03-27 00:00:00-04:00,144.9856770983307,147.98570963603433,142.54934155261793,143.0270538330078,57042300
2020-03-30 00:00:00-04:00,145.6449259076902,153.4411940114723,143.32323658784367,153.08767700195312,63420300
2020-03-31 00:00:00-04:00,152.29466313237324,157.43485173119177,149.58126098596472,150.6800079345703,77927200
2020-04-01 00:00:00-04:00,146.17999362202482,150.718261397872,144.0971745668499,145.3296661376953,57969900
2020-04-02 00:00:00-04:00,145.09078033127363,148.54941271792683,143.65764343135137,148.33921813964844,49630700
2020-04-03 00:00:00-04:00,148.1864008500804,150.36476835330978,145.40611102300753,146.97300720214844,41243300
2020-04-06 00:00:00-04:00,153.173696262992,159.07821396372586,150.5558273134224,157.90304565429688,67111700
2020-04-07 00:00:00-04:00,162.03045878950454,162.42218638494947,155.9826191587949,156.20237731933594,62769000
2020-04-08 00:00:00-04:00,158.28521003844824,159.24063474894433,156.2119401661067,157.769287109375,48318200
2020-04-09 00:00:00-04:00,158.9444277035774,159.90940124459578,156.0494925019006,157.77880859375,51385100
2020-04-13 00:00:00-04:00,157.0240730387156,158.18969247085818,155.065449266435,158.13235473632812,41905300
2020-04-14 00:00:00-04:00,161.46678200214816,166.00504954362867,160.51135725657332,165.957275390625,52874300
2020-04-15 00:00:00-04:00,163.56871788146768,165.8330845022303,161.6960934943149,164.21841430664062,40940800
2020-04-16 00:00:00-04:00,166.53055225542315,169.37771419195232,165.19294873443468,169.14840698242188,50479600
2020-04-17 00:00:00-04:00,171.49877737461694,171.97648984641253,168.03058016422008,170.63890075683594,52765600
2020-04-20 00:00:00-04:00,168.7566458819154,170.7821412981668,167.1897501756673,167.25662231445312,36669600
2020-04-21 00:00:00-04:00,165.7661441563623,165.92856456546724,158.70555796535427,160.33934020996094,56203700
2020-04-22 00:00:00-04:00,163.750189143079,166.24384743779066,163.20560480994084,165.78524780273438,34620200
2020-04-23 00:00:00-04:00,166.3489794210326,167.2566298847578,163.2916235849264,163.7788848876953,32790800
2020-04-24 00:00:00-04:00,164.39041111459548,166.77897343947018,163.10059620633965,166.76942443847656,34277600
2020-04-27 00:00:00-04:00,168.7184440734486,169.0146233975165,165.575103228782,166.2916717529297,33194400
2020-04-28 00:00:00-04:00,167.76299929445688,167.83943501065198,161.83936978624703,162.2406463623047,34392700
2020-04-29 00:00:00-04:00,165.4986663046983,169.7598522667358,164.21840071636407,169.52099609375,51286600
2020-04-30 00:00:00-04:00,171.97641286410976,172.358576839026,168.37445835710867,171.2216339111328,53875900
2020-05-01 00:00:00-04:00,167.9636662311745,170.6770688973552,166.2534478433984,166.7884979248047,39370500
2020-05-04 00:00:00-04:00,166.71210479424525,171.02106607096752,166.05285924608398,170.86819458007812,30372900
2020-05-05 00:00:00-04:00,172.56880155234975,175.46373717511452,171.8808946144033,172.7025604248047,36839200
2020-05-06 00:00:00-04:00,173.96374153549596,175.98923735554277,173.53380331049306,174.40322875976562,32139300
2020-05-07 00:00:00-04:00,175.96056961906066,176.32363567923608,174.44144780720723,175.41598510742188,28316000
2020-05-08 00:00:00-04:00,176.73450638249977,176.75361896386306,175.18672260051773,176.4478759765625,30877800
2020-05-11 00:00:00-04:00,174.98602983574403,179.15168215521967,174.69941408559305,178.416015625,30892700
2020-05-12 00:00:00-04:00,178.47330640477932,178.70259896331262,174.17389598882244,174.37452697753906,32038200
2020-05-13 00:00:00-04:00,174.4128022511465,175.84593946836443,168.6706898038396,171.73760986328125,44711500
2020-05-14 00:00:00-04:00,169.6260935240931,172.6356900532144,167.84900301256042,172.48281860351562,41873900
2020-05-15 00:00:00-04:00,171.07835805575098,178.7217562636514,169.11018534979667,174.99560546875,46610400
2020-05-18 00:00:00-04:00,177.47012521267487,177.900063380911,175.75992153773632,176.66757202148438,35264500
2020-05-19 00:00:00-04:00,176.7822298525847,178.28225361895426,175.31088223935092,175.44464111328125,26799100
2020-05-20 00:00:00-04:00,177.06379523039917,178.06021242897378,176.23026544675045,177.878173828125,31261300
2020-05-21 00:00:00-04:00,177.62906802371802,178.84584085397677,175.60750678162066,175.74163818359375,29119500
2020-05-22 00:00:00-04:00,175.51171852342944,176.72849143363786,174.88895405824258,175.81829833984375,20826900
2020-05-26 00:00:00-04:00,178.52968344629363,178.68298066486196,173.50932380161322,173.95962524414062,36073600
2020-05-27 00:00:00-04:00,172.64702624082813,174.3620076917723,169.19792677156028,174.18954467773438,39517100
2020-05-28 00:00:00-04:00,173.16441222846677,176.43147330858378,172.8195007965825,173.79673767089844,33810200
2020-05-29 00:00:00-04:00,175.070959536825,176.54641939540448,172.84820877608945,175.5691680908203,42130400
2020-06-01 00:00:00-04:00,174.88895604417246,175.32968189560512,173.85423636020056,175.16680908203125,22622400
2020-06-02 00:00:00-04:00,176.52726694636573,177.24583112660875,173.74882463044972,177.15960693359375,30794600
2020-06-03 00:00:00-04:00,177.07338423686727,178.14643541027866,175.88535285257194,177.5907440185547,27311000
2020-06-04 00:00:00-04:00,176.57516871052312,178.05061401605363,174.65899762222494,175.2530059814453,28761800
2020-06-05 00:00:00-04:00,174.9655439523521,179.86136073196207,174.38111129735756,179.35357666015625,39893600
2020-06-08 00:00:00-04:00,178.1464159784696,180.64701965885448,176.70928776259842,180.46498107910156,33211600
2020-06-09 00:00:00-04:00,180.12010837438186,182.706936794211,179.4111197061566,181.84466552734375,29783900
2020-06-10 00:00:00-04:00,183.1189232288996,190.19917591724314,183.00394300463498,188.58958435058594,43872300
2020-06-11 00:00:00-04:00,185.0350682105646,187.55482328316214,178.27098652054713,178.4626007080078,52854700
2020-06-12 00:00:00-04:00,182.55361479083015,183.6841633450866,177.4182756432563,179.87098693847656,43373600
2020-06-15 00:00:00-04:00,176.84343722531378,182.82189647750297,176.2973214302196,181.02069091796875,32770200
2020-06-16 00:00:00-04:00,184.8051135136358,187.38236587565078,183.43505825101133,185.4566192626953,42556700
2020-06-17 00:00:00-04:00,186.85546836932718,188.09140721140545,185.57163693366644,186.0985870361328,25687800
2020-06-18 00:00:00-04:00,185.86860404780714,188.25424242453795,185.86860404780714,188.09136962890625,23061600
2020-06-19 00:00:00-04:00,190.26624578943395,190.93690289131283,186.2231227505278,186.97042846679688,44441100
2020-06-22 00:00:00-04:00,187.58359073811002,192.3452777850563,187.04706509099958,192.1632537841797,32818900
2020-06-23 00:00:00-04:00,193.619546196525,195.40158628078228,192.98720609131763,193.4470977783203,30917400
2020-06-24 00:00:00-04:00,193.15006444100968,194.73089984668712,188.32130478941002,189.5476531982422,36740600
2020-06-25 00:00:00-04:00,189.50932496716712,192.2015430271898,187.27698387837606,191.94285583496094,27803900
2020-06-26 00:00:00-04:00,191.35843741947582,191.51173462779505,186.71173091870725,188.1009521484375,54675800
2020-06-29 00:00:00-04:00,187.57403166746147,190.20876754600755,185.43750448478815,190.12254333496094,26701600
2020-06-30 00:00:00-04:00,189.58598372582725,195.83269132910735,189.45185232622862,194.97999572753906,34310300
2020-07-01 00:00:00-04:00,194.6255362924149,197.70099794480126,193.31296350910418,196.12014770507812,32061200
2020-07-02 00:00:00-04:00,197.05908507961797,199.30101701630502,196.40759373713468,197.61477661132812,29315800
2020-07-06 00:00:00-04:00,200.07703677818944,202.28063679323316,199.3680481033168,201.86865234375,31897600
2020-07-07 00:00:00-04:00,201.62914808225983,205.67227121542732,199.27226526653317,199.5213623046875,33600700
2020-07-08 00:00:00-04:00,201.26506682461263,204.32134787899562,199.94290390142638,203.9093780517578,33600000
2020-07-09 00:00:00-04:00,207.26267626922558,207.31058347692323,202.6063792940229,205.33692932128906,33121700
2020-07-10 00:00:00-04:00,204.666219388173,205.1069451496764,202.23268865590722,204.71412658691406,26177600
2020-07-13 00:00:00-04:00,205.49018025005506,206.75486016607707,197.84466181891068,198.39077758789062,38135600
2020-07-14 00:00:00-04:00,197.49019051020417,200.09618452631085,193.56203368055372,199.6171417236328,37591800
2020-07-15 00:00:00-04:00,200.7764543960133,202.47227032572638,196.43632696748918,199.32015991210938,32179400
2020-07-16 00:00:00-04:00,196.79079598776354,197.0782246202295,193.8303146975877,195.37283325195312,29940700
2020-07-17 00:00:00-04:00,195.89974096762975,196.4458420939791,192.94883590927762,194.3763885498047,31635300
2020-07-20 00:00:00-04:00,196.40758503133026,203.40161415385268,194.500989064933,202.73095703125,36884800
2020-07-21 00:00:00-04:00,204.70453871456894,204.9728014683563,199.31051300669947,200.00033569335938,37990400
2020-07-22 00:00:00-04:00,200.43149741397403,203.40156851523614,199.65545044485876,202.87461853027344,49605700
2020-07-23 00:00:00-04:00,198.5057661792105,202.0794215246209,193.6770063646899,194.0506591796875,67457000
2020-07-24 00:00:00-04:00,192.01955073187074,194.3572823797303,189.2315175967975,192.8626708984375,39827000
2020-07-27 00:00:00-04:00,193.0255222872974,195.42073647697526,192.4410894402469,195.30577087402344,30160900
2020-07-28 00:00:00-04:00,195.07581233352278,196.1201221435379,193.28419691457697,193.55245971679688,23251400
2020-07-29 00:00:00-04:00,194.0123315708133,196.07220973733158,193.54286436977003,195.50694274902344,19632600
2020-07-30 00:00:00-04:00,192.57525561652918,195.89023908597136,191.20519986992053,195.35369873046875,25079600
2020-07-31 00:00:00-04:00,195.83269669820726,196.50336833381417,190.6686157432386,196.41712951660156,51044000
2020-08-03 00:00:00-04:00,202.65427268373514,208.51775194929,201.61953846877378,207.46385192871094,78983000
2020-08-04 00:00:00-04:00,205.19321777159206,205.76807505373037,201.4950062918798,204.35009765625,49280100
2020-08-05 00:00:00-04:00,205.89261028578034,205.9884247031007,202.70219778204324,204.0147705078125,28806400
2020-08-06 00:00:00-04:00,203.4398971396391,207.30098102055055,202.68301593193615,207.28182983398438,32656800
2020-08-07 00:00:00-04:00,205.8447085853178,206.6590726195856,202.08899995716098,203.57403564453125,27820400
2020-08-10 00:00:00-04:00,202.79801389531178,202.9992183401805,197.70100518297247,199.5213623046875,36716500
2020-08-11 00:00:00-04:00,198.47701588010221,198.9464684665569,194.62550768489723,194.85545349121094,36446500
2020-08-12 00:00:00-04:00,196.6853633438916,201.46621519059136,196.16800361297544,200.42190551757812,28013100
2020-08-13 00:00:00-04:00,200.66145750408137,202.49140457345376,199.4255188495774,199.9524688720703,22588900
2020-08-14 00:00:00-04:00,200.00994208877663,200.80515488112698,198.81233510377172,200.14407348632812,17958900
2020-08-17 00:00:00-04:00,200.81474113004822,202.33809367629547,200.16323534106616,201.4662322998047,20184800
2020-08-18 00:00:00-04:00,201.70575023579792,203.45904855150602,200.4410849082599,202.62551879882812,21336200
2020-08-19 00:00:00-04:00,203.1153521518743,203.70119775008826,200.96404715991875,201.39622497558594,27627600
2020-08-20 00:00:00-04:00,201.242545019471,206.48634420878187,200.63750197596372,206.08297729492188,26981500
2020-08-21 00:00:00-04:00,205.39149643815162,207.6868557841031,204.42149605209858,204.5847625732422,36249300
2020-08-24 00:00:00-04:00,206.2846280287003,206.98573166238285,204.0180799432625,205.2281951904297,25460100
2020-08-25 00:00:00-04:00,204.66158367149941,208.03258795996646,204.66158367149941,207.89813232421875,23043700
2020-08-26 00:00:00-04:00,209.25234943998984,213.29563282237825,208.7529363993586,212.39285278320312,39600800
2020-08-27 00:00:00-04:00,214.0639640119184,221.996877878363,210.7121563384658,217.60784912109375,57602200
2020-08-28 00:00:00-04:00,219.14443155423294,221.5070259544178,217.60779777645126,219.8455352783203,26292900
2020-08-31 00:00:00-04:00,218.0111567167562,219.64383645729026,215.42767414485365,216.599365234375,28774200
2020-09-01 00:00:00-04:00,216.58017622854484,218.44335782083934,215.5429406620747,218.27049255371094,25725500
2020-09-02 00:00:00-04:00,218.94274948158068,223.6391126240995,218.34730519112438,222.47702026367188,34080800
2020-09-03 00:00:00-04:00,220.19127483386666,220.22968444914244,206.4479305385887,208.6952667236328,58400300
2020-09-04 00:00:00-04:00,206.58241482472206,209.71331914098414,197.064830308917,205.7660675048828,59664100
2020-09-08 00:00:00-04:00,198.3229176376269,201.7131338950962,194.193188092468,194.63497924804688,52924300
2020-09-09 00:00:00-04:00,199.37942366198655,206.3327234587521,198.51505323138332,202.9232940673828,45679000
2020-09-10 00:00:00-04:00,204.94971039022184,206.23665976470147,196.02758532941417,197.23768615722656,35461500
2020-09-11 00:00:00-04:00,198.99520056074192,200.36858241370766,193.2712154622294,195.9507293701172,33620100
2020-09-14 00:00:00-04:00,196.15246995222833,200.9160546990378,195.95077912514412,197.27613830566406,30375800
2020-09-15 00:00:00-04:00,200.16688913343583,201.47303582658077,198.73588554942936,200.51263427734375,21823900
2020-09-16 00:00:00-04:00,202.2798040655635,202.30861494458284,196.5366059261538,196.9303741455078,26328100
2020-09-17 00:00:00-04:00,192.12837248673094,196.23889079299036,192.04193984656638,194.8751220703125,34011300
2020-09-18 00:00:00-04:00,194.7694511786119,195.58578376166412,188.47881764601027,192.4548797607422,55225300
2020-09-21 00:00:00-04:00,189.38160480843675,194.68302605051372,188.603681812148,194.51974487304688,39839700
2020-09-22 00:00:00-04:00,196.93994884068002,199.85957789773718,194.0779561891913,199.2064971923828,33517100
2020-09-23 00:00:00-04:00,199.66750670828463,199.85959877111094,192.1091500512969,192.64697265625,30803800
2020-09-24 00:00:00-04:00,191.93627447628725,197.4297730540802,191.312004614749,195.14401245117188,31202500
2020-09-25 00:00:00-04:00,195.48973384039306,200.76232884709236,194.5197189187621,199.5906524658203,29437300
2020-09-28 00:00:00-04:00,202.52952627863715,204.15260758526912,199.82118630210078,201.14654541015625,32004900
2020-09-29 00:00:00-04:00,201.06010719002484,201.75159760507617,198.62067859954726,199.0528564453125,24221900
2020-09-30 00:00:00-04:00,199.50423157489382,203.58593860629148,198.36135126137188,202.00128173828125,33829100
2020-10-01 00:00:00-04:00,205.03616387095073,205.51636472015986,202.95209394393123,204.0469512939453,27158400
2020-10-02 00:00:00-04:00,199.76350127892908,202.63510688545642,197.4009072677186,198.02517700195312,33154800
2020-10-05 00:00:00-04:00,199.01442845645465,202.07811202421507,198.78392678785568,202.04930114746094,21331600
2020-10-06 00:00:00-04:00,200.55108959675567,201.85722183756158,196.70948280501995,197.75631713867188,28554300
2020-10-07 00:00:00-04:00,198.86075581411842,201.7899836672014,198.53422278251327,201.5210723876953,25681100
2020-10-08 00:00:00-04:00,202.1741741427288,202.8272549757996,200.0709065469738,202.2414093017578,19925800
2020-10-09 00:00:00-04:00,202.86564081583657,207.31230524101485,202.86564081583657,207.2642822265625,26458000
2020-10-12 00:00:00-04:00,210.1262704204517,214.99551381701423,208.22467925795232,212.63291931152344,40461400
2020-10-13 00:00:00-04:00,213.90065482996604,216.29206019364605,211.70132686372915,214.0351104736328,28950800
2020-10-14 00:00:00-04:00,214.1695624812037,215.34125363665,210.4528128800717,212.1143035888672,23421700
2020-10-15 00:00:00-04:00,208.50319671727846,211.63410071012294,207.45634781825882,210.96182250976562,22733100
2020-10-16 00:00:00-04:00,211.43240992273292,213.48766879500567,210.63528947738715,210.96182250976562,26057900
2020-10-19 00:00:00-04:00,211.6917152804522,213.49727494692658,205.25702760179578,205.7372283935547,27625800
2020-10-20 00:00:00-04:00,207.2546935460719,208.76251662201668,204.65199844390534,206.1502227783203,22753500
2020-10-21 00:00:00-04:00,204.68078344545265,208.33031244108358,204.68078344545265,206.2942657470703,22724900
2020-10-22 00:00:00-04:00,205.45872995999608,207.50439028353233,203.3170382585862,206.38072204589844,22351500
2020-10-23 00:00:00-04:00,206.51516924614666,207.71567132968448,204.71922281863533,207.6676483154297,18879600
2020-10-26 00:00:00-04:00,205.38188756074356,207.773278160453,199.85957837314115,201.76116943359375,37111600
2020-10-27 00:00:00-04:00,203.21136343141566,206.16940200740007,202.0012627362895,204.80563354492188,36700300
2020-10-28 00:00:00-04:00,199.44659934305423,200.57026746118032,194.09717002917722,194.65419006347656,51195600
2020-10-29 00:00:00-04:00,195.98916339503887,199.148878240837,195.3168705450445,196.61341857910156,31432600
2020-10-30 00:00:00-04:00,195.44175780465162,196.20046874566228,191.7153942931651,194.45254516601562,36953700
2020-11-02 00:00:00-05:00,196.20040228361236,197.15120497784773,192.1955300668755,194.31802368164062,30842200
2020-11-03 00:00:00-05:00,195.81629302920805,199.87878793026076,195.07677965090937,198.25570678710938,27512000
2020-11-04 00:00:00-05:00,205.5451571893595,209.6748870535973,204.0085087476915,207.82130432128906,42311800
2020-11-05 00:00:00-05:00,213.24757229869556,215.24520945533908,212.39281543088538,214.4480743408203,36080100
2020-11-06 00:00:00-05:00,213.45886064139708,215.47570992275814,209.3963658567556,214.86105346679688,25231900
2020-11-09 00:00:00-05:00,215.5525596748849,219.08683089312086,209.25232687398287,209.74212646484375,44395000
2020-11-10 00:00:00-05:00,206.00613410422966,207.9269372194206,201.41541583128847,202.65432739257812,44045100
2020-11-11 00:00:00-05:00,203.97970129421734,209.40596463350337,203.79722264006887,207.9749755859375,29440800
2020-11-12 00:00:00-05:00,208.60883520068344,210.43359235451078,205.9677308359219,206.90892028808594,21593900
2020-11-13 00:00:00-05:00,207.79248432257955,208.81050764229997,205.67960379897195,207.93653869628906,18621100
2020-11-16 00:00:00-05:00,206.3614881256041,209.11785069637364,206.02535635667695,208.62803649902344,24953300
2020-11-17 00:00:00-05:00,207.5427702781826,209.0601917541138,205.6027551424149,205.96771240234375,24154100
2020-11-18 00:00:00-05:00,205.7270059165811,207.19064241031913,203.10787311428473,203.2523193359375,28372800
2020-11-19 00:00:00-05:00,203.54119160883235,205.1299971537273,202.14495163509352,204.54261779785156,24792700
2020-11-20 00:00:00-05:00,204.33079696240046,205.38037200297697,202.21238444489782,202.58792114257812,22843100
2020-11-23 00:00:00-05:00,203.1271290016807,204.41743292643147,200.4405998035543,202.3182830810547,25683500
2020-11-24 00:00:00-05:00,201.8175590808587,206.30475112641128,201.1146345212634,205.92921447753906,33979700
2020-11-25 00:00:00-05:00,207.13284857044923,207.30616638715045,204.58112720502842,205.93882751464844,21012900
2020-11-27 00:00:00-05:00,206.88253021746993,208.2498693180052,206.10255583344318,207.24842834472656,14512200
2020-11-30 00:00:00-05:00,206.16034077504278,206.79585422790234,203.02122491772576,206.13145446777344,33064800
2020-12-01 00:00:00-05:00,206.55510866026424,209.26091499887167,205.43813725180692,208.19207763671875,30904500
2020-12-02 00:00:00-05:00,206.9114202514917,207.47953723512032,204.90855296179697,207.38323974609375,23724500
2020-12-03 00:00:00-05:00,206.65137915702488,208.3557443915322,205.72697344034606,206.29510498046875,25120900
2020-12-04 00:00:00-05:00,206.275882644911,207.3928688175813,205.2744416994365,206.4106903076172,24666000
2020-12-07 00:00:00-05:00,206.42029676135814,207.54690671025475,205.0914826819307,206.34326171875,24620000
2020-12-08 00:00:00-05:00,206.035154128181,208.9046399230216,204.99520300208576,207.99949645996094,23284100
2020-12-09 00:00:00-05:00,207.18100061683145,207.24839709342632,203.3774855292624,203.9456024169922,32440600
2020-12-10 00:00:00-05:00,203.91673404005607,205.17815170242338,202.5590188964518,202.7130889892578,26733300
2020-12-11 00:00:00-05:00,202.26048860540547,205.4092277259983,201.35534530463505,205.3514404296875,30979400
2020-12-14 00:00:00-05:00,205.1974082570739,208.1920776453613,204.9855655587694,206.25660705566406,28798400
2020-12-15 00:00:00-05:00,207.1906504982243,207.43137951744325,204.36931344558604,206.18922424316406,27000600
2020-12-16 00:00:00-05:00,206.78620053436381,211.94743062086658,206.75731423126035,211.14820861816406,35023300
2020-12-17 00:00:00-05:00,211.71634455679995,212.69852302950446,209.83866122143303,211.2830352783203,32515800
2020-12-18 00:00:00-05:00,210.48379516601562,211.54300859413542,208.0091088009451,210.48379516601562,63354900
2020-12-21 00:00:00-05:00,209.48240422945884,215.69321024663452,209.22241276380078,214.3354949951172,37181900
2020-12-22 00:00:00-05:00,214.4317766950902,217.26275222199794,213.62293074252594,215.6354217529297,22612200
2020-12-23 00:00:00-05:00,214.8361600730579,215.2694692754266,212.61182676702595,212.82366943359375,18699600
2020-12-24 00:00:00-05:00,213.20885246653657,215.3176407932119,212.99700977755072,214.48953247070312,10550600
2020-12-28 00:00:00-05:00,216.12648767772666,217.6478966815725,214.7495248859083,216.61758422851562,17933500
2020-12-29 00:00:00-05:00,217.91753346320803,218.755265742417,215.28877670598004,215.83763122558594,17403200
2020-12-30 00:00:00-05:00,216.8775680183136,217.26274323665223,213.25700912352386,213.45921325683594,20272300
2020-12-31 00:00:00-05:00,213.47851314313544,214.73030710971628,211.53341835484633,214.17181396484375,20942100
2021-01-04 00:00:00-05:00,214.27766624226737,214.73023787420797,206.84395458975277,209.61715698242188,37130100
2021-01-05 00:00:00-05:00,209.2031160874575,210.4163995999961,207.70096954139206,209.8193817138672,23823000
2021-01-06 00:00:00-05:00,204.30191697152077,208.46172177562,204.08045037192136,204.3789520263672,35930700
2021-01-07 00:00:00-05:00,206.10252299350742,211.20598045521788,205.7847736605264,210.19491577148438,27694500
2021-01-08 00:00:00-05:00,210.57045783119477,212.40000699485586,208.9816523536104,211.47560119628906,22956200
2021-01-11 00:00:00-05:00,210.36824456255022,210.79192992294145,208.69276555362057,209.42459106445312,23031300
2021-01-12 00:00:00-05:00,208.47133426979454,209.04908980314292,205.40926814467542,206.9595489501953,23249300
2021-01-13 00:00:00-05:00,206.08330308204643,208.72168373170615,205.99662946841624,208.3172607421875,20087100
2021-01-14 00:00:00-05:00,207.90318785686986,209.39571052919882,204.8507460355286,205.120361328125,29480800
2021-01-15 00:00:00-05:00,205.601815461853,206.55509283823068,204.167065422921,204.76406860351562,31746500
2021-01-19 00:00:00-05:00,205.8232972815894,208.93351188204568,204.74483605137272,208.41354370117188,30480900
2021-01-20 00:00:00-05:00,209.62679247896148,217.41677873184022,209.2319934261482,216.0205535888672,37777300
2021-01-21 00:00:00-05:00,216.3672210917985,217.90789256064295,214.17177379910098,216.62721252441406,30709400
2021-01-22 00:00:00-05:00,218.6589922411138,221.53811670235572,217.42646079451313,217.57089233398438,30172700
2021-01-25 00:00:00-05:00,220.62331308938622,221.2588411868411,215.90503048377064,221.0181121826172,33152100
2021-01-26 00:00:00-05:00,223.26169224511415,225.49564960369074,221.5477030334609,223.71426391601562,49169600
2021-01-27 00:00:00-05:00,229.1739998613671,231.52351716879807,221.6054797824299,224.26312255859375,69870600
2021-01-28 00:00:00-05:00,226.8726304301621,233.64192846865052,226.37191001582264,230.0695037841797,49111200
2021-01-29 00:00:00-05:00,227.23858305931685,229.19330162994262,222.77065279889592,223.3580322265625,42503100
2021-02-01 00:00:00-05:00,226.34305136172497,233.50714934614192,223.81057737017042,230.76283264160156,33314200
2021-02-02 00:00:00-05:00,232.35161847748856,233.32415828415557,229.83840729484163,230.62799072265625,25916300
2021-02-03 00:00:00-05:00,230.6857765772008,236.001061935911,230.3872602966129,233.9885711669922,27158100
2021-02-04 00:00:00-05:00,233.6611671891617,234.21966015368335,231.45608163157357,233.03526306152344,25296100
2021-02-05 00:00:00-05:00,233.24714802448682,234.25821280407337,231.50427234467983,233.21826171875,18054800
2021-02-08 00:00:00-05:00,234.13300148495574,234.64334575020365,231.87978174485005,233.4782257080078,22211900
2021-02-09 00:00:00-05:00,232.90047711656726,235.68330363620066,232.42865770253408,234.7300262451172,23565000
2021-02-10 00:00:00-05:00,235.91439619763204,236.80027706510006,231.95681124921168,233.81524658203125,22186700
2021-02-11 00:00:00-05:00,235.7025790208932,236.05885324174923,233.17010522071408,235.42333984375,15751100
2021-02-12 00:00:00-05:00,234.8840819016654,236.20328675149594,233.7285856940002,235.90478515625,16561100
2021-02-16 00:00:00-05:00,235.94329288535258,237.00250630228294,233.91153965319072,234.66261291503906,26728500
2021-02-17 00:00:00-05:00,232.90610871875649,235.79184951711372,232.5393531416647,235.68568420410156,21653500
2021-02-18 00:00:00-05:00,233.36938619896654,235.42511144667102,232.4621579524493,235.2899932861328,16925600
2021-02-19 00:00:00-05:00,235.25135375289463,235.357519055454,231.80581916446297,232.5682830810547,25262600
2021-02-22 00:00:00-05:00,229.14205411114955,229.6342670240594,224.29707854249543,226.33351135253906,36446900
2021-02-23 00:00:00-05:00,222.29923867928684,226.64234016890754,220.7550189256022,225.13673400878906,30228700
2021-02-24 00:00:00-05:00,221.99043069702884,226.99947771586247,221.01565081385522,226.3721466064453,26339700
2021-02-25 00:00:00-05:00,223.9882566459571,226.4107372101652,219.93469758471608,221.00599670410156,39542200
2021-02-26 00:00:00-05:00,223.4574318770251,227.16354220659915,221.53681027607436,224.27780151367188,37819200
2021-03-01 00:00:00-05:00,227.67505510194286,229.190322220639,225.02093718023963,228.67880249023438,25324000
2021-03-02 00:00:00-05:00,228.74630870280885,229.02620569314965,225.31043545107624,225.71578979492188,22812500
2021-03-03 00:00:00-05:00,224.06550718578015,225.43599566316098,219.33634187189065,219.62588500976562,34029500
2021-03-04 00:00:00-05:00,218.83444408837312,224.38396346309185,216.44090165043517,218.8247833251953,44727800
2021-03-05 00:00:00-05:00,221.5175138259382,225.1367655747364,218.5642067552026,223.52499389648438,41872800
2021-03-08 00:00:00-05:00,223.3029896525048,225.2332571406413,219.21083200278963,219.46176147460938,35267400
2021-03-09 00:00:00-05:00,224.76033759932375,227.17317181530146,223.59251935901113,225.6289520263672,33080500
2021-03-10 00:00:00-05:00,228.73670546315466,228.73670546315466,223.94963544287995,224.31639099121094,29746800
2021-03-11 00:00:00-05:00,226.76784403921818,230.83104908863842,226.14049823339934,228.8621826171875,29907600
2021-03-12 00:00:00-05:00,225.85093547083036,227.59783986643797,225.0981323508544,227.5302734375,22653700
2021-03-15 00:00:00-04:00,226.76785630641737,226.98983296884225,223.72767583707972,226.62307739257812,26034900
2021-03-16 00:00:00-04:00,228.04180236689635,231.69000678127296,227.713660424746,229.4219512939453,28092200
2021-03-17 00:00:00-04:00,227.91634581988245,230.23267582514157,225.09815683124123,228.7753143310547,29562100
2021-03-18 00:00:00-04:00,224.45148635841628,226.0246589700412,222.29924237461182,222.67564392089844,34833000
2021-03-19 00:00:00-04:00,222.96522616917724,224.36466730643974,221.35345440675508,222.31858825683594,46430700
2021-03-22 00:00:00-04:00,222.24133604201236,228.64016230964998,222.11586395137024,227.76190185546875,30127000
2021-03-23 00:00:00-04:00,229.2096197683418,232.64549356474453,228.80426536023757,229.29647827148438,31638400
2021-03-24 00:00:00-04:00,229.55709660364425,229.7018607932665,227.11530909352163,227.25042724609375,25620100
2021-03-25 00:00:00-04:00,227.09598402035778,228.67880284889418,223.49603910258872,224.2391815185547,34061900
2021-03-26 00:00:00-04:00,223.47671534408212,228.45680886329438,223.47671534408212,228.2348175048828,25479900
2021-03-29 00:00:00-04:00,228.34099241678047,228.54367698586992,223.79522066068677,227.03807067871094,25227500
2021-03-30 00:00:00-04:00,225.38766813123175,225.69651797907827,223.04240034707905,223.76625061035156,24792000
2021-03-31 00:00:00-04:00,224.78933806497363,230.7635192059559,224.2874643182065,227.54962158203125,43623500
2021-04-01 00:00:00-04:00,230.1554382160416,234.37306783842502,229.7500838229157,233.90016174316406,30338000
2021-04-05 00:00:00-04:00,234.29588781932924,241.24486331170138,234.23798214468843,240.38589477539062,36910600
2021-04-06 00:00:00-04:00,238.9767951488011,240.7043782746985,238.27225155601573,239.21807861328125,22931900
2021-04-07 00:00:00-04:00,239.1697941467853,242.1810067583357,238.5714159295599,241.18692016601562,22719800
2021-04-08 00:00:00-04:00,243.95686016644666,245.2790886808402,243.21370306137402,244.4201202392578,23625200
2021-04-09 00:00:00-04:00,244.05333455927942,247.06456147753738,243.63833417019868,246.929443359375,24326800
2021-04-12 00:00:00-04:00,245.82920824197842,248.6860104393037,245.74233501767978,246.98736572265625,27148700
2021-04-13 00:00:00-04:00,248.2903516862392,250.15305300798045,247.87532173265367,249.47744750976562,23837500
2021-04-14 00:00:00-04:00,248.50264472916203,249.8055517087764,246.26352739476826,246.67852783203125,23070900
2021-04-15 00:00:00-04:00,248.9369879075665,250.86725577075745,248.74397879337752,250.45225524902344,25627500
2021-04-16 00:00:00-04:00,250.42327744872844,251.8999310387447,248.6184818891027,251.64898681640625,24878600
2021-04-19 00:00:00-04:00,251.11817532705464,252.36320622338988,248.83081284664505,249.71871948242188,23209300
2021-04-20 00:00:00-04:00,248.83081665434366,251.12783993340526,247.8849748766278,249.25547790527344,19722900
2021-04-21 00:00:00-04:00,249.91176365910738,251.5910871476467,248.2806850820706,251.49456787109375,24030400
2021-04-22 00:00:00-04:00,251.1374615407011,252.6527286978144,246.7268076678221,248.20347595214844,25606200
2021-04-23 00:00:00-04:00,248.88871598261647,252.39215648667724,248.2999690323889,252.04469299316406,21462600
2021-04-26 00:00:00-04:00,252.53692039312767,253.2897235991094,251.0988804178214,252.4307403564453,19763300
2021-04-27 00:00:00-04:00,252.4596433149163,254.01352378329955,251.0505564546338,252.8360595703125,31014200
2021-04-28 00:00:00-04:00,247.1514256081097,247.59540831786728,244.13056713310473,245.68443298339844,46903100
2021-04-29 00:00:00-04:00,246.55305825880825,247.17074322966292,240.31828815853044,243.70590209960938,40589000
2021-04-30 00:00:00-04:00,241.03252179901702,244.25606517378202,240.89740365536738,243.38743591308594,30945100
2021-05-03 00:00:00-04:00,244.56489758590888,245.48178647191602,242.36439371303774,243.07859802246094,19626600
2021-05-04 00:00:00-04:00,242.21964602810803,242.45128345615217,237.19129213760777,239.1505126953125,32756100
2021-05-05 00:00:00-04:00,240.37623427424475,240.8008955244394,237.24921002603656,237.8765411376953,21901300
2021-05-06 00:00:00-04:00,237.85718989078077,241.14829923803285,236.15855993418504,241.0228271484375,26491100
2021-05-07 00:00:00-04:00,243.3584957193326,245.4335423442591,242.41266866465028,243.65769958496094,27032900
2021-05-10 00:00:00-04:00,242.1231136857128,242.9531293496134,238.50386190593224,238.561767578125,29299900
2021-05-11 00:00:00-04:00,236.02346455009973,238.0019917084566,234.1125038239645,237.64488220214844,33641600
2021-05-12 00:00:00-04:00,233.72643382946092,235.85938585438927,229.7693943690945,230.66696166992188,36684400
2021-05-13 00:00:00-04:00,233.36931675001574,237.03682752191128,233.002561254795,234.55642700195312,29624300
2021-05-14 00:00:00-04:00,237.0175388221205,240.49201135016557,236.93068032244304,239.4979248046875,23901100
2021-05-17 00:00:00-04:00,237.95375892085315,237.99235779592556,235.0294044688764,236.6315155029297,24970200
2021-05-18 00:00:00-04:00,237.68350018460333,237.81861832476685,234.43098933096988,234.60472106933594,20168000
2021-05-19 00:00:00-04:00,231.49947159665862,235.29153007323154,230.8126526239223,235.18511962890625,25739800
2021-05-20 00:00:00-04:00,235.99769785378354,239.85746373285232,235.9009557257646,238.43544006347656,21800700
2021-05-21 00:00:00-04:00,239.4899220792107,240.22511220660124,236.75228465160535,237.16824340820312,21863100
2021-05-24 00:00:00-04:00,239.70267446440963,242.96269513506516,239.4318142276658,242.5950927734375,21411500
2021-05-25 00:00:00-04:00,243.55281137496547,244.5008222997272,242.63382013845728,243.5044403076172,17704300
2021-05-26 00:00:00-04:00,243.2238825116753,244.68460895054312,242.56608326933792,243.2819366455078,17771600
2021-05-27 00:00:00-04:00,242.97240556695337,243.27228554099688,241.1150715812319,241.17311096191406,24426200
2021-05-28 00:00:00-04:00,242.8079311481958,243.8526841770191,241.4149271097647,241.531005859375,18270200
2021-06-01 00:00:00-04:00,243.03043902441425,243.08847840368188,238.89981241823648,239.325439453125,23213300
2021-06-02 00:00:00-04:00,240.03161120736655,241.1344036342718,237.81634328369952,239.22869873046875,19406700
2021-06-03 00:00:00-04:00,237.21663037776673,238.3000716403726,235.0690844745443,237.69064331054688,25307700
2021-06-04 00:00:00-04:00,239.6736906224169,243.4367295750605,239.43185003481568,242.60479736328125,25281100
2021-06-07 00:00:00-04:00,241.82121534609755,245.79707485347862,241.65676553201814,245.52621459960938,23079200
2021-06-08 00:00:00-04:00,246.8322016056144,247.6544655768393,244.26868230524093,244.3267364501953,22455000
2021-06-09 00:00:00-04:00,245.52625169786907,247.19011622920024,244.9458431064985,245.3134307861328,17937600
2021-06-10 00:00:00-04:00,245.9905831313682,249.0571202295339,245.39082315479712,248.84429931640625,24563600
2021-06-11 00:00:00-04:00,249.56981137579473,250.05349256658252,248.23484656577125,249.4730987548828,18999700
2021-06-14 00:00:00-04:00,249.48278073944263,251.46589156063672,248.41867609411415,251.40785217285156,19150500
2021-06-15 00:00:00-04:00,251.29174957961015,251.5045705135065,249.26996546837523,249.92776489257812,18038900
2021-06-16 00:00:00-04:00,250.93378234700253,252.07526281054376,246.1163220795132,248.97972106933594,27220000
2021-06-17 00:00:00-04:00,247.71246460707766,253.2070752386401,247.65442523235757,252.3848114013672,27565500
2021-06-18 00:00:00-04:00,251.15634442669906,253.73918591183204,250.30506065637908,250.96286010742188,37202200
2021-06-21 00:00:00-04:00,251.34012446100897,254.91934789306032,249.50214166924638,254.05841064453125,26696100
2021-06-22 00:00:00-04:00,254.1454416058992,257.1152511503635,253.83587856405688,256.8443908691406,24694100
2021-06-23 00:00:00-04:00,257.30874584380547,258.121326813584,255.79966268256524,256.61224365234375,19518700
2021-06-24 00:00:00-04:00,257.4731390340408,259.10798359211515,256.8056567223274,257.98583984375,21446900
2021-06-25 00:00:00-04:00,257.5409523499183,258.52765156160484,256.11892816514353,256.37042236328125,25611100
2021-06-28 00:00:00-04:00,257.50218987993065,260.1237336187573,257.2313295990359,259.9496154785156,19590000
2021-06-29 00:00:00-04:00,260.09468889479047,262.78395482539,259.2337518254225,262.5421142578125,19937800
2021-06-30 00:00:00-04:00,261.8552728512254,262.50338898467066,260.8008516096172,262.05841064453125,21656500
2021-07-01 00:00:00-04:00,260.8105550251696,262.9677837431567,260.80090147610525,262.7356262207031,16725300
2021-07-02 00:00:00-04:00,263.9158778396845,268.9268091406551,263.6063147152105,268.5882263183594,26458000
2021-07-06 00:00:00-04:00,268.9557281508869,270.251990037587,265.34745629085984,268.5978088378906,31565600
2021-07-07 00:00:00-04:00,270.28100037232684,271.52890591143546,268.1044353611514,270.793701171875,23260000
2021-07-08 00:00:00-04:00,267.8626752532348,269.63296519274246,265.8989305231192,268.36572265625,24618600
2021-07-09 00:00:00-04:00,266.7211676256249,268.97510907475925,266.3342285619331,268.86871337890625,23916700
2021-07-12 00:00:00-04:00,270.0488332729482,270.63891004018603,267.55302228356345,268.2688903808594,18931700
2021-07-13 00:00:00-04:00,268.46241397623965,273.6184723184139,268.33668165702954,271.80950927734375,26120100
2021-07-14 00:00:00-04:00,273.13476926049077,274.4020115950531,271.3934992931169,273.28955078125,23113700
2021-07-15 00:00:00-04:00,272.7961918128015,273.2895560746804,270.6970024536931,271.85784912109375,22604200
2021-07-16 00:00:00-04:00,272.86390046289694,274.8276448188049,270.3390694215549,271.58697509765625,26186800
2021-07-19 00:00:00-04:00,269.82634363461955,271.21934762770826,265.49257967527933,267.9690246582031,32935600
2021-07-20 00:00:00-04:00,268.95576854668866,271.79981638191975,267.24354771590987,270.20367431640625,26259700
2021-07-21 00:00:00-04:00,269.7973836497617,272.33186856644005,268.239944262627,272.2157897949219,24364300
2021-07-22 00:00:00-04:00,274.5761049598019,277.07191616470243,274.16982933582995,276.8010559082031,23384100
2021-07-23 00:00:00-04:00,277.99099064976605,280.5254759840039,277.14938989604514,280.2159423828125,22768100
2021-07-26 00:00:00-04:00,279.56773255599114,280.2352149712231,277.2847714708642,279.6160888671875,23176100
2021-07-27 00:00:00-04:00,279.9837423177384,280.12884079932377,273.7152517407482,277.1880798339844,33604100
2021-07-28 00:00:00-04:00,279.55800071148394,280.6801444381033,274.5664080744057,276.87841796875,33566900
2021-07-29 00:00:00-04:00,276.8977988434868,279.20012603665054,276.74301731974265,277.1493225097656,18168300
2021-07-30 00:00:00-04:00,275.862760253792,277.3041208437968,274.6438741313907,275.6112365722656,20944800
2021-08-02 00:00:00-04:00,277.01391746693434,277.4105396433089,274.47943238423215,275.5242004394531,16267400
2021-08-03 00:00:00-04:00,276.1045557870078,277.85547915740995,274.7308883557453,277.7490539550781,17879000
2021-08-04 00:00:00-04:00,276.878453234256,278.20373493143853,275.3596872582859,277.15899658203125,16191300
2021-08-05 00:00:00-04:00,277.51682774984226,280.1770733693437,276.76228653680914,280.0706481933594,13900200
2021-08-06 00:00:00-04:00,279.0937492177482,280.0514285940206,278.2327824689934,280.0127258300781,16589300
2021-08-09 00:00:00-04:00,280.2932231032673,282.03446341401013,278.4165379017834,278.9195556640625,16117600
2021-08-10 00:00:00-04:00,279.3742390862678,279.8095639589579,275.8917581909728,277.0912780761719,18616600
2021-08-11 00:00:00-04:00,277.8360888235704,279.23877582031093,276.5301439510105,277.5845947265625,13955900
2021-08-12 00:00:00-04:00,277.27511275384484,280.5060998989788,276.9945693682154,280.351318359375,14561300
2021-08-13 00:00:00-04:00,280.03210735363274,283.34047057422725,279.8579596671062,283.2921142578125,18249000
2021-08-16 00:00:00-04:00,283.6209703749318,285.19777573230937,280.5544187292792,284.9849548339844,22507600
2021-08-17 00:00:00-04:00,282.8471344397884,283.8531701803325,281.579862409906,283.51458740234375,20075300
2021-08-18 00:00:00-04:00,283.0493620131497,285.7437766750239,281.33383371424515,281.7796936035156,21813000
2021-08-19 00:00:00-04:00,279.80245951520226,288.31215930463765,279.75401063474186,287.6336975097656,29850500
2021-08-20 00:00:00-04:00,290.49288222873395,296.42446842110303,288.8839831017073,294.9900207519531,40817600
2021-08-23 00:00:00-04:00,293.91425449406785,295.9980594512055,292.557360306495,295.2711486816406,22830200
2021-08-24 00:00:00-04:00,295.6297584904746,296.2403682802,292.7027417213681,293.30364990234375,18175800
2021-08-25 00:00:00-04:00,294.9318509101062,295.2129312925075,291.17132489325707,292.7123718261719,20006100
2021-08-26 00:00:00-04:00,291.7237641949672,293.11943496903467,289.74658858009593,289.88226318359375,17666100
2021-08-27 00:00:00-04:00,289.78532192697804,291.6074492154637,287.691815866467,290.49285888671875,22605700
2021-08-30 00:00:00-04:00,291.8497533011795,294.85432301164025,291.7916028197827,294.24371337890625,16348100
2021-08-31 00:00:00-04:00,295.0482692281605,295.12579336805766,292.2181500836433,292.5864562988281,26285300
2021-09-01 00:00:00-04:00,293.54592448346756,295.79450871358483,292.20840404351725,292.5379333496094,18983800
2021-09-02 00:00:00-04:00,292.89650722957293,294.02076953529564,290.93867585518734,291.8788146972656,16285600
2021-09-03 00:00:00-04:00,291.72385686085426,293.2843075542051,291.0163492204473,291.8692626953125,14747900
2021-09-07 00:00:00-04:00,291.7431850784096,291.8207092025225,289.01969545610433,290.938720703125,17180400
2021-09-08 00:00:00-04:00,290.5510489231006,291.3554837424543,288.3121663545763,290.9678039550781,15046800
2021-09-09 00:00:00-04:00,291.5590399856498,292.83840990404906,287.85663442395133,288.09893798828125,19927000
2021-09-10 00:00:00-04:00,289.2329458217043,290.6867672787481,286.2865260535682,286.6063537597656,19633400
2021-09-13 00:00:00-04:00,288.3897120041516,289.34925430375523,285.02653709658307,287.8469543457031,23652900
2021-09-14 00:00:00-04:00,290.3378305630741,292.11150927882005,288.9227859804773,290.5607604980469,21853400
2021-09-15 00:00:00-04:00,293.92391076712056,295.9204896733223,292.5282399385816,295.4358825683594,28356300
2021-09-16 00:00:00-04:00,294.4085029702731,295.9107730883911,291.50086048766883,295.82354736328125,19550800
2021-09-17 00:00:00-04:00,294.80597611787215,295.12580387619147,290.3088068137098,290.6383361816406,41372500
2021-09-20 00:00:00-04:00,287.2073113229122,289.523748107256,280.6069631382969,285.23980712890625,38278700
2021-09-21 00:00:00-04:00,286.58698016315407,288.380032542715,285.01685772181173,285.724365234375,22364100
2021-09-22 00:00:00-04:00,287.5949169903704,290.977464810242,285.4432604569972,289.387939453125,26626300
2021-09-23 00:00:00-04:00,289.6497261728447,291.6366038397817,288.3703560801645,290.3378601074219,18604600
2021-09-24 00:00:00-04:00,289.0487925731778,290.5704365513493,287.78879623094576,290.1343078613281,14999000
2021-09-27 00:00:00-04:00,287.02306134695624,287.34288896730504,283.9215645732085,285.11370849609375,23571700
2021-09-28 00:00:00-04:00,280.8783217530792,281.8281625147568,274.0453720530144,274.7916564941406,43186200
2021-09-29 00:00:00-04:00,276.32300812104705,277.9415794692271,274.29735374474296,275.2568664550781,26353700
2021-09-30 00:00:00-04:00,276.9142684817721,278.9689985038869,272.95018469796025,273.240966796875,32343600
2021-10-01 00:00:00-04:00,273.43473316733105,281.05277293433414,272.6302983139076,280.1998596191406,30086300
2021-10-04 00:00:00-04:00,278.5521943769814,278.8914253103499,271.6223177870567,274.3942565917969,31350700
2021-10-05 00:00:00-04:00,275.3053101600691,281.45982688238934,275.3053101600691,279.8703308105469,24993000
2021-10-06 00:00:00-04:00,276.9820375548689,284.5903750685418,276.72036036456973,284.08636474609375,28002600
2021-10-07 00:00:00-04:00,286.0926548361611,287.5077289354926,284.87146499587226,285.7728271484375,20430500
2021-10-08 00:00:00-04:00,287.10064593668193,287.5077289354926,284.7163871667097,285.7728271484375,17685700
2021-10-11 00:00:00-04:00,283.9022676599514,288.79678807629915,283.7374882135025,285.17193603515625,19298600
2021-10-12 00:00:00-04:00,286.2477845931223,286.34471195119124,283.34984292874395,283.863525390625,17974100
2021-10-13 00:00:00-04:00,285.8309722041459,288.1280051974415,284.4546749827831,287.1878662109375,23416300
2021-10-14 00:00:00-04:00,289.99856943368576,293.9335766778313,288.6610491193376,293.4295959472656,27262900
2021-10-15 00:00:00-04:00,293.0322092404476,295.07726652415437,291.26823234850644,294.8446350097656,25384800
2021-10-18 00:00:00-04:00,294.2244163439284,298.72155568513193,293.3715029573013,297.82989501953125,22729300
2021-10-19 00:00:00-04:00,298.85720673410253,299.77794248418775,297.7619899473713,298.74090576171875,17682100
2021-10-20 00:00:00-04:00,299.6907408744911,300.1656759873755,296.6861706744592,297.9461669921875,16537100
2021-10-21 00:00:00-04:00,297.713578309162,301.4450298115465,296.92848749122396,301.19305419921875,16918100
2021-10-22 00:00:00-04:00,300.8441197616063,301.51288001031764,298.32415660771585,299.6423034667969,17449300
2021-10-25 00:00:00-04:00,299.8360964926019,299.8748733432088,297.02538117405123,298.64398193359375,17554500
2021-10-26 00:00:00-04:00,301.42566428950164,302.7825584703667,299.0995557540079,300.56304931640625,28107300
2021-10-27 00:00:00-04:00,306.2717583750526,316.06082998556684,306.2717583750526,313.2210388183594,52588700
2021-10-28 00:00:00-04:00,314.3452208099456,314.8686047470485,311.4666535229836,314.3646240234375,26297900
2021-10-29 00:00:00-04:00,314.15145213462347,321.779164339949,313.92852218591963,321.4108581542969,34766000
2021-11-01 00:00:00-04:00,321.15886019244095,321.284862793326,316.32248993988014,319.2301330566406,27073200
2021-11-02 00:00:00-04:00,320.1411374922594,323.1844842535539,319.8406834588921,322.87432861328125,26487100
2021-11-03 00:00:00-04:00,323.6206934906258,324.5899079243073,320.47074658116105,323.7176208496094,21500100
2021-11-04 00:00:00-04:00,322.64172939801034,326.17935531417845,319.3657806678688,326.0824279785156,23992200
2021-11-05 00:00:00-04:00,328.0887593539688,328.3601381890695,324.12467620856967,325.71417236328125,22570100
2021-11-08 00:00:00-05:00,326.915963092176,327.2551940040051,324.14402446343985,326.6155090332031,20897000
2021-11-09 00:00:00-05:00,326.7317758403251,328.29222604030014,324.2312162869751,325.6075134277344,21307400
2021-11-10 00:00:00-05:00,324.2700458250661,324.32819631868085,319.7632051014801,320.6160888671875,25500900
2021-11-11 00:00:00-05:00,321.05228741384656,323.4946971862152,320.33507818392957,322.1959533691406,16849800
2021-11-12 00:00:00-05:00,323.6400327539822,326.84812952926194,323.5140301700109,326.35382080078125,23831000
2021-11-15 00:00:00-05:00,327.1485619428337,327.47809121400434,323.7466107128754,325.72381591796875,16723000
2021-11-16 00:00:00-05:00,325.345845588492,330.1822450060062,325.1810957230039,329.0579528808594,20886800
2021-11-17 00:00:00-05:00,329.1065403784231,332.2622500867063,328.1938096614522,329.28131103515625,19053400
2021-11-18 00:00:00-05:00,328.3685486378301,332.51468426530346,327.33930424900313,331.368896484375,22463500
2021-11-19 00:00:00-05:00,332.6991818854003,335.08780291493565,332.27194500113376,333.155517578125,21963400
2021-11-22 00:00:00-05:00,334.62168013132515,339.5251843844504,329.6987667973751,329.97064208984375,31031100
2021-11-23 00:00:00-05:00,327.2712688443249,329.60166215005034,323.88253253331874,327.88299560546875,30427600
2021-11-24 00:00:00-05:00,326.52363956689135,328.3491006081897,324.2224041849806,328.1063537597656,21661300
2021-11-26 00:00:00-05:00,324.64969830687374,328.1258207516535,318.600435108913,320.11517333984375,24217200
2021-11-29 00:00:00-05:00,325.2225541524577,329.1938894536679,325.02834480045965,326.863525390625,28563500
2021-11-30 00:00:00-05:00,325.5914992919811,327.9801199785181,319.4451325085839,320.99871826171875,42885600
2021-12-01 00:00:00-05:00,325.4070446792567,329.4366368662176,319.83358592760334,320.5035400390625,33337600
2021-12-02 00:00:00-05:00,320.7171309796585,323.8145832007806,318.28966244474685,319.9306335449219,30766000
2021-12-03 00:00:00-05:00,322.3581203828831,323.04754282111514,308.80314361131497,313.638671875,41779300
2021-12-06 00:00:00-05:00,314.5514983533476,317.94995553115785,309.9684349168413,316.72650146484375,30032600
2021-12-07 00:00:00-05:00,322.01828739621885,326.05756905237325,320.522958448242,325.203125,31021900
2021-12-08 00:00:00-05:00,325.581810655257,325.76630064765925,321.2026476232676,325.2516784667969,24761000
2021-12-09 00:00:00-05:00,324.707904225957,326.72754500614406,322.48433475393716,323.4359130859375,22214200
2021-12-10 00:00:00-05:00,325.2614178438245,333.04872727162575,325.0769278400669,332.6020812988281,38095700
2021-12-13 00:00:00-05:00,330.7959938410283,333.8157801871928,329.24240801109124,329.5531311035156,28899400
2021-12-14 00:00:00-05:00,323.552449526195,324.931264787045,314.7067381676782,318.81402587890625,44438700
2021-12-15 00:00:00-05:00,319.0761459474689,325.4652594464079,315.08540207377274,324.94091796875,35381100
2021-12-16 00:00:00-05:00,325.9702509258187,326.9898057227496,313.6484154566233,315.473876953125,35034800
2021-12-17 00:00:00-05:00,311.57046438037884,315.49326205953525,308.0457751201241,314.4057312011719,47750300
2021-12-20 00:00:00-05:00,310.76452390952767,313.4347394175627,308.3564939796076,310.62860107421875,28326500
2021-12-21 00:00:00-05:00,313.9105447822028,318.2217314826185,310.52177839106776,317.79449462890625,24740600
2021-12-22 00:00:00-05:00,318.7751880271797,323.931129340318,316.2991817268589,323.5330505371094,24831500
2021-12-23 00:00:00-05:00,323.0960793086828,326.6304879083412,323.0766702269499,324.97979736328125,19617800
2021-12-27 00:00:00-05:00,325.7274263319234,332.54377687434004,325.6982978950834,332.5146484375,19947000
2021-12-28 00:00:00-05:00,333.19432695706956,333.8351822095749,330.4464455990182,331.3494567871094,15661500
2021-12-29 00:00:00-05:00,331.39807016716134,334.3110330914511,329.8250749291954,332.02923583984375,15042000
2021-12-30 00:00:00-05:00,331.99031777035117,333.1749236274577,328.98997014922884,329.4754638671875,15994500
2021-12-31 00:00:00-05:00,328.6889955613775,329.51431124934464,326.1061651969411,326.5625305175781,18000800
2022-01-03 00:00:00-05:00,325.6206844003455,328.19379550970876,320.2122765756348,325.0380859375,28865100
2022-01-04 00:00:00-05:00,325.11578632553096,325.4750766520605,316.658492073616,319.46466064453125,32674300
2022-01-05 00:00:00-05:00,316.40599293377886,316.6099216571062,306.81266070607495,307.2010498046875,40054300
2022-01-06 00:00:00-05:00,304.0647280316112,309.45372640637964,302.45288523458527,304.7735595703125,39646100
2022-01-07 00:00:00-05:00,305.0356884344486,307.3175147707154,301.0934819267639,304.92889404296875,32720000
2022-01-10 00:00:00-05:00,300.5109328094982,305.58920845555434,295.850204337967,305.1522521972656,44289500
2022-01-11 00:00:00-05:00,304.2879976819366,307.4242676228195,300.8992615666742,305.8415832519531,29386800
2022-01-12 00:00:00-05:00,310.3956307619287,314.02711503971415,307.8807467073588,309.0362243652344,34372200
2022-01-13 00:00:00-05:00,311.172356970201,311.5704653903933,295.1801920885378,295.95697021484375,45366000
2022-01-14 00:00:00-05:00,295.4229601626581,301.80235543631807,294.9374663908213,301.2003479003906,39846400
2022-01-18 00:00:00-05:00,295.2481695047707,300.8119087883123,292.9857520873315,293.8693542480469,42333200
2022-01-19 00:00:00-05:00,297.4037769741022,304.80269716461635,293.9179353193775,294.5296325683594,45933900
2022-01-20 00:00:00-05:00,300.1030692146905,302.608203554877,292.4031465937436,292.84979248046875,35380700
2022-01-21 00:00:00-05:00,293.9082484649531,295.28703430726046,287.0336394418793,287.44146728515625,57984400
2022-01-24 00:00:00-05:00,283.72254434338123,288.4900666398452,268.0410733422131,287.77154541015625,85731500
2022-01-25 00:00:00-05:00,283.0622692025946,286.4315970589494,276.8965221990427,280.12017822265625,72848600
2022-01-26 00:00:00-05:00,299.05439039333135,299.5496034339811,284.5284276453755,288.1016540527344,90428900
2022-01-27 00:00:00-05:00,293.8790916253967,298.38445839019573,289.28630990590625,291.1408996582031,53481300
2022-01-28 00:00:00-05:00,291.51962106110744,299.53026885029084,285.9073138559126,299.316650390625,49743700
2022-01-31 00:00:00-05:00,299.9866295204706,303.3171098617305,297.4814649297381,301.9577331542969,46444500
2022-02-01 00:00:00-05:00,301.4041555050487,301.6177738851067,296.27734401583535,299.8020324707031,40950400
2022-02-02 00:00:00-05:00,300.6468838460328,305.9775960841271,299.9186431738477,304.3657531738281,36636000
2022-02-03 00:00:00-05:00,300.510875273196,302.20041346720024,291.2573667110929,292.50994873046875,43730000
2022-02-04 00:00:00-05:00,291.5001350340584,299.8409137013529,291.26710752758504,297.06390380859375,35096500
2022-02-07 00:00:00-05:00,297.2872757560172,298.908808395224,291.1991647600581,292.2187194824219,28533300
2022-02-08 00:00:00-05:00,292.5099718712418,296.694925446775,291.2477000280742,295.72393798828125,32421200
2022-02-09 00:00:00-05:00,300.8799104988018,302.88014250197796,298.47188031442045,302.1810302734375,31284700
2022-02-10 00:00:00-05:00,295.2190510757167,300.151654592336,291.9759563455613,293.6072082519531,45386200
2022-02-11 00:00:00-05:00,294.3937372238847,295.4618295263202,285.68397713614587,286.4801940917969,39175600
2022-02-14 00:00:00-05:00,285.2469893955168,288.15026219267463,282.89721622151654,286.4413146972656,36359500
2022-02-15 00:00:00-05:00,291.30588713206885,292.0729457053811,288.40261517667153,291.7525329589844,27058300
2022-02-16 00:00:00-05:00,290.3125590659392,292.7450469485756,285.7492094226368,291.41204833984375,29982100
2022-02-17 00:00:00-05:00,288.356875412657,288.78499572393093,282.1686395026327,282.8789367675781,32461600
2022-02-18 00:00:00-05:00,285.13624134337505,285.92436510715385,278.5782629704892,280.1545104980469,34264000
2022-02-22 00:00:00-05:00,277.30364703724825,283.667044304482,276.8171494108671,279.9501953125,41736100
2022-02-23 00:00:00-05:00,282.34377260648654,283.822744485048,272.53599292328806,272.7013854980469,37811200
2022-02-24 00:00:00-05:00,265.15089503690007,287.18922735136584,264.18760972965123,286.6346130371094,56989700
2022-02-25 00:00:00-05:00,287.16980609363816,289.59255454281833,283.77403278992335,289.28118896484375,32546700
2022-02-28 00:00:00-05:00,286.3622231310244,291.0618067098429,285.08760175802655,290.72125244140625,34627500
2022-03-01 00:00:00-05:00,288.3957494331579,291.8693491597136,284.260520147293,286.98492431640625,31217800
2022-03-02 00:00:00-05:00,287.3838515564128,293.3288677421849,285.76870563477496,292.08343505859375,31873000
2022-03-03 00:00:00-05:00,294.7104876867767,294.94399699904244,286.1091852345869,287.9287109375,27314500
2022-03-04 00:00:00-05:00,286.34280150971523,287.6758003493623,279.41507957083144,282.03240966796875,32356500
2022-03-07 00:00:00-05:00,280.73838562712723,281.8670639510447,271.0084307934924,271.378173828125,43157200
2022-03-08 00:00:00-05:00,270.2981105697339,276.2917658042031,262.70875831793444,268.4007873535156,48159500
2022-03-09 00:00:00-05:00,275.78578324466815,281.7794377045606,273.19761224879693,280.7091369628906,35204500
2022-03-10 00:00:00-05:00,275.3771110899081,278.86045079071647,273.00300025162977,277.8777160644531,30628000
2022-03-11 00:00:00-05:00,280.1836916492418,281.6918520370042,271.88404371665825,272.50677490234375,27209300
2022-03-14 00:00:00-04:00,272.769498727811,277.6928525683312,268.3715706632459,268.9748229980469,30660700
2022-03-15 00:00:00-04:00,272.77924308637034,280.04751929281093,271.2029954236296,279.3955993652344,34245100
2022-03-16 00:00:00-04:00,281.30262045302413,286.61519548142235,275.5522451059325,286.4400634765625,37826300
2022-03-17 00:00:00-04:00,285.3698371337334,287.62716395761555,281.555681994305,287.2477111816406,30816600
2022-03-18 00:00:00-04:00,287.3936019813405,292.87156998483414,284.8249099642647,292.31695556640625,43390600
2022-03-21 00:00:00-04:00,290.818570277496,292.03481436405224,286.9362989616563,291.0812683105469,28351200
2022-03-22 00:00:00-04:00,291.70396865624343,296.76355591312955,290.70178472073417,295.84893798828125,27599700
2022-03-23 00:00:00-04:00,292.39475668563443,295.041304451988,289.6800921382554,291.40228271484375,25715400
2022-03-24 00:00:00-04:00,291.0617999957818,295.9851533596219,290.2639368009253,295.8878479003906,24484500
2022-03-25 00:00:00-04:00,296.9873474480325,297.25004547288074,291.2077533537051,295.47918701171875,22566500
2022-03-28 00:00:00-04:00,296.1115968672068,302.40687658897764,296.1115968672068,302.3096008300781,29578200
2022-03-29 00:00:00-04:00,305.4329327088514,307.29135714004815,300.7041605046977,306.8924255371094,30393400
2022-03-30 00:00:00-04:00,305.2870320805995,307.4178942834838,303.16587963971097,305.3843078613281,28163600
2022-03-31 00:00:00-04:00,305.42317015815905,306.6297043298301,299.5754895267012,299.984130859375,33422100
2022-04-01 00:00:00-04:00,301.0155108922393,301.7549967231003,297.2889524574944,301.0641784667969,27110500
2022-04-04 00:00:00-04:00,301.7160731825303,306.6004983188192,301.3463302614867,306.46429443359375,24289600
2022-04-05 00:00:00-04:00,304.81024571572704,306.3670442303079,301.50206743065627,302.48480224609375,23156700
2022-04-06 00:00:00-04:00,296.9483931362007,298.709511987753,288.69738354865393,291.41204833984375,40110400
2022-04-07 00:00:00-04:00,288.648768168859,295.4499953169675,288.3471420233765,293.2315673828125,31411200
2022-04-08 00:00:00-04:00,292.32667286424794,292.9883024570714,288.2790093714856,288.95037841796875,24361900
2022-04-11 00:00:00-04:00,283.9102673434165,284.7081008112232,277.303621862764,277.5566101074219,34569300
2022-04-12 00:00:00-04:00,281.42912208981386,282.888614889522,272.9154140915164,274.4430236816406,30966700
2022-04-13 00:00:00-04:00,275.0949136683169,280.7869112145309,273.70350811660876,279.85284423828125,21907200
2022-04-14 00:00:00-04:00,280.3101420210065,280.5242021209892,271.77698607253774,272.273193359375,28221600
2022-04-18 00:00:00-04:00,271.3781025319031,274.8322237129934,270.823488125662,272.9446105957031,20778000
2022-04-19 00:00:00-04:00,271.8354349204637,278.4420814007539,270.89162828042225,277.5955505371094,22297700
2022-04-20 00:00:00-04:00,281.58483666280904,281.87675307176863,277.66366675281404,278.6269226074219,22906700
2022-04-21 00:00:00-04:00,280.7869066754208,285.3794446334665,272.4969992966275,273.22674560546875,29454600
2022-04-22 00:00:00-04:00,274.07329041466824,275.5522621743124,265.99744184902704,266.6298828125,29405800
2022-04-25 00:00:00-04:00,265.9098737843962,273.5186738891718,263.4579068096184,273.13922119140625,35678900
2022-04-26 00:00:00-04:00,270.00619510672965,270.84295680987526,262.7087303741153,262.92279052734375,46518400
2022-04-27 00:00:00-04:00,274.4819663779026,283.11242950747317,271.6213579631091,275.57171630859375,63477700
2022-04-28 00:00:00-04:00,277.4885229014795,283.12217381828333,273.8592398616046,281.8086242675781,33646600
2022-04-29 00:00:00-04:00,280.8160851975912,282.0518079064076,269.0331294759327,270.02557373046875,37073900
2022-05-02 00:00:00-04:00,270.21050638231907,277.2452728288892,268.7607529412359,276.7879638671875,35151100
2022-05-03 00:00:00-04:00,276.29168497171645,276.45710720664414,272.58457595326684,274.1705627441406,25978600
2022-05-04 00:00:00-04:00,274.9587208572136,283.0248596977465,269.2569830130294,282.149169921875,33599300
2022-05-05 00:00:00-04:00,277.82903127964823,278.61715494116163,266.931474199446,269.8601989746094,43260400
2022-05-06 00:00:00-04:00,267.3887701432197,271.70887058639,263.94435931562117,267.3109436035156,37780300
2022-05-09 00:00:00-04:00,262.7670830134219,265.0049601103205,256.20910482547714,257.43505859375,47726000
2022-05-10 00:00:00-04:00,264.353091051066,266.3574589603686,257.91186702277696,262.22222900390625,39336400
2022-05-11 00:00:00-04:00,258.50534002670406,264.03194526036896,252.29762632198359,253.5138702392578,48975900
2022-05-12 00:00:00-04:00,250.7311664480598,252.86202857486174,243.26829412342852,248.45436096191406,51033800
2022-05-13 00:00:00-04:00,250.40031556437413,255.93666051521544,248.4543252039647,254.06849670410156,34925100
2022-05-16 00:00:00-04:00,252.93981157260347,258.64157860781677,248.87269896089347,254.438232421875,32550900
2022-05-17 00:00:00-04:00,258.9237150792665,261.0837654162938,255.37228885809023,259.61456298828125,28828800
2022-05-18 00:00:00-04:00,256.4937482385101,257.07891103112115,246.5168282817784,247.79441833496094,31356000
2022-05-19 00:00:00-04:00,247.61883298587716,251.29558705875314,245.64881591524403,246.8776397705078,32692300
2022-05-20 00:00:00-04:00,250.87622783351006,252.1440854849092,240.3434168359691,246.31201171875,39199300
2022-05-23 00:00:00-04:00,249.16950643437147,255.03082129109555,247.16045572428612,254.20184326171875,33175400
2022-05-24 00:00:00-04:00,251.5101740219883,254.86504582023227,247.22876223606562,253.19735717773438,29043900
2022-05-25 00:00:00-04:00,251.75407447144195,258.0347325612521,250.76905061104458,256.02569580078125,28547900
2022-05-26 00:00:00-04:00,255.78181755125436,260.50207954120907,254.962601479869,259.322021484375,25002100
2022-05-27 00:00:00-04:00,261.83821380945676,266.5779703332974,260.9409601490681,266.4804382324219,26910800
2022-05-31 00:00:00-04:00,265.7879631443274,267.97253895075033,262.2770164821384,265.144287109375,37827700
2022-06-01 00:00:00-04:00,268.3919506135823,270.8203419884705,263.35959819128334,265.68072509765625,25292200
2022-06-02 00:00:00-04:00,257.9078889871532,267.8555374038793,255.12838804622388,267.7872619628906,44008200
2022-06-03 00:00:00-04:00,263.6228914963181,266.6852264023087,261.76990089537674,263.3400573730469,28059000
2022-06-06 00:00:00-04:00,265.3296143204805,267.3971637281567,260.60935271212526,262.10150146484375,22400300
2022-06-07 00:00:00-04:00,260.0437404453891,266.37317805146677,259.3610454908683,265.7587585449219,22860700
2022-06-08 00:00:00-04:00,264.9882563323359,266.24635182283305,262.94020151963724,263.7204284667969,17372300
2022-06-09 00:00:00-04:00,261.1554626014085,265.9634935362594,258.0833955427108,258.23944091796875,26439700
2022-06-10 00:00:00-04:00,254.13361548711075,254.13361548711075,246.28277272145993,246.7313995361328,31422800
2022-06-13 00:00:00-04:00,239.04631605488257,242.85959159998848,235.55487854905925,236.26681518554688,46135800
2022-06-14 00:00:00-04:00,237.8272462038336,239.66074240251308,235.53537595548423,238.44166564941406,28651500
2022-06-15 00:00:00-04:00,242.16715053653422,248.98423293014517,240.3239071262525,245.53179931640625,33111700
2022-06-16 00:00:00-04:00,239.89479871100755,241.29917752971096,237.0080332559467,238.9097900390625,33169200
2022-06-17 00:00:00-04:00,238.64645000368492,244.30296882499619,237.99302668320328,241.52346801757812,43084800
2022-06-21 00:00:00-04:00,244.06887915094603,248.44780759397455,243.3374332012091,247.46279907226562,29928300
2022-06-22 00:00:00-04:00,245.65860562744965,250.807999765496,244.17620405920437,246.86793518066406,25939900
2022-06-23 00:00:00-04:00,249.24757279779442,252.95355435633138,247.35556322748175,252.45616149902344,25861400
2022-06-24 00:00:00-04:00,255.333239991249,261.35061722658685,255.24547001777495,261.0775451660156,33923200
2022-06-27 00:00:00-04:00,261.5749126322906,261.6626826072019,256.7668799544278,258.3370666503906,24615100
2022-06-28 00:00:00-04:00,257.4495317749188,260.3070407191202,249.97902539515218,250.13507080078125,27295500
2022-06-29 00:00:00-04:00,251.2175722545691,255.489221809158,249.43284216506697,253.821533203125,20069800
2022-06-30 00:00:00-04:00,250.69092282728204,253.10958173531176,246.64359410118547,250.4763641357422,31730900
2022-07-01 00:00:00-04:00,250.04726890657363,253.34362723066812,248.31129003294606,253.1583251953125,22837700
2022-07-05 00:00:00-04:00,249.8229717887662,256.4742618926065,248.43810234221337,256.34747314453125,22941000
2022-07-06 00:00:00-04:00,257.2252241415935,261.36032343408743,255.90861514607,259.6243591308594,23824400
2022-07-07 00:00:00-04:00,258.5612759029467,262.4038078774227,258.4637438186101,261.7601318359375,20859900
2022-07-08 00:00:00-04:00,258.2394568827498,261.4675695162726,256.7765648822066,261.0384521484375,19658800
2022-07-11 00:00:00-04:00,259.0782133051506,259.936448193075,255.69405468636,257.9664306640625,19455200
2022-07-12 00:00:00-04:00,259.3025102122522,259.36102351623987,245.80488089647312,247.39456176757812,35868500
2022-07-13 00:00:00-04:00,244.00062297935978,247.27750148823952,241.97207772326223,246.46803283691406,29497400
2022-07-14 00:00:00-04:00,244.37125617771787,248.8281930381069,239.85579113302134,247.79441833496094,25102800
2022-07-15 00:00:00-04:00,249.39383349907638,253.92879282199092,248.4673381932592,250.3690948486328,29774100
2022-07-18 00:00:00-04:00,253.32415823997417,254.3871896347029,247.03372494810176,247.96022033691406,20975000
2022-07-19 00:00:00-04:00,251.2078472862623,253.2949212090037,247.40433334015634,253.109619140625,25012600
2022-07-20 00:00:00-04:00,253.47044965735498,258.317500345286,252.50495032778068,255.7818145751953,22788300
2022-07-21 00:00:00-04:00,253.3631801140603,258.3370194554005,250.67144899136898,258.2882385253906,22404700
2022-07-22 00:00:00-04:00,258.6783482185144,258.76611818114594,252.66100148914163,253.9190673828125,21881300
2022-07-25 00:00:00-04:00,254.5432408625004,255.03087159212205,250.45689296726155,252.42691040039062,21056000
2022-07-26 00:00:00-04:00,253.43143867174322,253.4509629497861,243.39601928294323,245.66836547851562,39348000
2022-07-27 00:00:00-04:00,254.69926761568703,263.3693258768842,252.44641619082233,262.09173583984375,45994000
2022-07-28 00:00:00-04:00,263.0767468611036,270.9666075420693,261.2432507771247,269.5719909667969,33459300
2022-07-29 00:00:00-04:00,270.83008777613486,275.02369966023457,269.78655099255263,273.79486083984375,32152800
2022-08-01 00:00:00-04:00,270.94708323839257,274.3214787753171,269.0160552800659,271.13238525390625,21539600
2022-08-02 00:00:00-04:00,269.17219433618106,271.0154529964979,265.6417522014723,268.0213928222656,22754200
2022-08-03 00:00:00-04:00,269.91332207440206,276.4865735945541,269.76700907193407,275.4820556640625,23518900
2022-08-04 00:00:00-04:00,274.8286644195843,276.779187317559,273.2390132583336,276.6329040527344,18098700
2022-08-05 00:00:00-04:00,272.24420162439264,276.6328777271908,271.7858275964847,275.91119384765625,16774600
2022-08-08 00:00:00-04:00,277.0229904194802,278.8467542489701,272.41002301800336,273.3852844238281,18739200
2022-08-09 00:00:00-04:00,272.7220847897705,276.07695628719955,270.74227577451177,275.3162536621094,23405200
2022-08-10 00:00:00-04:00,281.04100128945737,282.6404139998681,279.8414194346945,282.0065002441406,24687800
2022-08-11 00:00:00-04:00,283.6547312438038,284.00581099627533,279.42210112866013,279.9194641113281,20065900
2022-08-12 00:00:00-04:00,281.34345870633274,284.6885986328125,279.8415476068973,284.6885986328125,22619700
2022-08-15 00:00:00-04:00,283.80109437758836,286.90241878136646,282.93309736302257,286.2099914550781,18085700
2022-08-16 00:00:00-04:00,284.76659105891446,286.7658949577714,283.23545314932466,285.4687805175781,18102900
2022-08-17 00:00:00-04:00,283.17198623113995,286.70016804395624,282.9081174942072,284.7161865234375,18253400
2022-08-18 00:00:00-04:00,283.61179052864287,285.2928016655223,282.5269372066345,283.5922546386719,17186200
2022-08-19 00:00:00-04:00,282.35102181549126,282.693093754076,279.08673867673383,279.6633605957031,20570000
2022-08-22 00:00:00-04:00,275.685659219277,276.057049965206,270.9358423970251,271.4538269042969,25061100
2022-08-23 00:00:00-04:00,270.17352294921875,272.53864848293165,269.15708983535205,270.17352294921875,17527400
2022-08-24 00:00:00-04:00,269.166908767681,270.94565949888363,268.8736913821474,269.5382995605469,18137000
2022-08-25 00:00:00-04:00,271.0433371485085,272.6950298023374,268.29703796509165,272.5289001464844,16583400
2022-08-26 00:00:00-04:00,272.7536500390362,273.9850972197535,261.90529472128685,262.0127868652344,27549300
2022-08-29 00:00:00-04:00,259.82356155223977,261.3384133088157,257.86889873044487,259.2176208496094,20338500
2022-08-30 00:00:00-04:00,260.6249574108069,260.9963182604333,254.75118660669278,257.0088195800781,22767100
2022-08-31 00:00:00-04:00,259.37399895593006,261.0549803596485,255.40600596499164,255.5428466796875,24791800
2022-09-01 00:00:00-04:00,253.00178492097177,254.97601351687422,249.62022649219443,254.49710083007812,23263400
2022-09-02 00:00:00-04:00,255.76768814650936,258.7387546952369,248.70157003802373,250.25552368164062,22855400
2022-09-06 00:00:00-04:00,250.39235632621703,251.98538170723285,246.22891435758206,247.50921630859375,21328200
2022-09-07 00:00:00-04:00,248.92633346068814,252.9627024699416,247.4798869965814,252.23948669433594,24126700
2022-09-08 00:00:00-04:00,251.67267486738547,254.5264664937185,249.01431675656787,252.65975952148438,20319900
2022-09-09 00:00:00-04:00,254.59486338577113,259.2176522567017,254.38963211583717,258.465087890625,22084700
2022-09-12 00:00:00-04:00,259.75519501846236,261.3873519362025,259.14925419027657,260.60546875,18747700
2022-09-13 00:00:00-04:00,252.97248284897586,254.49711760874706,245.8868294468606,246.27777099609375,33353300
2022-09-14 00:00:00-04:00,247.78285007642683,248.46697913300935,244.1960453177988,246.50254821777344,23913000
2022-09-15 00:00:00-04:00,244.1080964445823,245.7011366717456,238.4884402386865,239.81761169433594,31530900
2022-09-16 00:00:00-04:00,238.72300877145491,239.7394419761352,236.57288225633417,239.192138671875,39791800
2022-09-19 00:00:00-04:00,236.97354891946136,239.58302200280383,235.39027680241838,238.97708129882812,26826900
2022-09-20 00:00:00-04:00,236.58263419492624,237.9899789735556,234.20771098725592,236.95401000976562,26660300
2022-09-21 00:00:00-04:00,238.73279757620236,242.04595115182389,233.48451666717938,233.53338623046875,28625600
2022-09-22 00:00:00-04:00,232.47783250945622,238.33205339630862,232.18464499812544,235.517333984375,31061200
2022-09-23 00:00:00-04:00,234.10999046186149,235.66395894381048,229.86837515858966,232.52671813964844,34176000
2022-09-26 00:00:00-04:00,231.67642567591042,235.97667813661488,231.52981700911016,232.06735229492188,27694200
2022-09-27 00:00:00-04:00,234.5399839031585,236.3187341995396,229.18421203629993,231.05091857910156,27018700
2022-09-28 00:00:00-04:00,231.44187435188914,236.83674850593616,229.40902300524974,235.60531616210938,29029700
2022-09-29 00:00:00-04:00,233.47473170328885,234.5107007527724,229.0962905663997,232.11624145507812,27484200
2022-09-30 00:00:00-04:00,232.88829919380572,235.08729490470347,227.45433884538363,227.6204833984375,35694800
2022-10-03 00:00:00-04:00,230.07362736394273,236.13308008615962,229.34062868997546,235.28280639648438,28880400
2022-10-04 00:00:00-04:00,239.53417129307422,244.6847124207283,239.42666423266377,243.23826599121094,34888400
2022-10-05 00:00:00-04:00,240.41378432536368,244.8997323923168,238.56662836174206,243.55101013183594,20347100
2022-10-06 00:00:00-04:00,242.30977491236527,244.66514724389015,240.50172070989598,241.19561767578125,20239900
2022-10-07 00:00:00-04:00,235.43914629265618,235.84963863538212,227.88437816875282,228.9301300048828,37769600
2022-10-10 00:00:00-04:00,227.76710045738744,229.24286559802218,221.59035845242354,224.05323791503906,29743600
2022-10-11 00:00:00-04:00,222.46021800984508,223.8675779251505,219.0297894009609,220.30032348632812,30474000
2022-10-12 00:00:00-04:00,220.29051163189263,222.69475365624942,218.8831668147149,220.63258361816406,21903900
2022-10-13 00:00:00-04:00,214.86633068031122,230.74796714436056,214.16265082548793,228.9301300048828,42551800
2022-10-14 00:00:00-04:00,230.20066086081096,231.86213638380053,223.16387686265688,223.37889099121094,30198600
2022-10-17 00:00:00-04:00,230.474309900326,233.54313005951505,229.80971675903513,232.14553833007812,28142300
2022-10-18 00:00:00-04:00,237.7261080934971,238.40045426951124,230.03449941447604,233.0935516357422,26329600
2022-10-19 00:00:00-04:00,231.6666728094657,234.1784221461231,228.97901094534726,231.11936950683594,19985700
2022-10-20 00:00:00-04:00,230.42545339204614,235.83986337471225,229.54584608873026,230.7968292236328,21811000
2022-10-21 00:00:00-04:00,229.41878905305603,237.4915414301466,229.18422413732256,236.63148498535156,26299700
2022-10-24 00:00:00-04:00,238.23431048465042,242.22182461699984,235.83008345271128,241.64520263671875,24911200
2022-10-25 00:00:00-04:00,241.654984441584,245.349296366253,240.25740753672832,244.97792053222656,34775500
2022-10-26 00:00:00-04:00,225.92973104246838,232.89810971731717,224.84489243304628,226.0763397216797,82543200
2022-10-27 00:00:00-04:00,225.80267001633032,228.39260751726937,220.66191153974984,221.60992431640625,40424600
2022-10-28 00:00:00-04:00,221.11145654439707,231.23661022693133,220.92576119633188,230.5231475830078,40647700
2022-10-31 00:00:00-04:00,228.46100590128756,229.59471401953846,225.91017009167064,226.8679656982422,28357300
2022-11-01 00:00:00-04:00,229.28196004781836,230.39611728444083,222.1767563573702,222.99771118164062,30592300
2022-11-02 00:00:00-04:00,224.2584955561427,226.0567819611401,215.05201957945258,215.1106719970703,38407000
2022-11-03 00:00:00-04:00,215.100876903244,215.4136301278351,209.1293811013709,209.3932647705078,36633900
2022-11-04 00:00:00-04:00,212.61843491955014,216.56684695142073,208.59181967843688,216.3713836669922,36789100
2022-11-07 00:00:00-05:00,216.95784447375866,223.2323114758451,216.263932484972,222.7045440673828,33498000
2022-11-08 00:00:00-05:00,223.51572493107818,226.3988500523262,220.72055607119086,223.68186950683594,28192500
2022-11-09 00:00:00-05:00,222.21585343877905,223.44730064563345,219.2447723065567,219.42068481445312,27852900
2022-11-10 00:00:00-05:00,230.09317399481205,237.81410266862042,229.67292856031773,237.47203063964844,46268000
2022-11-11 00:00:00-05:00,237.4817912465408,242.36844884310648,236.44580730923667,241.50839233398438,34620200
2022-11-14 00:00:00-05:00,236.50446062924806,238.38093536393862,233.7874801882267,236.07443237304688,31123300
2022-11-15 00:00:00-05:00,240.09126475202578,241.40088540956577,234.58888352299294,236.4849090576172,31390100
2022-11-16 00:00:00-05:00,237.95504158257705,238.94493788153557,235.63224285834698,236.91615295410156,24093300
2022-11-17 00:00:00-05:00,233.04481287972584,238.40588369087442,232.89780598377683,236.8671417236328,23123500
2022-11-18 00:00:00-05:00,238.66068011299015,238.8861106072978,234.26990005731673,236.41629028320312,27613500
2022-11-21 00:00:00-05:00,236.6221187103959,239.79760223640238,236.3869076784183,237.2297821044922,26394700
2022-11-22 00:00:00-05:00,238.73911037416417,240.42485924499852,235.9164732746815,240.1504364013672,19665700
2022-11-23 00:00:00-05:00,240.2288147274977,243.3356847079872,239.40554630056928,242.64962768554688,19508500
2022-11-25 00:00:00-05:00,242.3849781747455,243.74729662142707,241.8165267067526,242.5614013671875,9200800
2022-11-28 00:00:00-05:00,241.17948822044693,241.73812928679584,236.0046369772741,236.9455108642578,24778200
2022-11-29 00:00:00-05:00,236.59269030692607,237.95500887957246,233.46622937626154,235.54400634765625,17956300
2022-11-30 00:00:00-05:00,235.7792545679253,250.2453159899474,235.08338705062414,250.05909729003906,47594200
2022-12-01 00:00:00-05:00,248.8143492893829,251.01954209148104,245.92309949539396,249.61802673339844,26041500
2022-12-02 00:00:00-05:00,244.84503942303994,250.96076518615746,244.71762348466754,249.9414825439453,21528500
2022-12-05 00:00:00-05:00,246.99140582736436,248.76537360672083,243.12007008463186,245.2174530029297,23435300
2022-12-06 00:00:00-05:00,245.82510213120872,246.84438467771187,238.92529043746708,240.2386016845703,22463700
2022-12-07 00:00:00-05:00,239.9544013330992,241.25791720433986,237.386581396251,239.50355529785156,20481500
2022-12-08 00:00:00-05:00,239.96421867204762,243.78656250376164,238.21966703546897,242.47323608398438,22611800
2022-12-09 00:00:00-05:00,239.8269756263799,243.36508571705198,239.29773591127204,240.5326385498047,20609700
2022-12-12 00:00:00-05:00,242.52221385109104,247.51084668836435,242.24779103974268,247.4814453125,30665100
2022-12-13 00:00:00-05:00,256.47864827094884,258.6642503117867,248.0303136951813,251.80364990234375,42196900
2022-12-14 00:00:00-05:00,252.00949788257842,257.36075864137047,249.24564840446928,252.0977020263672,35410900
2022-12-15 00:00:00-05:00,248.66737347549784,249.1378104779901,242.41442120789245,244.05116271972656,35560400
2022-12-16 00:00:00-05:00,243.60031603967155,244.8646200764153,238.66067548722324,239.8171844482422,86102000
2022-12-19 00:00:00-05:00,239.98380294125394,240.32683894372457,233.95628142011975,235.66162109375,29696400
2022-12-20 00:00:00-05:00,234.63252639957287,238.07263700939967,233.67204653626635,236.9847412109375,25150800
2022-12-21 00:00:00-05:00,236.87693717521168,240.72866715475755,235.32839983113104,239.56236267089844,23690600
2022-12-22 00:00:00-05:00,236.45548020048759,237.17095355808544,229.21264718155905,233.44662475585938,28651700
2022-12-23 00:00:00-05:00,231.40802569424895,234.11305673106594,229.28124160743482,233.97584533691406,21207000
2022-12-27 00:00:00-05:00,233.94645897077334,234.17187449957135,231.13361773276105,232.24111938476562,16688600
2022-12-28 00:00:00-05:00,232.17253073557336,234.946175417895,229.5066960923145,229.85952758789062,17457100
2022-12-29 00:00:00-05:00,230.95720418697826,237.102346111506,230.95720418697826,236.21046447753906,19770700
2022-12-30 00:00:00-05:00,233.46625067853594,235.18140087026654,231.94711466058996,235.044189453125,21938500
2023-01-03 00:00:00-05:00,238.23926029311136,240.8560876090647,232.67236512033801,234.8089599609375,25740000
2023-01-04 00:00:00-05:00,227.65433977112923,228.23258683276063,221.46020498304858,224.5376739501953,50623400
2023-01-05 00:00:00-05:00,222.67549253701173,223.01852855170435,217.3438233498918,217.88287353515625,39585600
2023-01-06 00:00:00-05:00,218.55912524866,221.26415657200155,214.98181819404755,220.45068359375,43613600
2023-01-09 00:00:00-05:00,221.94040552762866,226.63502444247789,221.90120867948417,222.59706115722656,27369800
2023-01-10 00:00:00-05:00,223.2243130221081,226.70362023833323,222.80288335065225,224.29261779785156,27033900
2023-01-11 00:00:00-05:00,226.6840190600621,231.2512220935921,226.50761080924343,231.07481384277344,28669300
2023-01-12 00:00:00-05:00,230.57499017345114,235.1225878893982,228.9088472303744,233.76026916503906,27269500
2023-01-13 00:00:00-05:00,232.2803248107226,234.60312327325482,230.2417446380463,234.46591186523438,21333300
2023-01-17 00:00:00-05:00,233.2310201495425,236.11247480825548,232.36853985579916,235.56362915039062,29831300
2023-01-18 00:00:00-05:00,236.7593170496167,237.55318409838128,230.8297953902502,231.114013671875,30028700
2023-01-19 00:00:00-05:00,229.12445928470314,230.82981397653035,226.08618729413027,227.31129455566406,28623000
2023-01-20 00:00:00-05:00,230.18294271909866,235.94585178667532,229.8399067203441,235.4362030029297,35389800
2023-01-23 00:00:00-05:00,236.2986837989115,240.28762508379944,234.87754747647304,237.74920654296875,31934000
2023-01-24 00:00:00-05:00,237.67081677077388,239.09193825120215,235.65184232831297,237.219970703125,40234400
2023-01-25 00:00:00-05:00,229.81052003551318,238.45488418950694,226.30181098777524,235.81845092773438,66526600
2023-01-26 00:00:00-05:00,238.79793005146374,243.3651340589333,237.18079425442605,243.06130981445312,33454500
2023-01-27 00:00:00-05:00,244.0315668744898,244.85483535106292,241.9145779733684,243.2180938720703,26498900
2023-01-30 00:00:00-05:00,239.64074443439745,240.70904919223483,237.37674890448233,237.87660217285156,25867400
2023-01-31 00:00:00-05:00,238.60188632556014,243.01227244971068,238.11184342287675,242.87506103515625,26541100
2023-02-01 00:00:00-05:00,243.0612674641444,250.09827601317127,240.58165169810152,247.7166748046875,31259900
2023-02-02 00:00:00-05:00,253.66585389177882,259.41895365843123,252.12711176503356,259.33074951171875,39940400
2023-02-03 00:00:00-05:00,254.3714588308541,258.93866192348526,251.9800472560027,253.2051544189453,29077300
2023-02-06 00:00:00-05:00,252.31328684712523,253.1561462653794,249.7062550702165,251.6566162109375,22518000
2023-02-07 00:00:00-05:00,255.34177832539393,263.41767657007773,254.90072770646373,262.2317810058594,50841400
2023-02-08 00:00:00-05:00,267.7594297078376,271.2485324657394,260.9086102109095,261.41827392578125,54686000
2023-02-09 00:00:00-05:00,268.3474748100803,268.5239129821001,257.5665312216428,258.3702087402344,42375100
2023-02-10 00:00:00-05:00,256.32182338936,258.8308405007959,255.46915357779656,257.8605651855469,25818500
2023-02-13 00:00:00-05:00,262.31016177286494,269.1315501475347,261.82989942164016,265.9168701171875,44630900
2023-02-14 00:00:00-05:00,267.23998181637864,269.49416696950243,263.9174769262478,266.74993896484375,37047900
2023-02-15 00:00:00-05:00,263.63531822248893,266.0032448214542,261.53266680835156,264.61785888671875,28922400
2023-02-16 00:00:00-05:00,259.41034406969123,262.08285555326694,257.3273629104609,257.572998046875,29603600
2023-02-17 00:00:00-05:00,254.86117789457606,255.54893820840482,251.5303514263651,253.55438232421875,30000100
2023-02-21 00:00:00-05:00,250.03692573640924,251.02930132977812,247.1973840242919,248.25852966308594,28397400
2023-02-22 00:00:00-05:00,249.6537463098398,249.89938146855127,245.9692189291674,247.11878967285156,22491100
2023-02-23 00:00:00-05:00,251.0980693615476,252.35572011024465,246.1067613934901,250.32186889648438,29219100
2023-02-24 00:00:00-05:00,245.59585986981725,246.6176955175455,243.7683337176813,244.8687744140625,24990900
2023-02-27 00:00:00-05:00,248.05220476132266,248.40591997457756,245.03579794379073,245.7923583984375,21190000
2023-02-28 00:00:00-05:00,244.72138164422634,247.09912797283138,244.38730646348327,245.0652618408203,22491000
2023-03-01 00:00:00-05:00,246.38188908047658,246.54891919262562,241.49866082910683,241.9702911376953,27565300
2023-03-02 00:00:00-05:00,242.24538633521718,247.01069921844766,241.3217957785109,246.72576904296875,24808200
2023-03-03 00:00:00-05:00,247.78691211765954,251.15701912226012,247.00087665249143,250.83277893066406,30760100
2023-03-06 00:00:00-05:00,251.9528878516763,255.57846519382255,251.5107475643761,252.3852081298828,24109800
2023-03-07 00:00:00-05:00,251.8251332062513,253.19087897555727,248.96595157458177,249.71267700195312,21473200
2023-03-08 00:00:00-05:00,249.60458324475294,250.0958534971569,246.43098161208934,249.27052307128906,17340200
2023-03-09 00:00:00-05:00,251.35354977883682,255.02824211967837,247.18757213332034,247.91465759277344,26653400
2023-03-10 00:00:00-05:00,246.69630267915912,248.3764387573187,243.27706549156017,244.24977111816406,28333900
2023-03-13 00:00:00-04:00,243.08054062729633,253.4070520212103,241.43969960963778,249.48670959472656,33339700
2023-03-14 00:00:00-04:00,252.2672832007519,256.511865522419,251.392822721387,256.23675537109375,33620300
2023-03-15 00:00:00-04:00,255.4408794785609,261.82739246589193,254.68430413443372,260.8055419921875,46028000
2023-03-16 00:00:00-04:00,260.5796041680503,271.73144683254515,258.68330786057317,271.37774658203125,54768800
2023-03-17 00:00:00-04:00,273.4017747809038,278.38323315935025,271.49564349381546,274.55133056640625,69527400
2023-03-20 00:00:00-04:00,272.14408779839806,272.63535806521134,265.13856899607947,267.4770202636719,43466600
2023-03-21 00:00:00-04:00,270.08077016032206,270.19867023704575,264.814336850172,268.9999694824219,34558700
2023-03-22 00:00:00-04:00,268.6265552227389,276.13317871461095,267.4278546645775,267.53594970703125,34873300
2023-03-23 00:00:00-04:00,273.0873355091436,276.15285736950943,270.39518387262524,272.8122253417969,36610900
2023-03-24 00:00:00-04:00,272.39954031928613,275.7303672722425,270.47376918164593,275.6714172363281,28172000
2023-03-27 00:00:00-04:00,275.60262774915475,276.54585829331256,270.70956495396155,271.5545654296875,26840200
2023-03-28 00:00:00-04:00,270.9748724204844,271.318767617221,267.30015029600474,270.4246520996094,21878600
2023-03-29 00:00:00-04:00,274.08953179203525,276.2314932010779,273.54914642752533,275.61248779296875,25087000
2023-03-30 00:00:00-04:00,279.26754783515247,279.4935130009522,276.56556096936856,279.0906677246094,25053400
2023-03-31 00:00:00-04:00,278.77623109227005,284.2194839558922,278.05896572186725,283.26641845703125,32766000
2023-04-03 00:00:00-04:00,281.5175539489557,283.23700019459676,278.99244710806266,282.2151794433594,24883300
2023-04-04 00:00:00-04:00,282.21509960238774,285.37888099869804,280.68233892439935,282.16595458984375,25824300
2023-04-05 00:00:00-04:00,280.8592256779027,282.1365164147506,277.98038902724386,279.3755798339844,22064800
2023-04-06 00:00:00-04:00,278.26534956257757,286.98048097168265,277.10595870662456,286.5088806152344,29770300
2023-04-10 00:00:00-04:00,284.1605222699036,284.54372744768915,279.7390901341014,284.33740234375,23103000
2023-04-11 00:00:00-04:00,280.76099975689954,280.98699490817353,276.72277194835743,277.8919677734375,27276600
2023-04-12 00:00:00-04:00,279.81775661090296,281.9989980260232,277.0371498147004,278.5404357910156,27403400
2023-04-13 00:00:00-04:00,278.6386627592207,284.83849104810594,278.22601253185434,284.779541015625,24222700
2023-04-14 00:00:00-04:00,281.9891661216718,283.443337075977,278.7369589738927,281.1441955566406,20987900
2023-04-17 00:00:00-04:00,284.8679660158174,286.50882187894223,281.1637990466979,283.7576904296875,23836200
2023-04-18 00:00:00-04:00,286.479408449853,286.6660935877299,281.9990251103345,283.33526611328125,20161800
2023-04-19 00:00:00-04:00,280.99674714768076,284.003318669782,279.5720814178553,283.413818359375,17150300
2023-04-20 00:00:00-04:00,280.2697449359228,283.98374771850524,280.1026998175116,281.1147155761719,23244400
2023-04-21 00:00:00-04:00,280.03387709676457,281.271857735347,278.11791113062174,280.7707824707031,21676400
2023-04-24 00:00:00-04:00,277.16491461889643,279.974996736199,273.85375711225953,276.8504943847656,26611000
2023-04-25 00:00:00-04:00,274.6299462973571,276.6834526548498,270.56221361928937,270.6113586425781,45772200
2023-04-26 00:00:00-04:00,291.51977783190284,294.3396642643892,287.61909085436344,290.2129821777344,64599200
2023-04-27 00:00:00-04:00,290.8024882845063,299.87134712373717,290.095057985203,299.5077819824219,46462600
2023-04-28 00:00:00-04:00,298.70215950112447,303.53624217197233,298.0143691284371,301.8954162597656,36469600
2023-05-01 00:00:00-04:00,301.6104834742064,303.21202941946285,299.82225241970167,300.22509765625,21294100
2023-05-02 00:00:00-04:00,302.38673543104494,303.78192643359597,298.6039477390434,300.0777587890625,26404400
2023-05-03 00:00:00-04:00,301.2666297741827,303.22187620540313,298.78080296018044,299.08538818359375,22360800
2023-05-04 00:00:00-04:00,300.8932543767775,302.38673543104494,298.10284238691287,300.0777587890625,22519900
2023-05-05 00:00:00-04:00,300.38233895103525,306.52321822274723,298.95764296609326,305.22625732421875,28197100
2023-05-08 00:00:00-04:00,304.71534040836775,304.78412545107415,300.74586773679005,303.26116943359375,21318600
2023-05-09 00:00:00-04:00,302.62252479578075,304.6269161479535,300.9620286732827,301.6399841308594,21340800
2023-05-10 00:00:00-04:00,303.2317220316603,307.5352553222301,302.29832630828196,306.8572998046875,30078000
2023-05-11 00:00:00-04:00,304.68584317708854,305.6880237851026,300.9128909069213,304.6956481933594,31680200
2023-05-12 00:00:00-04:00,305.1279624328462,305.226222486931,301.2469451669451,303.5755615234375,19774700
2023-05-15 00:00:00-04:00,303.7033066112777,304.48932710036144,302.2196607045156,304.0570068359375,16336500
2023-05-16 00:00:00-04:00,304.4205544655897,308.23281696097433,304.4205544655897,306.2972106933594,26730300
2023-05-17 00:00:00-04:00,307.5083603764243,309.61557800525054,305.9820752690315,309.1921691894531,24315000
2023-05-18 00:00:00-04:00,309.71404716104996,314.1550015459057,308.91645194585186,313.6429443359375,27276000
2023-05-19 00:00:00-04:00,311.8902211734482,313.8694546447181,311.5258912419883,313.4657287597656,27546700
2023-05-22 00:00:00-04:00,313.72175450256833,317.6506519061972,313.1407919076932,316.2622375488281,24115700
2023-05-23 00:00:00-04:00,315.129844956525,317.7786593037001,310.4230353450579,310.4328918457031,30797200
2023-05-24 00:00:00-04:00,309.9110253250696,311.6539131682788,307.82346044326306,309.04449462890625,23384900
2023-05-25 00:00:00-04:00,318.29069949526894,321.89466299286516,315.10031838769214,320.9296875,43301700
2023-05-26 00:00:00-04:00,319.05872682002087,328.29510888578733,318.9208860691988,327.7929382324219,36630600
2023-05-30 00:00:00-04:00,330.0971389039491,330.59930960813324,325.45923440138364,326.138671875,29503100
2023-05-31 00:00:00-04:00,327.2021566585661,330.79626374577583,322.3180799641337,323.36187744140625,45950600
2023-06-01 00:00:00-04:00,320.9395286349785,328.42316754915356,319.74806391564715,327.4877014160156,26773900
2023-06-02 00:00:00-04:00,329.13214056975426,332.3323782865881,327.45815805159447,330.2645263671875,25873800
2023-06-05 00:00:00-04:00,330.0873181624058,333.3761745248897,329.535894942966,330.7962951660156,21307100
2023-06-06 00:00:00-04:00,330.19559188251617,330.2349878378433,327.08400256878656,328.57086181640625,20396200
2023-06-07 00:00:00-04:00,326.57192107899317,329.36843269361947,317.5620276985379,318.4285583496094,40717100
2023-06-08 00:00:00-04:00,318.97998914840355,321.6386600689706,318.3990265502694,320.27978515625,23277700
2023-06-09 00:00:00-04:00,320.0138891984146,324.9373314399376,319.44278312053285,321.7863464355469,22529000
2023-06-12 00:00:00-04:00,323.5489094811682,327.01503196954405,320.1812918956647,326.76885986328125,24260300
2023-06-13 00:00:00-04:00,329.34874549714056,331.82032311090893,325.3312298625047,329.1715087890625,22951300
2023-06-14 00:00:00-04:00,329.22070903288545,333.84875643436436,327.71413701500904,332.1747741699219,26003800
2023-06-15 00:00:00-04:00,332.312663682813,344.48339830870674,332.0369521231739,342.7700500488281,38899100
2023-06-16 00:00:00-04:00,345.94077969470817,346.088476963345,336.71425302671787,337.0884094238281,46552000
2023-06-20 00:00:00-04:00,334.1146796290697,336.84225617717664,330.7174920084204,332.87396240234375,26375400
2023-06-21 00:00:00-04:00,331.21967006940366,332.55886207227235,326.9855214866997,328.45269775390625,25117800
2023-06-22 00:00:00-04:00,329.0041394344266,334.91227084067236,328.236083553627,334.508544921875,23556800
2023-06-23 00:00:00-04:00,329.2404218291187,332.78530632497916,328.34438176725655,329.89031982421875,23146900
2023-06-26 00:00:00-04:00,328.61026513447996,330.9636551501701,323.4603331837818,323.56866455078125,21520600
2023-06-27 00:00:00-04:00,326.77873793533746,331.0030603602188,324.2579375730142,329.447265625,24354100
2023-06-28 00:00:00-04:00,329.53582946293454,332.80500222166694,328.6988382978553,330.7076110839844,20259500
2023-06-29 00:00:00-04:00,329.5851008516896,330.9636588312666,327.52710535890856,329.9198913574219,16997000
2023-06-30 00:00:00-04:00,332.5785468035808,337.48230643910676,332.0369801390501,335.3258361816406,26832800
2023-07-03 00:00:00-04:00,333.99651867597373,335.68032771766394,331.41663942897316,332.81488037109375,12508700
2023-07-05 00:00:00-04:00,329.95929792812643,336.4188527119141,329.60482445782264,332.9724426269531,18172400
2023-07-06 00:00:00-04:00,332.13543251111116,337.73831270755437,330.3630051592924,336.0446472167969,28161200
2023-07-07 00:00:00-04:00,334.1244923820167,336.5566740578288,331.84000796378285,332.056640625,21214800
2023-07-10 00:00:00-04:00,329.4767516660907,330.0971101793497,322.5740762190043,326.7491455078125,32791400
2023-07-11 00:00:00-04:00,325.99098010741216,327.7634074291619,321.9931471069892,327.37939453125,26698200
2023-07-12 00:00:00-04:00,331.4461072447918,336.418771431549,330.5303542841128,332.03692626953125,29995300
2023-07-13 00:00:00-04:00,334.3608505171208,338.47684155339823,333.82911027190704,337.41339111328125,20567200
2023-07-14 00:00:00-04:00,342.2678814702268,346.0490818076083,339.0381043039025,339.953857421875,28352700
2023-07-17 00:00:00-04:00,340.3870878805487,341.67702731455745,336.96039139033553,340.43634033203125,20363900
2023-07-18 00:00:00-04:00,340.5348083176435,361.1640442664553,336.9308748774754,353.98565673828125,64738600
2023-07-19 00:00:00-04:00,356.21107416498864,356.9101946041354,347.04362639492615,349.6431884765625,39732900
2023-07-20 00:00:00-04:00,348.1563239681224,352.4889474054873,340.0818661596131,341.55889892578125,33778400
2023-07-21 00:00:00-04:00,343.80400747725736,344.9363933202969,334.6267028122205,338.5063781738281,69405400
2023-07-24 00:00:00-04:00,340.5544955279168,341.60811934772215,337.0686901125497,339.8258056640625,26678100
2023-07-25 00:00:00-04:00,341.79521773437693,346.50205770801625,339.78647478990905,345.6059875488281,41637700
2023-07-26 00:00:00-04:00,336.21205623429853,339.3926110246211,328.00958389884386,332.5982360839844,58383700
2023-07-27 00:00:00-04:00,335.2666957123971,336.10365675838614,324.01168518519313,325.6561279296875,39635300
2023-07-28 00:00:00-04:00,328.5610081960286,334.80392936037714,328.06866397123474,333.18902587890625,28484900
2023-07-31 00:00:00-04:00,331.7612693303981,332.52932517386967,328.2557505534437,330.7765808105469,25446000
2023-08-01 00:00:00-04:00,330.0577387535238,333.3564512189415,328.5905625133595,331.19012451171875,18311900
2023-08-02 00:00:00-04:00,328.5216498452857,328.5216498452857,321.3629447652297,322.4855041503906,27761300
2023-08-03 00:00:00-04:00,321.00842722740435,324.82902313251566,320.9592048261729,321.6583251953125,18253700
2023-08-04 00:00:00-04:00,326.7984288690622,330.00852304114176,322.229459739469,322.7611999511719,23741500
2023-08-07 00:00:00-04:00,323.3421327167684,326.0401693802271,322.5051415469907,325.05548095703125,17741500
2023-08-08 00:00:00-04:00,321.95371777438714,323.716318462382,318.0543600406065,321.0576477050781,22327600
2023-08-09 00:00:00-04:00,321.4712425475284,322.101427535395,316.134217875359,317.2961730957031,22373300
2023-08-10 00:00:00-04:00,321.02809609784106,323.23381851196274,316.26220792584803,317.98541259765625,20113700
2023-08-11 00:00:00-04:00,315.3563627423326,317.4734371020371,314.32242174086554,316.0948791503906,24355500
2023-08-14 00:00:00-04:00,316.4690422541551,319.0981436446772,315.1790727103108,319.0784606933594,18836100
2023-08-15 00:00:00-04:00,318.05435241024975,320.112347555103,315.98650076532334,316.9317932128906,16966300
2023-08-16 00:00:00-04:00,316.55684316556676,320.1289875880266,315.57006992613054,316.1621398925781,20698900
2023-08-17 00:00:00-04:00,316.3003145091052,317.6127097168365,312.02756935768224,312.688720703125,21257200
2023-08-18 00:00:00-04:00,310.3303374450524,314.1689001847318,307.429221422088,312.2940368652344,24755000
2023-08-21 00:00:00-04:00,313.7248225983837,318.50080167384647,312.84661003586535,317.6225891113281,24040000
2023-08-22 00:00:00-04:00,321.19474589615413,321.76706122549984,317.2081728761711,318.1949462890625,16084600
2023-08-23 00:00:00-04:00,319.5369338888436,324.8457790055064,319.18167984531766,322.67486572265625,21166400
2023-08-24 00:00:00-04:00,328.44749892606876,328.57578427329713,315.7279766344483,315.73785400390625,23281400
2023-08-25 00:00:00-04:00,317.21800107114086,321.05653339298726,314.58330321702437,318.7080383300781,21684100
2023-08-28 00:00:00-04:00,321.3525852347555,321.83609449836024,317.46469615983295,319.41851806640625,14808500
2023-08-29 00:00:00-04:00,317.6225946985404,324.6286911530099,317.6225946985404,324.06622314453125,19284600
2023-08-30 00:00:00-04:00,324.32275414606715,325.447659911419,322.1321164830898,324.441162109375,15222100
2023-08-31 00:00:00-04:00,324.84582185633815,326.53319597235986,322.45781693019813,323.42486572265625,26411000
2023-09-01 00:00:00-04:00,326.9278705558269,327.5988691949411,322.45778856177515,324.31292724609375,14942000
2023-09-05 00:00:00-04:00,324.64837765053704,330.42100680175923,324.31287838153,329.13818359375,18553900
2023-09-06 00:00:00-04:00,328.97049848276976,330.03620043198475,325.81281177247035,328.47711181640625,17535800
2023-09-07 00:00:00-04:00,326.9081387064647,328.67444125152036,324.67802138664604,325.54638671875,18381000
2023-09-08 00:00:00-04:00,325.72395862384866,331.71367911357964,325.1022866960148,329.8486633300781,19530100
2023-09-11 00:00:00-04:00,332.779430943847,333.94384636953174,330.9933736107888,333.4701843261719,16583300
2023-09-12 00:00:00-04:00,331.3782249333898,332.33539626234364,327.09563232037993,327.38177490234375,17565500
2023-09-13 00:00:00-04:00,326.92781766085665,332.3945494732388,326.7896850758268,331.614990234375,16544400
2023-09-14 00:00:00-04:00,334.6641837585193,336.3515577961035,332.11832170381217,334.22015380859375,20267000
2023-09-15 00:00:00-04:00,332.46368837349866,332.93732030579133,325.28982688834475,325.852294921875,37679800
2023-09-18 00:00:00-04:00,323.46429752319824,326.02991429912345,322.04334146619146,324.7076416015625,16834200
2023-09-19 00:00:00-04:00,321.8558307484151,325.0332416851502,320.21778360821713,324.3030090332031,16505900
2023-09-20 00:00:00-04:00,325.1517024368806,325.2306310562654,316.27074211639325,316.52728271484375,21436500
2023-09-21 00:00:00-04:00,315.03726246226876,321.04670841856864,310.8335984468154,315.3036804199219,35560400
2023-09-22 00:00:00-04:00,317.06994529305473,317.1982306165379,311.96831502624707,312.81695556640625,21447900
2023-09-25 00:00:00-04:00,312.40254967459873,313.4682816827549,310.83358377019226,313.3399963378906,17836000
2023-09-26 00:00:00-04:00,310.9618867351327,311.70196673842554,305.91945932011913,308.0114440917969,26297600
2023-09-27 00:00:00-04:00,308.16929263193225,310.1428392517049,305.593828747816,308.65283203125,19410100
2023-09-28 00:00:00-04:00,306.87663419975775,311.30726701468535,305.35702492417727,309.4916076660156,19683600
2023-09-29 00:00:00-04:00,313.5472160333315,315.24446731366316,310.81386483371,311.57366943359375,24147300
2023-10-02 00:00:00-04:00,312.09666228896396,317.6324762351651,311.0112056216763,317.54364013671875,20570000
2023-10-03 00:00:00-04:00,316.5864380793077,317.1390587858504,307.09368454641833,309.244873046875,21033500
2023-10-04 00:00:00-04:00,309.87639563246836,315.80691237012786,309.8467936401809,314.7411804199219,20720100
2023-10-05 00:00:00-04:00,314.86947683543065,315.74771949407113,310.73489445489207,315.1358947753906,16965600
2023-10-06 00:00:00-04:00,312.36306369557445,324.8358921681667,312.1163703803469,322.9314270019531,25673600
2023-10-09 00:00:00-04:00,320.45460260529177,325.9311819206421,318.9053614253998,325.4575500488281,19891200
2023-10-10 00:00:00-04:00,326.5824626080448,326.72062531613193,323.3360003351507,324.0464782714844,20557100
2023-10-11 00:00:00-04:00,326.82917598535187,328.4178966562557,324.786578142663,328.023193359375,20063200
2023-10-12 00:00:00-04:00,326.19768402743284,329.2172081664268,324.37214724843665,326.7798767089844,19313100
2023-10-13 00:00:00-04:00,327.9837231000112,329.414526355163,322.0433284012077,323.3952331542969,21072400
2023-10-16 00:00:00-04:00,326.6712993129767,331.6940020700412,326.22726938220796,328.24029541015625,22158000
2023-10-17 00:00:00-04:00,325.23063727753015,329.0494454701595,323.0794785194293,327.66796875,18338500
2023-10-18 00:00:00-04:00,328.0922386062229,331.15124180050987,323.95765614917667,325.74371337890625,23153600
2023-10-19 00:00:00-04:00,327.75672215339745,332.42417036991503,326.53313298528315,326.9377136230469,25052100
2023-10-20 00:00:00-04:00,327.33246721104837,327.52983393285876,321.1454089520383,322.3492736816406,25027700
2023-10-23 00:00:00-04:00,321.16511950696747,328.3291035769389,320.0994175521123,324.9642028808594,24374700
2023-10-24 00:00:00-04:00,326.9180383730138,327.4509044784024,323.26699460452454,326.1582336425781,31153600
2023-10-25 00:00:00-04:00,340.4565021251705,341.6209174681372,333.15438596388094,336.1640625,55053800
2023-10-26 00:00:00-04:00,336.0357763758335,337.1113556219108,322.61565393783195,323.5531005859375,37828500
2023-10-27 00:00:00-04:00,326.0595486359888,332.2663621593789,324.0563997076813,325.44775390625,29856500
2023-10-30 00:00:00-04:00,329.00013092872786,334.9602508419378,327.4410120549132,332.8485412597656,22828100
2023-10-31 00:00:00-04:00,334.3681110770551,334.5161210370291,330.26313087484664,333.63787841796875,20265300
2023-11-01 00:00:00-04:00,335.29571010602456,342.82479524967096,335.15754738848574,341.4926452636719,28158800
2023-11-02 00:00:00-04:00,342.64715857381447,344.21612454156855,340.2098272647779,343.712890625,24348100
2023-11-03 00:00:00-04:00,345.00558172330744,349.70263264932424,342.73598488058093,348.1336364746094,23637700
2023-11-06 00:00:00-05:00,348.775021621636,352.810920650958,348.6763382726154,351.81427001953125,23828300
2023-11-07 00:00:00-05:00,354.6463243893139,357.66584833262294,352.8997464578491,355.7613830566406,25833900
2023-11-08 00:00:00-05:00,356.89617290299117,359.057208917739,355.78111421518867,358.3960876464844,26767800
2023-11-09 00:00:00-05:00,357.507940986345,359.96502688763604,355.5935984478297,355.91925048828125,24847300
2023-11-10 00:00:00-05:00,356.7086588455069,365.20479233824454,356.2942309369423,364.7804870605469,28042100
2023-11-13 00:00:00-05:00,363.3496563645731,363.59634968321416,361.0603351402409,361.83001708984375,19986500
2023-11-14 00:00:00-05:00,366.1027913524832,367.03036071346725,362.491197266639,365.37255859375,27683900
2023-11-15 00:00:00-05:00,367.1127890598003,368.94203087910716,362.9895794473633,365.5208740234375,26860100
2023-11-16 00:00:00-05:00,366.7963313628316,372.12584841205285,366.02508730065836,371.9478759765625,27182300
2023-11-17 00:00:00-05:00,369.41666104402844,370.1681406109191,362.8808648558553,365.6988830566406,40157000
2023-11-20 00:00:00-05:00,367.0534854259764,374.61761697588884,366.83595346489807,373.20367431640625,52465100
2023-11-21 00:00:00-05:00,371.45354494039043,371.9973597461241,366.9545954086588,368.8827209472656,28423100
2023-11-22 00:00:00-05:00,373.7573802099264,375.5272979461787,370.76138971842033,373.60906982421875,23345300
2023-11-24 00:00:00-05:00,373.09484194903376,373.72767308517814,370.92945022860397,373.1937255859375,10176600
2023-11-27 00:00:00-05:00,372.55105716724864,376.3677485982953,371.97758030717006,374.3605041503906,22179200
2023-11-28 00:00:00-05:00,374.1034504184605,378.70125333384794,373.91558054196696,378.4046325683594,20453100
2023-11-29 00:00:00-05:00,379.45276464211935,379.9866820647469,373.20369180829834,374.5978698730469,28963400
2023-11-30 00:00:00-05:00,374.2418662773965,375.82391411402256,371.2557732398662,374.65716552734375,30554400
2023-12-01 00:00:00-05:00,372.53132601143756,373.91560663875174,367.1424837202218,370.30657958984375,33040500
2023-12-04 00:00:00-05:00,364.9572361643586,365.37250519603646,358.8268127510661,364.9967956542969,32063300
2023-12-05 00:00:00-05:00,362.33701910752933,368.8925793974309,361.51631803473913,368.3388671875,23065000
2023-12-06 00:00:00-05:00,369.3474332518956,369.98023426556915,363.8992672788477,364.6606140136719,21182100
2023-12-07 00:00:00-05:00,364.0970268782678,367.28088706354185,362.208460944063,366.7864990234375,23118900
2023-12-08 00:00:00-05:00,365.0561509893791,370.2570927962262,364.0970369580223,370.0296936035156,20154400
2023-12-11 00:00:00-05:00,364.3442728660943,367.4292498483589,361.9909806315306,367.1325988769531,27708800
2023-12-12 00:00:00-05:00,366.6876305328375,370.2175685270605,366.301993361596,370.1780090332031,24838300
2023-12-13 00:00:00-05:00,371.7995959454895,373.40143865073276,366.60852117355006,370.1681213378906,30955500
2023-12-14 00:00:00-05:00,369.1200181959737,369.5649795287377,360.0430604780347,361.8228454589844,43277500
2023-12-15 00:00:00-05:00,362.7324834814476,368.22017823936244,362.16887391656695,366.5689392089844,78502300
2023-12-18 00:00:00-05:00,365.30334181505793,368.813484896194,364.5419649068583,368.4674072265625,21802900
2023-12-19 00:00:00-05:00,367.3204340997758,369.0705871582031,365.68895952374146,369.0705871582031,20603700
2023-12-20 00:00:00-05:00,370.7910493626897,371.80948757127044,366.3712188472843,366.460205078125,26316700
2023-12-21 00:00:00-05:00,368.3784007227526,370.2076424400769,365.8866959536453,369.347412109375,17708000
2023-12-22 00:00:00-05:00,369.4858399809148,370.9690041075322,368.5267259720335,370.375732421875,17107500
2023-12-26 00:00:00-05:00,370.7910447615306,372.70927284710115,369.3078805824845,370.4548645019531,12673100
2023-12-27 00:00:00-05:00,369.49572023830234,370.85033858302916,368.62559249642084,369.8714599609375,14905400
2023-12-28 00:00:00-05:00,371.1568878412429,372.23465019250256,369.9604771834302,371.0679016113281,14327000
2023-12-29 00:00:00-05:00,371.77980696276984,372.92679083929943,369.2881020982719,371.8193664550781,18730800
2024-01-02 00:00:00-05:00,369.6638284252025,371.68094017367383,362.65340930447013,366.7073974609375,25258600
2024-01-03 00:00:00-05:00,364.86827930524817,369.0705777416299,364.3738912539091,366.4404296875,23083500
2024-01-04 00:00:00-05:00,366.5096725142683,368.91239134112124,363.04895595417344,363.810302734375,20901500
2024-01-05 00:00:00-05:00,364.82871403903994,367.8840285269613,362.3864358970699,363.6224060058594,21004600
2024-01-08 00:00:00-05:00,365.1550098059731,370.988813066157,364.86828645661416,370.4845275878906,23134000
2024-01-09 00:00:00-05:00,367.8346318821267,371.76994171839436,367.0238281824233,371.57220458984375,20830000
2024-01-10 00:00:00-05:00,372.14565492996707,379.85812659429405,372.0962281951205,378.47381591796875,25514200
2024-01-11 00:00:00-05:00,381.66754557205917,386.2950101261023,376.1106291407019,380.31292724609375,27850800
2024-01-12 00:00:00-05:00,381.1632692761554,384.3174672848406,380.33270101643035,384.1098327636719,21661200
2024-01-16 00:00:00-05:00,389.2416139939335,389.6074563331201,383.2693977344923,385.8896484375,27202300
2024-01-17 00:00:00-05:00,383.6253964652766,385.73146439966996,380.4909626708054,385.0986633300781,22234100
2024-01-18 00:00:00-05:00,387.3234169753243,389.56792810197584,385.7413690092673,389.44927978515625,23392100
2024-01-19 00:00:00-05:00,391.31800122328355,394.1953430175781,389.0833577969474,394.1953430175781,29331100
2024-01-22 00:00:00-05:00,395.53021503062706,396.1234867411943,389.17239178292385,392.05963134765625,27016900
2024-01-23 00:00:00-05:00,391.30812148964645,394.8973833764225,389.5085418380042,394.4227600097656,20525900
2024-01-24 00:00:00-05:00,397.0331767370542,401.0772674984209,395.95541437351613,398.0417175292969,24867000
2024-01-25 00:00:00-05:00,399.78199083712803,402.44180116533613,398.0120730325646,400.3258056640625,21021200
2024-01-26 00:00:00-05:00,399.83136514404845,401.611180132996,397.91313719960004,399.39630126953125,17803300
2024-01-29 00:00:00-05:00,401.5024138062242,405.37842932819404,399.7918203197978,405.121337890625,24510200
2024-01-30 00:00:00-05:00,407.6328191397312,408.41393048382605,401.88803277214015,404.0039978027344,33477600
2024-01-31 00:00:00-05:00,402.39230877230926,410.65849256823645,392.7517419035558,393.1175842285156,47871100
2024-02-01 00:00:00-05:00,397.3198908735355,403.4206527472509,397.2902287972473,399.2480163574219,30657700
2024-02-02 00:00:00-05:00,399.27768793699545,408.0184653335539,399.03049390369324,406.6045227050781,28256700
2024-02-05 00:00:00-05:00,405.2993446059863,406.5452122317709,399.4556738410708,401.0970458984375,25352300
2024-02-06 00:00:00-05:00,401.3244494199643,403.3909878537456,398.38778318773774,400.9388122558594,18382600
2024-02-07 00:00:00-05:00,402.8669448083425,409.6499345085534,402.82738531452173,409.4027404785156,22340500
2024-02-08 00:00:00-05:00,409.40271198373665,410.89577347726316,407.89978324873107,409.4620361328125,21225300
2024-02-09 00:00:00-05:00,410.58927173757974,416.0967618057892,410.4310639420329,415.82977294921875,22032800
2024-02-12 00:00:00-05:00,415.83968350613833,416.0176559661079,410.0948966506066,410.59918212890625,21202900
2024-02-13 00:00:00-05:00,400.39503602074313,405.46746274434776,398.86244498390863,401.7595520019531,27824900
2024-02-14 00:00:00-05:00,404.2359976573727,405.9893567916934,400.76888180370327,405.64263916015625,20401200
2024-02-15 00:00:00-05:00,404.30537605508795,405.2860649354581,400.49154229797136,402.7402038574219,21825500
2024-02-16 00:00:00-05:00,404.12702357209685,404.45394000272717,399.64950189121174,400.263671875,22296500
2024-02-20 00:00:00-05:00,399.4513996951192,400.68965547755954,394.27055684913546,399.0056457519531,24307900
2024-02-21 00:00:00-05:00,396.41027241644326,398.51034941803397,393.4879766336977,398.4013671875,18518900
2024-02-22 00:00:00-05:00,406.3361048933316,408.95128532759105,404.7313302719457,407.7823791503906,27009900
2024-02-23 00:00:00-05:00,411.76461952225566,411.9528065802778,405.1275567366277,406.48468017578125,16295900
2024-02-26 00:00:00-05:00,407.5941823661443,408.2876177161092,403.5326972396102,403.7110290527344,16193500
2024-02-27 00:00:00-05:00,404.1567686089776,404.4836850623454,400.055681208624,403.6515808105469,14835800
2024-02-28 00:00:00-05:00,404.34495184803217,405.45442409031557,401.5118373886908,403.8892822265625,13183100
2024-02-29 00:00:00-05:00,404.80069987993255,410.3084593316979,402.1062540147567,409.75372314453125,31947300
2024-03-01 00:00:00-05:00,407.4059534745647,411.9627407983519,407.019633390637,411.5962219238281,17823400
2024-03-04 00:00:00-05:00,409.55556181237966,413.42882936527116,408.4460895147351,411.02166748046875,17596000
2024-03-05 00:00:00-05:00,410.07064779480004,410.3579315766557,396.875818269098,398.8669128417969,26919200
2024-03-06 00:00:00-05:00,399.1839622822259,401.35338891279406,394.6470062269907,398.3122253417969,22344100
2024-03-07 00:00:00-05:00,402.3043446808418,405.92996122894976,398.46079390642615,405.2959899902344,18718500
2024-03-08 00:00:00-05:00,404.1270542383835,406.56396338142315,400.5311546136932,402.4034118652344,18002200
2024-03-11 00:00:00-04:00,399.9665518757127,401.8684959158896,397.4900401967336,400.7193908691406,16120800
2024-03-12 00:00:00-04:00,403.79026068759885,411.66557971021905,402.96807213356095,411.3782958984375,22457000
2024-03-13 00:00:00-04:00,414.1717647960068,414.25099985774233,407.5842506420183,411.199951171875,17115900
2024-03-14 00:00:00-04:00,416.29166230285614,423.80046200765156,414.06280198030794,421.2248840332031,34157300
2024-03-15 00:00:00-04:00,415.3506293663728,418.62952831732593,408.9116991847294,412.5075988769531,45079900
2024-03-18 00:00:00-04:00,410.3579455831781,416.77707411837673,409.8923602232522,413.39910888671875,20106000
2024-03-19 00:00:00-04:00,413.90430223487067,417.7082504608342,411.6457249805596,417.45068359375,19837900
2024-03-20 00:00:00-04:00,418.0351385254577,421.95792425172124,416.7077319976527,421.23480224609375,17860100
2024-03-21 00:00:00-04:00,425.7915460992778,426.77226517382667,423.1466488448073,425.33587646484375,21296200
2024-03-22 00:00:00-04:00,425.6628247277611,425.8212948665726,422.0669250575301,424.7118225097656,17648500
2024-03-25 00:00:00-04:00,421.24472896152855,423.39435444173097,417.6488290976738,418.8870849609375,18060500
2024-03-26 00:00:00-04:00,421.6112012034168,421.9876357811286,417.3912462453885,417.68841552734375,16725600
2024-03-27 00:00:00-04:00,420.4522190231072,420.4621347429845,415.073243298201,417.4704895019531,16705000
2024-03-28 00:00:00-04:00,417.00488629896955,417.9063400745122,415.1821775398297,416.76715087890625,21871200
2024-04-01 00:00:00-04:00,419.9668236498753,423.8698081123032,418.253066843913,420.58099365234375,16316000
2024-04-02 00:00:00-04:00,416.1628866591322,418.41157846327263,413.91422508584526,417.48040771484375,17912000
2024-04-03 00:00:00-04:00,415.7864888048433,419.2833219106777,415.1524873360607,416.4997253417969,16502300
2024-04-04 00:00:00-04:00,420.9970106200101,424.6424582752883,413.6467419176705,413.9538269042969,19370900
2024-04-05 00:00:00-04:00,416.0638232237435,422.50275274464576,414.3896991298408,421.52203369140625,16554800
2024-04-08 00:00:00-04:00,421.1753671524619,423.26552832814343,419.32291117383534,420.6007995605469,14272400
2024-04-09 00:00:00-04:00,422.43343322697575,423.72120713043927,417.65871174097106,422.2749328613281,12496900
2024-04-10 00:00:00-04:00,418.223340545814,420.04604930389615,415.7567448715327,419.2832946777344,16216600
2024-04-11 00:00:00-04:00,421.8192626102262,425.33589688609106,418.39174889077384,423.909423828125,17966400
2024-04-12 00:00:00-04:00,420.06585947169174,421.1852474824693,415.82607308443,417.9360656738281,19253800
2024-04-15 00:00:00-04:00,422.5919509817317,422.80988521460824,409.54567440120263,409.75372314453125,20273500
2024-04-16 00:00:00-04:00,410.67492896476267,414.46893102886065,409.8428247838056,410.684814453125,16765600
2024-04-17 00:00:00-04:00,413.3297553873522,414.944445667743,406.4747584853447,407.9705810546875,15855500
2024-04-18 00:00:00-04:00,406.7719711724091,408.02014264055606,400.15473970896494,400.4717102050781,21029900
2024-04-19 00:00:00-04:00,400.23398957432255,401.67037838778936,394.03279488372993,395.3701171875,30565800
2024-04-22 00:00:00-04:00,396.3211036284112,399.0650979159109,392.0317987028659,397.1928405761719,20286900
2024-04-23 00:00:00-04:00,400.4419924205836,404.36480838898973,399.27308625210287,403.74072265625,15734500
2024-04-24 00:00:00-04:00,405.7120076101216,408.5946705531457,402.95812809887644,405.2167053222656,15065300
2024-04-25 00:00:00-04:00,390.3278942457317,396.1328524000204,384.3842671799505,395.29083251953125,40586500
2024-04-26 00:00:00-04:00,408.2975458887344,409.11973447484337,401.947766236858,402.50250244140625,29694700
2024-04-29 00:00:00-04:00,401.4425169456961,402.50247113048255,395.4394554463583,398.470703125,19582100
2024-04-30 00:00:00-04:00,397.71784459298715,398.3815629989462,385.51361848485345,385.6720886230469,28781400
2024-05-01 00:00:00-04:00,388.92127488428895,397.9456989138246,386.64289629476144,391.2294006347656,23562500
2024-05-02 00:00:00-04:00,393.9238407560063,396.1725023827848,390.9421111461168,394.1021423339844,17709400
2024-05-03 00:00:00-04:00,398.50041099944804,403.32465048849417,398.0843437724287,402.8392639160156,17446700
2024-05-06 00:00:00-04:00,404.91951364996123,410.0409220939022,402.55195433412575,409.65460205078125,16996600
2024-05-07 00:00:00-04:00,410.76410326855756,410.77401898833904,405.2464284421319,405.49407958984375,20018200
2024-05-08 00:00:00-04:00,404.33510268855184,408.356955043612,402.88879817126514,406.6828308105469,11792300
2024-05-09 00:00:00-04:00,406.71251747640963,408.842311213407,405.25632757821904,408.4460754394531,14689700
2024-05-10 00:00:00-04:00,409.06027703547176,411.47735474348696,407.9309732500374,410.8433532714844,13402300
2024-05-13 00:00:00-04:00,414.0826490844057,414.4194510292962,406.9601994102217,409.83294677734375,15440200
2024-05-14 00:00:00-04:00,408.14888698952717,413.56749523570926,407.68330162903794,412.646240234375,15109300
2024-05-15 00:00:00-04:00,414.7203513205961,420.58538800605515,414.095139906024,419.8609313964844,22239500
2024-05-16 00:00:00-04:00,418.59066930665216,422.18315151911617,417.151719986036,417.7868347167969,17530100
2024-05-17 00:00:00-04:00,419.32504512881616,419.7021586835379,414.84935049574557,417.01275634765625,15352200
2024-05-20 00:00:00-04:00,417.0127568242458,423.52284159685394,416.7944295178616,422.1037292480469,16272100
2024-05-21 00:00:00-04:00,423.58239750259565,429.6756950854867,421.6174819616407,425.7756042480469,21453300
2024-05-22 00:00:00-04:00,426.8176027078419,429.1199579656232,423.8801327186548,427.24432373046875,18073700
2024-05-23 00:00:00-04:00,429.6757070386861,430.3009184683396,422.183164058962,423.7511291503906,17211700
2024-05-24 00:00:00-04:00,423.9396813142882,427.7802311569624,421.180834455013,426.8870849609375,11855300
2024-05-28 00:00:00-04:00,426.3611154416687,427.54206361225715,423.3541707575322,427.0458679199219,15718000
2024-05-29 00:00:00-04:00,422.4510995765547,427.66115445230247,422.4510995765547,425.9046325683594,15517100
2024-05-30 00:00:00-04:00,421.071626093263,421.071626093263,411.08817181006793,411.5149230957031,28394500
2024-05-31 00:00:00-04:00,413.5791047255822,413.5791047255822,401.43224401056676,411.971435546875,47995300
2024-06-03 00:00:00-04:00,412.3683735171778,413.2615196687407,405.8086812773789,410.3736572265625,17484700
2024-06-04 00:00:00-04:00,409.2919776436919,413.27147684716857,406.56290129495756,412.904296875,14348900
2024-06-05 00:00:00-04:00,414.6310359031759,420.8533188907335,413.1325152430589,420.78387451171875,16988000
2024-06-06 00:00:00-04:00,420.7838485363347,422.07394512362515,417.37992333025653,421.2899475097656,14861300
2024-06-07 00:00:00-04:00,422.9572173477245,423.03659533238357,419.78155282449774,420.6250915527344,13621700
2024-06-10 00:00:00-04:00,421.4686381861944,424.8228956664724,420.664803577901,424.614501953125,13982900
2024-06-11 00:00:00-04:00,422.24267892962746,429.5268277427762,422.01441801832095,429.38787841796875,14551100
2024-06-12 00:00:00-04:00,432.00781534858527,440.0263242349242,429.9535579589742,437.7041320800781,22366200
2024-06-13 00:00:00-04:00,437.49575798146077,440.01644063600304,436.02700779586485,438.2201843261719,15960600
2024-06-14 00:00:00-04:00,434.94529966913103,439.7683376003339,433.39717151476515,439.2026672363281,13582000
2024-06-17 00:00:00-04:00,439.22250553797545,447.5089797746042,437.3667384679764,444.9585266113281,20790000
2024-06-18 00:00:00-04:00,446.28832386783046,446.7150751827561,441.50502038116036,442.9439697265625,17112500
2024-06-20 00:00:00-04:00,442.9042790324355,443.1325399619797,437.912551396736,442.3088684082031,19877400
2024-06-21 00:00:00-04:00,443.9760548608899,447.1516890658263,443.112679216781,446.3577880859375,34187100
2024-06-24 00:00:00-04:00,446.37762314479846,449.30518978099155,443.0134321712583,444.26385498046875,15913700
2024-06-25 00:00:00-04:00,444.8394216277891,447.98531552571586,443.3508346061679,447.5188903808594,16413400
2024-06-26 00:00:00-04:00,445.5837053034348,450.1487114593878,444.7798707523325,448.71966552734375,16507000
2024-06-27 00:00:00-04:00,448.73953390240615,452.6991961641024,448.3326497960473,449.4044494628906,14806300
2024-06-28 00:00:00-04:00,449.62274649126965,451.9151680373726,443.01341660893064,443.54931640625,28362300
2024-07-01 00:00:00-04:00,445.2463078469115,453.8900280472802,442.2691337894114,453.2549133300781,17662800
2024-07-02 00:00:00-04:00,449.75176594132466,456.0931308349297,449.6624240698802,455.7854919433594,13979800
2024-07-03 00:00:00-04:00,454.70380374999445,457.5122579984809,454.39616484845857,457.26416015625,9932800
2024-07-05 00:00:00-04:00,456.1129790053472,464.78650009669735,455.4778642825478,464.00250244140625,16000300
2024-07-08 00:00:00-04:00,463.0002048353039,464.14147919648303,460.92611040198074,462.69256591796875,12962300
2024-07-09 00:00:00-04:00,463.4467798855468,463.7742557192127,454.51525736098597,456.0435485839844,17207200
2024-07-10 00:00:00-04:00,457.71075666628917,462.91087784219644,455.36869724486377,462.7024841308594,18196100
2024-07-11 00:00:00-04:00,459.457386639418,461.2436790661222,448.1143297880847,451.2403869628906,23111200
2024-07-12 00:00:00-04:00,450.8731546278995,452.8877078833818,447.22116168053736,450.0990905761719,16324300
2024-07-15 00:00:00-04:00,449.85099950163277,453.7808911637112,447.99523247056425,450.5059814453125,14429400
2024-07-16 00:00:00-04:00,450.7640135601996,450.8433915449834,443.2615371548041,446.0997619628906,17175700
2024-07-17 00:00:00-04:00,439.22249954002416,441.46531376189114,435.8384412822571,440.1454162597656,21778000
2024-07-18 00:00:00-04:00,440.959204368169,441.2668432886357,431.09483113122303,437.0194091796875,20794800
2024-07-19 00:00:00-04:00,429.80471086507333,437.7835460054657,428.7130742947466,433.7841796875,20940400
2024-07-22 00:00:00-04:00,438.4286106688719,441.2172281155517,435.5705185548157,439.5698547363281,15808800
2024-07-23 00:00:00-04:00,440.52254806214466,444.9784061601368,439.7286470352855,441.46533203125,13107100
2024-07-24 00:00:00-04:00,437.0987963490377,438.12095826115956,424.3366274271562,425.63665771484375,26805800
2024-07-25 00:00:00-04:00,425.5374171635106,426.52980855641556,414.3333401430881,415.216552734375,29943800
2024-07-26 00:00:00-04:00,415.0180872010169,425.6565240052853,414.0951402007918,422.0342712402344,23583800
2024-07-29 00:00:00-04:00,428.29625878283395,428.86192913835873,421.4686315229256,423.4831848144531,15125800
2024-07-30 00:00:00-04:00,424.4656455012434,425.7855127211385,414.18445497765873,419.7021789550781,32687600
2024-07-31 00:00:00-04:00,417.30059719182844,418.57085701348217,409.07366373993483,415.1669616699219,42891400
2024-08-01 00:00:00-04:00,417.58836350695543,424.20759683358074,409.94693801865395,413.93634033203125,30296400
2024-08-02 00:00:00-04:00,409.35152365396425,411.84243578824686,401.2635397070065,405.3819580078125,29437900
2024-08-05 00:00:00-04:00,386.2089818321841,397.98866312927163,382.64626998707365,392.1434631347656,40709200
2024-08-06 00:00:00-04:00,396.9565662320286,402.5834388839359,395.4679791086585,396.56951904296875,24946500
2024-08-07 00:00:00-04:00,405.53080524275083,406.95982088699543,394.44578082628846,395.3984680175781,20650900
2024-08-08 00:00:00-04:00,399.3779702821044,402.77193167950935,396.8969919508049,399.6260681152344,20203000
2024-08-09 00:00:00-04:00,400.9559063701233,404.9453089972664,399.1993844500031,402.9307556152344,19276700
2024-08-12 00:00:00-04:00,403.9628500529108,405.64992758545134,401.1642989727411,403.7147521972656,16762900
2024-08-13 00:00:00-04:00,406.47360190831984,411.7928357179709,406.45376498247094,410.8599853515625,19414300
2024-08-14 00:00:00-04:00,411.64393908583247,414.54173528870035,409.3118435327495,413.6882629394531,18267000
2024-08-15 00:00:00-04:00,417.35676799168647,418.6591414148161,415.22923848625584,418.5796203613281,20752100
2024-08-16 00:00:00-04:00,418.15215435686315,418.8878379189571,414.87134183677813,416.0345458984375,22775600
2024-08-19 00:00:00-04:00,416.52170147668573,419.2954725526047,414.03625113553215,419.0767517089844,15234000
2024-08-20 00:00:00-04:00,419.24576369099765,423.3815262412174,419.18611531171354,422.32769775390625,16387600
2024-08-21 00:00:00-04:00,421.6118605911061,423.91836557959886,419.26561024554667,421.6715393066406,16067300
2024-08-22 00:00:00-04:00,421.8902550651885,424.30613578026436,412.1969990352219,413.13153076171875,19361900
2024-08-23 00:00:00-04:00,414.5532154876874,416.8199448280934,409.69166039420327,414.36431884765625,18493800
2024-08-26 00:00:00-04:00,413.94673947074824,414.85144695028356,408.9460150702165,411.08349609375,13152800
2024-08-27 00:00:00-04:00,410.4571501735566,411.9484202096587,407.8623548739229,411.43145751953125,13492900
2024-08-28 00:00:00-04:00,412.46544730687265,412.58474406521935,404.939496621488,408.2103576660156,14882700
2024-08-29 00:00:00-04:00,412.52511339470357,419.5937196899045,408.21037518945246,410.7156982421875,17045200
2024-08-30 00:00:00-04:00,413.18123450252676,415.0602190186727,409.7314285183125,414.7122802734375,24308300
2024-09-03 00:00:00-04:00,415.47780496274754,417.43634095322227,404.66112073149435,407.0570983886719,20313600
2024-09-04 00:00:00-04:00,403.5476443909062,408.8466109265116,402.01659855552833,406.5202331542969,15135800
2024-09-05 00:00:00-04:00,405.2476455783769,410.69576288507244,403.7663270914325,406.01318359375,14195500
2024-09-06 00:00:00-04:00,406.6793029587105,408.2600456523483,398.4673657515399,399.3621520996094,19609500
2024-09-09 00:00:00-04:00,404.8698768958274,406.27167441765806,399.8095040440946,403.3587341308594,15295100
2024-09-10 00:00:00-04:00,405.8243177579556,413.9069762623546,405.327227721672,411.7893981933594,19594300
2024-09-11 00:00:00-04:00,413.08181573237965,421.52239474938517,407.19625641616165,420.57794189453125,19266900
2024-09-12 00:00:00-04:00,420.84636566939764,424.8827343519594,417.30708702498356,424.514892578125,17395700
2024-09-13 00:00:00-04:00,423.3517078052634,429.31678853449597,422.98386601468917,428.0840148925781,15874600
2024-09-16 00:00:00-04:00,428.0939672962221,431.00690777681865,425.7278137476254,428.82965087890625,13834700
2024-09-17 00:00:00-04:00,437.6679140298658,439.27848092894993,429.75421863095636,432.6174621582031,18874200
2024-09-18 00:00:00-04:00,432.46835149823806,433.4923558065776,427.9050683956392,428.302734375,18898000
2024-09-19 00:00:00-04:00,438.6620972919553,438.9305149970845,434.3572804602649,436.1368713378906,21706600
2024-09-20 00:00:00-04:00,434.6754186759471,436.6836515284863,431.6928784161533,432.73675537109375,55167100
2024-09-23 00:00:00-04:00,431.75253779309,433.9198431554934,427.88519293448667,430.9870300292969,15128900
2024-09-24 00:00:00-04:00,430.4799988167568,430.82796793229323,423.62016194748605,426.67230224609375,17015800
2024-09-25 00:00:00-04:00,427.3284243659067,430.599285430914,426.0757780554542,429.59515380859375,13396400
2024-09-26 00:00:00-04:00,432.5578349333773,432.7666042682911,426.6325297741478,428.7998352050781,14492000
2024-09-27 00:00:00-04:00,429.0085608111411,429.3366572153901,424.982143776937,425.5289306640625,14896100
2024-09-30 00:00:00-04:00,425.7178520466358,427.9150119120048,422.8943842039572,427.7956848144531,16807300
2024-10-01 00:00:00-04:00,425.95648564338745,425.9863098334652,416.37257469880086,418.24163818359375,19092900
2024-10-02 00:00:00-04:00,420.12059464326444,420.35921848784164,414.28476256993423,414.70233154296875,16582300
2024-10-03 00:00:00-04:00,415.19943635003835,417.1082451347957,411.8788784861643,414.11578369140625,13686400
2024-10-04 00:00:00-04:00,415.8058857128688,417.30710741019845,412.554927626964,413.6385803222656,19169700
2024-10-07 00:00:00-04:00,413.5789195776064,414.68244492002515,406.6196589116371,407.1565246582031,20919800
2024-10-08 00:00:00-04:00,408.50859351504334,413.24090045920747,405.79450128292336,412.2964172363281,19229300
2024-10-09 00:00:00-04:00,413.4397013585542,417.93341460570645,411.88878290651843,415.0303955078125,14974300
2024-10-10 00:00:00-04:00,412.81342552487126,414.92108254210694,410.74551386798254,413.41986083984375,13848400
2024-10-11 00:00:00-04:00,413.7180885691892,414.70231708134946,410.84489374484957,413.89703369140625,14144900
2024-10-14 00:00:00-04:00,415.3386008817118,421.5721293976272,415.09005586184196,416.7006530761719,16653100
2024-10-15 00:00:00-04:00,419.7229298265709,420.02120204810905,412.84322081195853,416.3029479980469,18900200
2024-10-16 00:00:00-04:00,412.7537587941709,413.93680518127485,408.09105177334885,413.6982116699219,15508900
2024-10-17 00:00:00-04:00,419.9018679111856,420.0410676802283,413.17127995027164,414.2947082519531,14820000
2024-10-18 00:00:00-04:00,414.7122961104646,417.2076674979936,413.8374127793913,415.7263488769531,17145300
2024-10-21 00:00:00-04:00,413.6982202013397,416.5216880571269,411.3420182082338,416.3427429199219,14206100
2024-10-22 00:00:00-04:00,416.0544182638452,428.07405197206367,415.6070554250592,425.0219421386719,25482200
2024-10-23 00:00:00-04:00,428.35242251551375,428.5711433507003,420.0709156477079,422.1288757324219,19654400
2024-10-24 00:00:00-04:00,422.85460145374896,423.5008427798279,419.94166109145596,422.25811767578125,13581600
2024-10-25 00:00:00-04:00,424.2763085648032,430.0027653012564,424.0874119188817,425.658203125,16899100
2024-10-28 00:00:00-04:00,429.14776948636137,429.426138690306,423.8189485737485,424.1072692871094,14882400
2024-10-29 00:00:00-04:00,425.5090727531412,430.64899709836675,423.32186444879665,429.43609619140625,17644100
2024-10-30 00:00:00-04:00,434.8941538571239,435.9479823564893,429.5852356603292,430.0127258300781,29749100
2024-10-31 00:00:00-04:00,412.9426186903331,413.7379809491165,403.93534969689097,403.9850769042969,53971000
2024-11-01 00:00:00-04:00,406.6296190582037,413.0818383039077,405.12839737386855,407.981689453125,24230400
2024-11-04 00:00:00-05:00,407.414991879503,408.03140902561756,403.2096294840388,406.0827941894531,19672300
2024-11-05 00:00:00-05:00,405.99332524640585,412.4853201284023,405.7050045203228,409.0653381347656,17626000
2024-11-06 00:00:00-05:00,410.01974169679755,418.00300613139274,408.1307753660983,417.73455810546875,26681800
2024-11-07 00:00:00-05:00,418.8281688837221,424.3657590257446,417.43632288625736,422.9540100097656,19901800
2024-11-08 00:00:00-05:00,422.8446603519728,424.0177855133015,419.32525452801985,420.0808410644531,16891400
2024-11-11 00:00:00-05:00,420.0609408352946,422.3376216288976,413.5788978774876,415.57720947265625,24503300
2024-11-12 00:00:00-05:00,415.81581365023004,421.969790701444,414.77193671429194,420.5679931640625,19401200
2024-11-13 00:00:00-05:00,419.1860937392156,426.8313104637277,415.7760330857976,422.7253723144531,21502200
2024-11-14 00:00:00-05:00,422.526533184943,425.6780973820496,417.5556327945319,424.4055480957031,30246900
2024-11-15 00:00:00-05:00,417.3767027455775,420.3393400677491,411.23267692258383,412.5847473144531,28247600
2024-11-18 00:00:00-05:00,412.4554971706168,415.9649517435253,409.7016291897124,413.34033203125,24727000
2024-11-19 00:00:00-05:00,410.7057043157201,415.5076109291685,409.154785870871,415.3584899902344,18133500
2024-11-20 00:00:00-05:00,414.4438422518667,414.86141123218795,408.19044109637775,413.0718688964844,19191700
2024-11-21 00:00:00-05:00,417.8933391524707,418.1722655525636,408.7186214344056,411.2887268066406,20780200
2024-11-22 00:00:00-05:00,409.7944811664486,415.80138553605957,409.4856708735379,415.4029235839844,24814600
2024-11-25 00:00:00-05:00,416.7776323033626,419.46727321033643,413.2611532266888,417.1860656738281,27691100
2024-11-26 00:00:00-05:00,417.98300734363517,427.396826920373,417.24585120009374,426.350830078125,23458900
2024-11-27 00:00:00-05:00,423.48187093647766,425.5937771564677,420.4037088714897,421.3699951171875,18332400
2024-11-29 00:00:00-05:00,418.48107704362025,423.2527401453399,416.1998390930093,421.8381652832031,16271900
2024-12-02 00:00:00-05:00,419.9554423160969,431.3416594246016,419.69642835819553,429.32940673828125,20207200
2024-12-03 00:00:00-05:00,428.19374634076934,430.8136785324232,426.10178307894205,429.5485534667969,18302000
2024-12-04 00:00:00-05:00,431.3715193088951,437.98610309109085,430.973057365549,435.7447204589844,26009400
2024-12-05 00:00:00-05:00,436.24279326556575,442.95696954495514,434.4994957116604,440.9247741699219,21697800
2024-12-06 00:00:00-05:00,440.605999369761,444.3914637865622,440.0780304611881,441.87115478515625,18821000
2024-12-09 00:00:00-05:00,440.90485264962797,446.61288735234007,438.8128895478079,444.3117370605469,19144400
2024-12-10 00:00:00-05:00,442.68804835999237,447.89799856218906,439.9087252497819,441.632080078125,18469500
2024-12-11 00:00:00-05:00,442.34933339299914,448.6252234428676,442.34933339299914,447.2704162597656,19200200
2024-12-12 00:00:00-05:00,447.389907127457,454.4129240722559,447.389907127457,447.83819580078125,20834800
2024-12-13 00:00:00-05:00,446.722508676707,449.7010474581427,443.8734464678006,445.5569763183594,20177800
2024-12-16 00:00:00-05:00,445.5569810702514,450.4481798147897,443.57461233779367,449.8604431152344,23598800
2024-12-17 00:00:00-05:00,449.2826833242326,453.5462901057899,447.84819595840975,452.7194519042969,22733500
2024-12-18 00:00:00-05:00,449.59148560028365,450.9163784238889,435.34623528561843,435.71484375,24444500
2024-12-19 00:00:00-05:00,439.92861811038824,441.4826409757379,434.64892893973837,435.356201171875,22963700
2024-12-20 00:00:00-05:00,431.45120224609855,442.04049490082355,426.988379811487,434.9278564453125,64263700
2024-12-23 00:00:00-05:00,435.06732205874545,435.97384050264867,431.1722932989543,433.5830383300781,19152500
2024-12-24 00:00:00-05:00,432.9853009034494,437.9163547514511,432.52707119819956,437.6473693847656,7164500
2024-12-26 00:00:00-05:00,437.3983540840164,439.2512462781778,434.9577555797017,436.43206787109375,8194200
2024-12-27 00:00:00-05:00,432.9355230391817,433.5531436249425,424.71711987555517,428.881103515625,18117700
2024-12-30 00:00:00-05:00,424.42821148968693,425.91249514442245,420.2841404099869,423.2029113769531,13158700
2024-12-31 00:00:00-05:00,424.4680695178944,425.09566152109494,419.0489019483089,419.88568115234375,13246500
2025-01-02 00:00:00-05:00,423.90026204092493,424.43820240788705,413.2611726539346,416.97686767578125,16896500
2025-01-03 00:00:00-05:00,419.4672816518615,422.40599553232005,417.93320162542307,421.7286071777344,16662900
2025-01-06 00:00:00-05:00,426.3607841744266,432.6565862275622,423.85044657634234,426.21136474609375,20573600
2025-01-07 00:00:00-05:00,427.356962317073,429.00063686122985,419.18835553907815,420.7523498535156,18139100
2025-01-08 00:00:00-05:00,421.8381972488523,425.33476415419165,419.9255676122581,422.9339904785156,15054600
2025-01-10 00:00:00-05:00,423.0036976315441,423.0833778600729,413.4304875422897,417.345458984375,20201100
2025-01-13 00:00:00-05:00,413.6496498082875,416.8971739621178,410.71096634455273,415.5921936035156,17604800
2025-01-14 00:00:00-05:00,416.2098216251219,418.13242259689986,409.1469793562449,414.0780334472656,16935900
2025-01-15 00:00:00-05:00,417.52478252697114,426.51022596326726,416.6680604251186,424.6772766113281,19637800
2025-01-16 00:00:00-05:00,427.0581034768278,427.8450559110229,422.76461308505725,422.953857421875,15300000
2025-01-17 00:00:00-05:00,432.4274897834489,432.816010728012,426.53017961505896,427.3868713378906,26197500
2025-01-21 00:00:00-05:00,428.55235740588927,429.2496581837696,423.96996920550396,426.8588562011719,26085700
2025-01-22 00:00:00-05:00,435.8841949618168,445.55699830786784,434.3301720077898,444.4911193847656,27803800
2025-01-23 00:00:00-05:00,440.30716256200645,445.03897030447143,439.8090775364838,444.9991149902344,18389300
2025-01-24 00:00:00-05:00,443.4550766157881,444.9393603072831,439.70946738545626,442.3592834472656,15549500
2025-01-27 00:00:00-05:00,422.3860783898249,433.5332238334213,421.8780219291722,432.8956604003906,35647800
2025-01-28 00:00:00-05:00,432.93552501884864,446.66274757404807,429.72785612913765,445.4872741699219,23491700
2025-01-29 00:00:00-05:00,444.97921209968376,445.16848684550723,438.7132938317083,440.6358947753906,23581400
2025-01-30 00:00:00-05:00,417.1661258658952,421.24045777086803,411.57762641112805,413.4006042480469,54586300
2025-01-31 00:00:00-05:00,417.37536767699305,419.078810069406,413.32094799383236,413.4703674316406,34161900
2025-02-03 00:00:00-05:00,410.02361028085903,413.819015846871,407.09486781879804,409.3462219238281,25679100
2025-02-04 00:00:00-05:00,411.1094311345796,412.3347312724244,408.1707172498281,410.7906494140625,20532100
2025-02-05 00:00:00-05:00,410.7707509847515,412.2450632912695,408.82820710975375,411.7071533203125,16316700
2025-02-06 00:00:00-05:00,412.41441067873023,416.59833715024297,412.41441067873023,414.2274475097656,16309800
2025-02-07 00:00:00-05:00,414.8849302333569,417.0466023053385,406.5370200109021,408.1806945800781,22886800
2025-02-10 00:00:00-05:00,412.1255190561223,413.8688167120759,409.34622639599064,410.6412353515625,20817900
2025-02-11 00:00:00-05:00,408.0711332799312,410.9101937368833,407.7324086942097,409.8642272949219,18140600
2025-02-12 00:00:00-05:00,405.65041091349894,409.17686151888216,402.82129152637,407.4734191894531,19121700
2025-02-13 00:00:00-05:00,405.4412312140984,409.425911619151,404.80366775695455,408.9676818847656,23891700
2025-02-14 00:00:00-05:00,406.22818963820515,407.3438952203064,404.3255012113121,406.86572265625,22758500
2025-02-18 00:00:00-05:00,406.4374029097933,409.0274512633779,404.94314775203674,408.0711364746094,21423100
2025-02-19 00:00:00-05:00,406.31786140389937,413.8987012007662,406.0887313388178,413.18145751953125,24114200
2025-02-20 00:00:00-05:00,414.52900508229465,418.5416276159257,411.78404435480104,415.3674621582031,23508700
2025-02-21 00:00:00-05:00,416.57521868274245,417.28390907488637,407.14255413255484,407.4619445800781,27524800
2025-02-24 00:00:00-05:00,407.7614192904554,408.6198287275297,398.58825743588903,403.2596740722656,26443700
2025-02-25 00:00:00-05:00,400.3649855487621,401.18349019975926,395.9730546936776,397.17083740234375,29387400
2025-02-26 00:00:00-05:00,397.28064827533655,402.860400830509,393.5275288045757,398.99749755859375,19619000
2025-02-27 00:00:00-05:00,400.53467393026557,404.9964840093174,391.45137377356565,391.8106994628906,21127400
2025-02-28 00:00:00-05:00,391.94046026830176,396.9013540385077,385.86162375466716,396.26251220703125,32845700
2025-03-03 00:00:00-05:00,398.0891633417286,398.0891633417286,385.4523593369203,387.778076171875,23007700
2025-03-04 00:00:00-05:00,382.6974135187692,391.86058386063223,380.30181761040467,387.8978576660156,29342900
2025-03-05 00:00:00-05:00,388.62653647287385,400.9339589862258,388.09750890861034,400.2851257324219,23433100
2025-03-06 00:00:00-05:00,393.557486671848,401.4130601425524,391.9604125552081,396.1627197265625,23304600
2025-03-07 00:00:00-05:00,391.601087821307,394.07652376953155,384.83351327034705,392.5892639160156,22034100
2025-03-10 00:00:00-04:00,385.1329632711281,385.69193466137494,376.5287638766263,379.46337890625,32840100
2025-03-11 00:00:00-04:00,378.30548307291184,385.29265558349334,376.2193166501511,379.7528381347656,30380200
2025-03-12 00:00:00-04:00,382.2482670126177,384.5140963348653,378.2555969008229,382.5676574707031,24253600
2025-03-13 00:00:00-04:00,382.4578672121625,384.6139126915579,376.75833925298997,378.0758972167969,20473000
2025-03-14 00:00:00-04:00,379.0840519928303,389.51491455417886,378.81455773398244,387.84796142578125,19952800
2025-03-17 00:00:00-04:00,385.9913968692823,391.99036302361236,384.8634626840814,387.98773193359375,22474300
2025-03-18 00:00:00-04:00,386.36071271152235,386.6601507855219,380.4016513456866,382.81719970703125,19486900
2025-03-19 00:00:00-04:00,384.8235322758774,388.9659214939022,383.29633715100766,387.1093444824219,19185500
2025-03-20 00:00:00-04:00,385.0331131975468,391.07204471614995,382.5776297310475,386.131103515625,18470500
2025-03-21 00:00:00-04:00,382.5177544739553,391.0221306945889,382.09851071654674,390.54302978515625,39675900
2025-03-24 00:00:00-04:00,394.67543616141086,394.67543616141086,389.09568331150246,392.35968017578125,21004500
2025-03-25 00:00:00-04:00,393.19816458592396,395.63366532055824,391.9205113732519,394.4358825683594,15775000
2025-03-26 00:00:00-04:00,394.27618318122023,394.5856126855185,387.85797313035886,389.2554016113281,16108400
2025-03-27 00:00:00-04:00,389.4151007040484,391.5212195564284,386.6900923994873,389.8642578125,13766800
2025-03-28 00:00:00-04:00,387.36882809704144,388.4169222438939,376.2392666189567,378.1058349609375,21632000
2025-03-31 00:00:00-04:00,371.8573344110368,376.3790320336197,366.5670283067677,374.7021179199219,35184700
2025-04-01 00:00:00-04:00,373.96346276032,382.1484487727996,372.54608191207893,381.4896545410156,19689500
2025-04-02 00:00:00-04:00,377.2773862564683,384.3743428432238,375.92985398533636,381.43975830078125,16092600
2025-04-03 00:00:00-04:00,374.10321411915555,376.788287190408,368.67318036225987,372.42626953125,30198000
2025-04-04 00:00:00-04:00,363.4627502923482,373.9035742050073,358.8212773354498,359.18060302734375,49209900
2025-04-07 00:00:00-04:00,350.2370336524557,370.32015981776436,344.1581969485817,357.2042236328125,50425000
2025-04-08 00:00:00-04:00,367.585185716996,372.9652928837084,349.6081786868937,353.9102783203125,35868900
2025-04-09 00:00:00-04:00,352.8921435234206,392.50941370351666,352.45294739016697,389.7744140625,50199700
2025-04-10 00:00:00-04:00,381.3598744812396,383.19649903483815,367.12599611378243,380.65118408203125,38024400
2025-04-11 00:00:00-04:00,379.9425037151649,389.3352333779351,378.19571053548395,387.7381896972656,23839200
2025-04-14 00:00:00-04:00,392.4994245329486,393.92679674338564,383.5059256339463,387.0993347167969,19251200
2025-04-15 00:00:00-04:00,387.79806728846995,391.17187833074144,383.4560325474498,385.0231628417969,17199900
2025-04-16 00:00:00-04:00,379.97244183574617,380.9106912763521,367.32564600100716,370.92901611328125,21967800
2025-04-17 00:00:00-04:00,373.0651098854367,373.6340726815441,366.2176953329466,367.1060485839844,21120200
2025-04-21 00:00:00-04:00,362.1551460624454,363.8121077971333,355.01825440362086,358.4619140625,20807300
2025-04-22 00:00:00-04:00,362.7141283475077,367.09606804173376,359.20055908423666,366.1478271484375,19485000
2025-04-23 00:00:00-04:00,375.3708716590499,379.6929540391626,372.33643389707953,373.7039489746094,20545500
2025-04-24 00:00:00-04:00,375.01155205300716,387.7381880213899,374.5024768665421,386.59027099609375,22232300
2025-04-25 00:00:00-04:00,386.29083932956814,391.44138750936105,383.8952433175299,391.1319580078125,18973200
2025-04-28 00:00:00-04:00,391.241728610284,392.0202980494585,385.9315006090283,390.4432067871094,16579400
2025-04-29 00:00:00-04:00,390.5829324517716,394.3759872470841,389.66463540586307,393.31793212890625,14974000
2025-04-30 00:00:00-04:00,389.58477271143016,395.93313400867555,383.73552563819743,394.53570556640625,36461100
2025-05-01 00:00:00-04:00,430.3199808366381,436.1892106723326,424.12136912560175,424.6204528808594,58938100
2025-05-02 00:00:00-04:00,430.948839257634,438.63474141621873,429.20204608174254,434.48236083984375,30757400
2025-05-05 00:00:00-04:00,432.07675654489867,438.6946118778074,431.3181395047298,435.3707275390625,20136100
2025-05-06 00:00:00-04:00,431.408009380462,436.92787448428356,430.3798980651205,432.5159606933594,15104200
2025-05-07 00:00:00-04:00,433.04500054847074,437.3171563878889,430.319992206568,432.555908203125,23295300
2025-05-08 00:00:00-04:00,437.12748451655574,442.85698666150637,434.86165526525525,437.3670654296875,23491300
2025-05-09 00:00:00-04:00,439.19371771814804,439.93235195021686,435.08127232610667,437.9260559082031,15324200
2025-05-12 00:00:00-04:00,445.12281367736733,448.5465208630377,438.9740982732109,448.4367370605469,22821900
2025-05-13 00:00:00-04:00,446.9594623818115,449.8441812103938,444.54388351816056,448.3169860839844,23618800
2025-05-14 00:00:00-04:00,447.3187935842875,453.0682176126866,447.3187935842875,452.1099853515625,19902800
2025-05-15 00:00:00-04:00,450.7699890136719,456.19000244140625,450.42999267578125,453.1300048828125,21992300
2025-05-16 00:00:00-04:00,452.04998779296875,454.3599853515625,448.7300109863281,454.2699890136719,23849800
2025-05-19 00:00:00-04:00,450.8800048828125,459.5899963378906,450.79998779296875,458.8699951171875,21336500
2025-05-20 00:00:00-04:00,455.5899963378906,458.3399963378906,454.32000732421875,458.1700134277344,15441800
2025-05-21 00:00:00-04:00,454.57000732421875,457.7799987792969,451.80999755859375,452.57000732421875,19216900
2025-05-22 00:00:00-04:00,454.95001220703125,460.25,453.8999938964844,454.8599853515625,18025600
2025-05-23 00:00:00-04:00,449.9800109863281,453.69000244140625,448.9100036621094,450.17999267578125,16883500
2025-05-27 00:00:00-04:00,456.4800109863281,460.95001220703125,456.1199951171875,460.69000244140625,20974300
2025-05-28 00:00:00-04:00,461.2200012207031,462.5199890136719,456.92999267578125,457.3599853515625,17086300
2025-05-29 00:00:00-04:00,461.54998779296875,461.7200012207031,455.30999755859375,458.67999267578125,13974800
2025-05-30 00:00:00-04:00,459.7200012207031,461.67999267578125,455.5400085449219,460.3599853515625,34770500
2025-06-02 00:00:00-04:00,457.1400146484375,462.1099853515625,456.8900146484375,461.9700012207031,16626500
2025-06-03 00:00:00-04:00,461.4700012207031,464.1400146484375,460.8599853515625,462.9700012207031,15743800
2025-06-04 00:00:00-04:00,464.0,465.69000244140625,463.0199890136719,463.8699951171875,14162700
2025-06-05 00:00:00-04:00,464.9599914550781,469.6499938964844,464.0299987792969,467.67999267578125,20131700
2025-06-06 00:00:00-04:00,470.0899963378906,473.3399963378906,468.7799987792969,470.3800048828125,15285600
2025-06-09 00:00:00-04:00,469.70001220703125,473.42999267578125,468.6199951171875,472.75,16469900
2025-06-10 00:00:00-04:00,471.19000244140625,472.79998779296875,466.9599914550781,470.9200134277344,15375900
2025-06-11 00:00:00-04:00,470.0199890136719,475.4700012207031,469.6600036621094,472.6199951171875,16399200
2025-06-12 00:00:00-04:00,475.0199890136719,480.4200134277344,473.5199890136719,478.8699951171875,18950600
2025-06-13 00:00:00-04:00,476.4100036621094,479.17999267578125,472.760009765625,474.9599914550781,16814500
2025-06-16 00:00:00-04:00,475.2099914550781,480.69000244140625,475.0,479.1400146484375,15626100
2025-06-17 00:00:00-04:00,475.3999938964844,478.739990234375,474.0799865722656,478.0400085449219,15414100
2025-06-18 00:00:00-04:00,478.0,481.0,474.4599914550781,480.239990234375,17526500
2025-06-20 00:00:00-04:00,482.2300109863281,483.4599914550781,476.8699951171875,477.3999938964844,37576200
2025-06-23 00:00:00-04:00,478.2099914550781,487.75,472.510009765625,486.0,24864000
2025-06-24 00:00:00-04:00,488.95001220703125,491.8500061035156,486.79998779296875,490.1099853515625,22305600
2025-06-25 00:00:00-04:00,492.0400085449219,494.55999755859375,489.3900146484375,492.2699890136719,17495100
2025-06-26 00:00:00-04:00,492.9800109863281,498.0400085449219,492.80999755859375,497.45001220703125,21578900
2025-06-27 00:00:00-04:00,497.54998779296875,499.29998779296875,493.0299987792969,495.94000244140625,34539200
2025-06-30 00:00:00-04:00,497.0400085449219,500.760009765625,495.3299865722656,497.4100036621094,28369000
2025-07-01 00:00:00-04:00,496.4700012207031,498.04998779296875,490.9800109863281,492.04998779296875,19945400
2025-07-02 00:00:00-04:00,489.989990234375,493.5,488.70001220703125,491.0899963378906,16319600
2025-07-03 00:00:00-04:00,493.80999755859375,500.1300048828125,493.44000244140625,498.8399963378906,13984800
2025-07-07 00:00:00-04:00,497.3800048828125,498.75,495.2300109863281,497.7200012207031,13981600
2025-07-08 00:00:00-04:00,497.239990234375,498.20001220703125,494.1099853515625,496.6199951171875,11846600
2025-07-09 00:00:00-04:00,500.29998779296875,506.7799987792969,499.739990234375,503.510009765625,18659500
2025-07-10 00:00:00-04:00,503.04998779296875,504.44000244140625,497.75,501.4800109863281,16492100
2025-07-11 00:00:00-04:00,498.4700012207031,505.0299987792969,497.79998779296875,503.32000732421875,16459500
2025-07-14 00:00:00-04:00,501.5199890136719,503.9700012207031,501.0299987792969,503.0199890136719,12058800
2025-07-15 00:00:00-04:00,503.0199890136719,508.29998779296875,502.7900085449219,505.82000732421875,14927200
2025-07-16 00:00:00-04:00,505.17999267578125,506.7200012207031,501.8900146484375,505.6199951171875,15154400
2025-07-17 00:00:00-04:00,505.67999267578125,513.3699951171875,505.6199951171875,511.70001220703125,17503100
2025-07-18 00:00:00-04:00,514.47998046875,514.6400146484375,507.42999267578125,510.04998779296875,21209700
2025-07-21 00:00:00-04:00,506.7099914550781,512.0900268554688,505.54998779296875,510.05999755859375,14066800
2025-07-22 00:00:00-04:00,510.9700012207031,511.20001220703125,505.2699890136719,505.2699890136719,13868600
2025-07-23 00:00:00-04:00,506.75,506.7900085449219,500.70001220703125,505.8699951171875,16396600
2025-07-24 00:00:00-04:00,508.7699890136719,513.6699829101562,507.29998779296875,510.8800048828125,16107000
2025-07-25 00:00:00-04:00,512.469970703125,518.2899780273438,510.3599853515625,513.7100219726562,19125700
2025-07-28 00:00:00-04:00,514.0800170898438,515.0,510.1199951171875,512.5,14308000
2025-07-29 00:00:00-04:00,515.530029296875,517.6199951171875,511.55999755859375,512.5700073242188,16469200
2025-07-30 00:00:00-04:00,515.1699829101562,515.9500122070312,509.44000244140625,513.239990234375,26380400
2025-07-31 00:00:00-04:00,555.22998046875,555.4500122070312,531.9000244140625,533.5,51617300
2025-08-01 00:00:00-04:00,535.0,535.7999877929688,520.8599853515625,524.1099853515625,28955600
